0 -23300.000000
1 -23484.000000
2 -23132.000000
3 -23212.000000
4 -23012.000000
5 -23200.000000
6 -23148.000000
7 -23736.000000
8 -23500.000000
9 -22964.000000
10 -22996.000000
11 -23136.000000
12 -23272.000000
13 -23728.000000
14 -23328.000000
15 -23496.000000
16 -23304.000000
17 -23616.000000
18 -23560.000000
19 -23912.000000
20 -23828.000000
21 -23848.000000
22 -23596.000000
23 -23748.000000
24 -23600.000000
25 -23572.000000
26 -23444.000000
27 -23728.000000
28 -24104.000000
29 -23836.000000
30 -23572.000000
31 -23668.000000
32 -23780.000000
33 -23788.000000
34 -24040.000000
35 -23452.000000
36 -23128.000000
37 -23536.000000
38 -23412.000000
39 -23352.000000
40 -23544.000000
41 -23712.000000
42 -23584.000000
43 -23536.000000
44 -23656.000000
45 -23720.000000
46 -23832.000000
47 -23952.000000
48 -23608.000000
49 -23712.000000
50 -23772.000000
51 -23600.000000
52 -23232.000000
53 -23240.000000
54 -23440.000000
55 -23864.000000
56 -23788.000000
57 -23276.000000
58 -23072.000000
59 -23012.000000
60 -23048.000000
61 -23192.000000
62 -23160.000000
63 -23456.000000
64 -23536.000000
65 -23176.000000
66 -22884.000000
67 -23312.000000
68 -23748.000000
69 -23712.000000
70 -24124.000000
71 -23960.000000
72 -23468.000000
73 -23460.000000
74 -24004.000000
75 -23600.000000
76 -23372.000000
77 -23536.000000
78 -23216.000000
79 -23052.000000
80 -23320.000000
81 -23752.000000
82 -23652.000000
83 -23292.000000
84 -23468.000000
85 -23268.000000
86 -23404.000000
87 -22988.000000
88 -23308.000000
89 -23164.000000
90 -23500.000000
91 -23252.000000
92 -23236.000000
93 -23276.000000
94 -23364.000000
95 -23740.000000
96 -23464.000000
97 -23580.000000
98 -23652.000000
99 -23244.000000
100 -23504.000000
101 -23644.000000
102 -23488.000000
103 -23780.000000
104 -23384.000000
105 -23520.000000
106 -23348.000000
107 -23568.000000
108 -23524.000000
109 -23516.000000
110 -23032.000000
111 -23036.000000
112 -23284.000000
113 -23500.000000
114 -23452.000000
115 -23416.000000
116 -23228.000000
117 -23588.000000
118 -24064.000000
119 -23640.000000
120 -23544.000000
121 -23516.000000
122 -23884.000000
123 -24256.000000
124 -24212.000000
125 -24052.000000
126 -23920.000000
127 -23728.000000
128 -23408.000000
129 -22976.000000
130 -23056.000000
131 -23352.000000
132 -23472.000000
133 -23528.000000
134 -23980.000000
135 -23272.000000
136 -23488.000000
137 -23840.000000
138 -23668.000000
139 -23288.000000
140 -23524.000000
141 -23772.000000
142 -23676.000000
143 -23364.000000
144 -23552.000000
145 -23464.000000
146 -23616.000000
147 -23552.000000
148 -23532.000000
149 -23864.000000
150 -24020.000000
151 -24036.000000
152 -23992.000000
153 -24084.000000
154 -23748.000000
155 -23832.000000
156 -23932.000000
157 -23756.000000
158 -23196.000000
159 -23408.000000
160 -23556.000000
161 -23404.000000
162 -23552.000000
163 -23132.000000
164 -23552.000000
165 -23148.000000
166 -23352.000000
167 -23316.000000
168 -23576.000000
169 -23920.000000
170 -23500.000000
171 -23440.000000
172 -23176.000000
173 -23292.000000
174 -23076.000000
175 -23484.000000
176 -23652.000000
177 -23444.000000
178 -23332.000000
179 -23128.000000
180 -23476.000000
181 -23040.000000
182 -23196.000000
183 -23400.000000
184 -23428.000000
185 -23632.000000
186 -24112.000000
187 -24148.000000
188 -23584.000000
189 -23624.000000
190 -23540.000000
191 -23884.000000
192 -23740.000000
193 -23632.000000
194 -23048.000000
195 -23292.000000
196 -23804.000000
197 -23652.000000
198 -24032.000000
199 -24084.000000
200 -24228.000000
201 -24432.000000
202 -24432.000000
203 -24288.000000
204 -23552.000000
205 -24024.000000
206 -23688.000000
207 -23796.000000
208 -23832.000000
209 -23772.000000
210 -23992.000000
211 -24064.000000
212 -23696.000000
213 -23920.000000
214 -24204.000000
215 -23840.000000
216 -24140.000000
217 -24184.000000
218 -23708.000000
219 -24120.000000
220 -24112.000000
221 -24248.000000
222 -24424.000000
223 -24264.000000
224 -24284.000000
225 -24388.000000
226 -24224.000000
227 -24468.000000
228 -24096.000000
229 -23732.000000
230 -24044.000000
231 -24076.000000
232 -24112.000000
233 -23824.000000
234 -23968.000000
235 -23992.000000
236 -23748.000000
237 -23376.000000
238 -23572.000000
239 -23572.000000
240 -23692.000000
241 -23520.000000
242 -23536.000000
243 -23708.000000
244 -23956.000000
245 -24072.000000
246 -23992.000000
247 -24016.000000
248 -24032.000000
249 -24344.000000
250 -23700.000000
251 -23396.000000
252 -23788.000000
253 -23344.000000
254 -23700.000000
255 -23592.000000
256 -23592.000000
257 -23644.000000
258 -23900.000000
259 -23896.000000
260 -23800.000000
261 -23912.000000
262 -23992.000000
263 -23868.000000
264 -23732.000000
265 -23640.000000
266 -24024.000000
267 -24172.000000
268 -24180.000000
269 -23788.000000
270 -23884.000000
271 -23600.000000
272 -23428.000000
273 -23416.000000
274 -23848.000000
275 -23848.000000
276 -23804.000000
277 -24092.000000
278 -24000.000000
279 -24316.000000
280 -24052.000000
281 -24092.000000
282 -24232.000000
283 -24472.000000
284 -24520.000000
285 -24096.000000
286 -23816.000000
287 -23836.000000
288 -23972.000000
289 -23820.000000
290 -23928.000000
291 -23676.000000
292 -23584.000000
293 -23620.000000
294 -23552.000000
295 -23976.000000
296 -23836.000000
297 -23656.000000
298 -23560.000000
299 -23736.000000
300 -23728.000000
301 -23440.000000
302 -23444.000000
303 -23596.000000
304 -23520.000000
305 -23496.000000
306 -23712.000000
307 -23636.000000
308 -23632.000000
309 -23636.000000
310 -23556.000000
311 -24212.000000
312 -24316.000000
313 -24248.000000
314 -23748.000000
315 -23652.000000
316 -24068.000000
317 -23760.000000
318 -23812.000000
319 -23752.000000
320 -23800.000000
321 -24168.000000
322 -23996.000000
323 -23796.000000
324 -23936.000000
325 -23788.000000
326 -24048.000000
327 -24044.000000
328 -23656.000000
329 -23636.000000
330 -24096.000000
331 -24052.000000
332 -24196.000000
333 -24280.000000
334 -24300.000000
335 -24176.000000
336 -24132.000000
337 -23964.000000
338 -23852.000000
339 -24196.000000
340 -24300.000000
341 -24340.000000
342 -23864.000000
343 -24068.000000
344 -23976.000000
345 -24020.000000
346 -24132.000000
347 -23696.000000
348 -23912.000000
349 -23480.000000
350 -23628.000000
351 -23524.000000
352 -23332.000000
353 -23628.000000
354 -24068.000000
355 -23996.000000
356 -24028.000000
357 -23840.000000
358 -23956.000000
359 -24592.000000
360 -24272.000000
361 -24276.000000
362 -24556.000000
363 -24124.000000
364 -23828.000000
365 -23696.000000
366 -23960.000000
367 -23908.000000
368 -23844.000000
369 -24068.000000
370 -23868.000000
371 -24468.000000
372 -24160.000000
373 -24372.000000
374 -24312.000000
375 -23920.000000
376 -23924.000000
377 -24088.000000
378 -24076.000000
379 -24064.000000
380 -23688.000000
381 -23748.000000
382 -24108.000000
383 -23776.000000
384 -24004.000000
385 -24256.000000
386 -23956.000000
387 -24036.000000
388 -23948.000000
389 -24160.000000
390 -24152.000000
391 -24368.000000
392 -24180.000000
393 -23920.000000
394 -24040.000000
395 -23728.000000
396 -23756.000000
397 -24328.000000
398 -24096.000000
399 -24132.000000
400 -23660.000000
401 -23896.000000
402 -24168.000000
403 -23872.000000
404 -23708.000000
405 -23820.000000
406 -23800.000000
407 -23744.000000
408 -23300.000000
409 -23484.000000
410 -23264.000000
411 -23692.000000
412 -23432.000000
413 -23364.000000
414 -24080.000000
415 -24288.000000
416 -24140.000000
417 -24144.000000
418 -23780.000000
419 -23964.000000
420 -24152.000000
421 -23988.000000
422 -23296.000000
423 -23212.000000
424 -23520.000000
425 -23468.000000
426 -23700.000000
427 -23676.000000
428 -23916.000000
429 -23736.000000
430 -23796.000000
431 -23512.000000
432 -23876.000000
433 -23956.000000
434 -23680.000000
435 -23904.000000
436 -23940.000000
437 -24144.000000
438 -23896.000000
439 -23800.000000
440 -23888.000000
441 -23784.000000
442 -23576.000000
443 -23680.000000
444 -23304.000000
445 -23416.000000
446 -23696.000000
447 -23208.000000
448 -23640.000000
449 -23924.000000
450 -24368.000000
451 -23756.000000
452 -23688.000000
453 -23988.000000
454 -24080.000000
455 -24240.000000
456 -24112.000000
457 -23472.000000
458 -23356.000000
459 -23540.000000
460 -23404.000000
461 -23864.000000
462 -24104.000000
463 -23892.000000
464 -23884.000000
465 -23740.000000
466 -24012.000000
467 -24068.000000
468 -24196.000000
469 -23940.000000
470 -24028.000000
471 -24056.000000
472 -24204.000000
473 -24044.000000
474 -24480.000000
475 -24320.000000
476 -24132.000000
477 -24308.000000
478 -24536.000000
479 -24472.000000
480 -24436.000000
481 -24668.000000
482 -24200.000000
483 -24132.000000
484 -24528.000000
485 -24156.000000
486 -23852.000000
487 -24124.000000
488 -24044.000000
489 -24216.000000
490 -23636.000000
491 -23764.000000
492 -23888.000000
493 -24128.000000
494 -24252.000000
495 -24252.000000
496 -24244.000000
497 -24276.000000
498 -23988.000000
499 -23948.000000
500 -24040.000000
501 -23776.000000
502 -24072.000000
503 -23824.000000
504 -24144.000000
505 -24180.000000
506 -23956.000000
507 -24284.000000
508 -24384.000000
509 -24164.000000
510 -24592.000000
511 -24244.000000
512 -23952.000000
513 -24240.000000
514 -23504.000000
515 -23804.000000
516 -23644.000000
517 -23436.000000
518 -23504.000000
519 -23764.000000
520 -23976.000000
521 -24332.000000
522 -24112.000000
523 -23820.000000
524 -23404.000000
525 -23372.000000
526 -23732.000000
527 -23516.000000
528 -23536.000000
529 -23896.000000
530 -24176.000000
531 -23780.000000
532 -23452.000000
533 -23372.000000
534 -23660.000000
535 -23640.000000
536 -23912.000000
537 -23588.000000
538 -23428.000000
539 -23716.000000
540 -24024.000000
541 -23796.000000
542 -24012.000000
543 -23996.000000
544 -24184.000000
545 -23928.000000
546 -24032.000000
547 -24168.000000
548 -24032.000000
549 -24128.000000
550 -23852.000000
551 -23372.000000
552 -23500.000000
553 -23520.000000
554 -23476.000000
555 -23228.000000
556 -23308.000000
557 -23636.000000
558 -23584.000000
559 -22784.000000
560 -22600.000000
561 -22644.000000
562 -23408.000000
563 -23324.000000
564 -23524.000000
565 -23500.000000
566 -23372.000000
567 -23724.000000
568 -23880.000000
569 -23660.000000
570 -23852.000000
571 -23648.000000
572 -24136.000000
573 -23880.000000
574 -23844.000000
575 -23756.000000
576 -23500.000000
577 -23224.000000
578 -23664.000000
579 -23800.000000
580 -23912.000000
581 -23404.000000
582 -23380.000000
583 -23580.000000
584 -23356.000000
585 -23360.000000
586 -24020.000000
587 -24124.000000
588 -23788.000000
589 -23696.000000
590 -24100.000000
591 -23620.000000
592 -23864.000000
593 -23848.000000
594 -24040.000000
595 -23724.000000
596 -24104.000000
597 -24028.000000
598 -23576.000000
599 -23476.000000
600 -23692.000000
601 -23608.000000
602 -23440.000000
603 -23540.000000
604 -23440.000000
605 -23496.000000
606 -23688.000000
607 -23552.000000
608 -23632.000000
609 -23500.000000
610 -23552.000000
611 -23324.000000
612 -23232.000000
613 -23660.000000
614 -23164.000000
615 -23528.000000
616 -23556.000000
617 -22932.000000
618 -23620.000000
619 -23492.000000
620 -23500.000000
621 -23732.000000
622 -23752.000000
623 -23908.000000
624 -24016.000000
625 -23968.000000
626 -23816.000000
627 -23884.000000
628 -24436.000000
629 -23896.000000
630 -23948.000000
631 -23932.000000
632 -24052.000000
633 -23692.000000
634 -23324.000000
635 -23624.000000
636 -23732.000000
637 -24012.000000
638 -23988.000000
639 -23424.000000
640 -23560.000000
641 -23432.000000
642 -23540.000000
643 -23888.000000
644 -24264.000000
645 -24108.000000
646 -23580.000000
647 -23528.000000
648 -23744.000000
649 -23496.000000
650 -23452.000000
651 -23448.000000
652 -23540.000000
653 -23412.000000
654 -23352.000000
655 -23556.000000
656 -23684.000000
657 -23836.000000
658 -24156.000000
659 -23472.000000
660 -23492.000000
661 -23460.000000
662 -23912.000000
663 -23632.000000
664 -23800.000000
665 -23372.000000
666 -23420.000000
667 -23296.000000
668 -23244.000000
669 -23796.000000
670 -23852.000000
671 -23756.000000
672 -23868.000000
673 -23872.000000
674 -23688.000000
675 -23532.000000
676 -23256.000000
677 -23616.000000
678 -23564.000000
679 -23328.000000
680 -23756.000000
681 -23968.000000
682 -23952.000000
683 -23684.000000
684 -23936.000000
685 -24280.000000
686 -23784.000000
687 -24120.000000
688 -23596.000000
689 -23640.000000
690 -23556.000000
691 -23688.000000
692 -23348.000000
693 -23756.000000
694 -24084.000000
695 -23900.000000
696 -23776.000000
697 -23444.000000
698 -23396.000000
699 -23308.000000
700 -23468.000000
701 -23616.000000
702 -23744.000000
703 -23500.000000
704 -23924.000000
705 -23608.000000
706 -23292.000000
707 -22968.000000
708 -22824.000000
709 -23240.000000
710 -23564.000000
711 -23252.000000
712 -23452.000000
713 -22968.000000
714 -23564.000000
715 -23348.000000
716 -23544.000000
717 -23740.000000
718 -23500.000000
719 -23092.000000
720 -23524.000000
721 -23572.000000
722 -23372.000000
723 -23216.000000
724 -23164.000000
725 -23132.000000
726 -23276.000000
727 -23644.000000
728 -23848.000000
729 -23620.000000
730 -23588.000000
731 -23528.000000
732 -23492.000000
733 -23548.000000
734 -23688.000000
735 -23516.000000
736 -23672.000000
737 -23876.000000
738 -23740.000000
739 -23952.000000
740 -24200.000000
741 -24104.000000
742 -24184.000000
743 -23592.000000
744 -23476.000000
745 -23332.000000
746 -23208.000000
747 -23376.000000
748 -23732.000000
749 -23964.000000
750 -24088.000000
751 -24160.000000
752 -24268.000000
753 -24280.000000
754 -24008.000000
755 -23940.000000
756 -24256.000000
757 -23900.000000
758 -24032.000000
759 -24116.000000
760 -23564.000000
761 -23620.000000
762 -23504.000000
763 -23320.000000
764 -23632.000000
765 -23708.000000
766 -23028.000000
767 -23392.000000
768 -23356.000000
769 -23300.000000
770 -23540.000000
771 -23628.000000
772 -23588.000000
773 -23528.000000
774 -23204.000000
775 -23660.000000
776 -23640.000000
777 -23200.000000
778 -23624.000000
779 -23688.000000
780 -23576.000000
781 -23836.000000
782 -23780.000000
783 -23448.000000
784 -23316.000000
785 -23780.000000
786 -23552.000000
787 -23724.000000
788 -23744.000000
789 -23708.000000
790 -23652.000000
791 -23500.000000
792 -23300.000000
793 -23400.000000
794 -23796.000000
795 -23688.000000
796 -23888.000000
797 -23756.000000
798 -24300.000000
799 -24204.000000
800 -24364.000000
801 -24200.000000
802 -23884.000000
803 -24344.000000
804 -24152.000000
805 -24104.000000
806 -23940.000000
807 -24160.000000
808 -24272.000000
809 -24272.000000
810 -24088.000000
811 -24196.000000
812 -24380.000000
813 -23976.000000
814 -24320.000000
815 -23976.000000
816 -23888.000000
817 -24016.000000
818 -24048.000000
819 -23996.000000
820 -23568.000000
821 -23972.000000
822 -23516.000000
823 -23340.000000
824 -23548.000000
825 -24016.000000
826 -24120.000000
827 -23788.000000
828 -23404.000000
829 -23396.000000
830 -23988.000000
831 -23924.000000
832 -23956.000000
833 -23804.000000
834 -23796.000000
835 -23624.000000
836 -23480.000000
837 -23820.000000
838 -24036.000000
839 -23972.000000
840 -24148.000000
841 -24212.000000
842 -24460.000000
843 -24404.000000
844 -23768.000000
845 -24172.000000
846 -24200.000000
847 -24532.000000
848 -24616.000000
849 -23992.000000
850 -24004.000000
851 -23572.000000
852 -23688.000000
853 -23996.000000
854 -24212.000000
855 -24520.000000
856 -23876.000000
857 -23780.000000
858 -23744.000000
859 -23468.000000
860 -23596.000000
861 -23832.000000
862 -23948.000000
863 -24052.000000
864 -23520.000000
865 -24128.000000
866 -24068.000000
867 -24144.000000
868 -24160.000000
869 -23888.000000
870 -23992.000000
871 -24036.000000
872 -23736.000000
873 -23780.000000
874 -23980.000000
875 -23340.000000
876 -23508.000000
877 -23876.000000
878 -23588.000000
879 -23484.000000
880 -23324.000000
881 -23444.000000
882 -23900.000000
883 -23672.000000
884 -23888.000000
885 -23752.000000
886 -23600.000000
887 -23276.000000
888 -23820.000000
889 -23564.000000
890 -23572.000000
891 -23528.000000
892 -23484.000000
893 -23316.000000
894 -23800.000000
895 -24004.000000
896 -23908.000000
897 -23888.000000
898 -24256.000000
899 -24084.000000
900 -23716.000000
901 -24224.000000
902 -24000.000000
903 -24036.000000
904 -23740.000000
905 -23404.000000
906 -23252.000000
907 -23556.000000
908 -23876.000000
909 -23892.000000
910 -23188.000000
911 -23824.000000
912 -23732.000000
913 -23752.000000
914 -23368.000000
915 -23344.000000
916 -23316.000000
917 -23504.000000
918 -23268.000000
919 -23244.000000
920 -23328.000000
921 -23052.000000
922 -22864.000000
923 -23000.000000
924 -22884.000000
925 -22732.000000
926 -22588.000000
927 -22872.000000
928 -23168.000000
929 -23108.000000
930 -23312.000000
931 -23144.000000
932 -23412.000000
933 -23664.000000
934 -23876.000000
935 -23848.000000
936 -23892.000000
937 -23792.000000
938 -23592.000000
939 -24004.000000
940 -24056.000000
941 -23896.000000
942 -23908.000000
943 -24400.000000
944 -24600.000000
945 -24548.000000
946 -24168.000000
947 -23416.000000
948 -23488.000000
949 -23644.000000
950 -23480.000000
951 -23560.000000
952 -23520.000000
953 -23832.000000
954 -23604.000000
955 -23736.000000
956 -23556.000000
957 -23988.000000
958 -23976.000000
959 -24092.000000
960 -23668.000000
961 -23120.000000
962 -23212.000000
963 -23580.000000
964 -23692.000000
965 -23920.000000
966 -23364.000000
967 -23076.000000
968 -23636.000000
969 -23576.000000
970 -23880.000000
971 -23644.000000
972 -23424.000000
973 -23772.000000
974 -23632.000000
975 -23828.000000
976 -23628.000000
977 -23844.000000
978 -23796.000000
979 -23600.000000
980 -23876.000000
981 -23832.000000
982 -23608.000000
983 -23760.000000
984 -24092.000000
985 -23968.000000
986 -23776.000000
987 -23724.000000
988 -24284.000000
989 -24460.000000
990 -24404.000000
991 -24156.000000
992 -24188.000000
993 -23936.000000
994 -23896.000000
995 -23736.000000
996 -23608.000000
997 -23560.000000
998 -23380.000000
999 -23964.000000
1000 -24072.000000
1001 -23856.000000
1002 -23440.000000
1003 -23624.000000
1004 -23468.000000
1005 -23452.000000
1006 -23028.000000
1007 -23356.000000
1008 -23436.000000
1009 -23376.000000
1010 -22904.000000
1011 -23504.000000
1012 -23576.000000
1013 -24084.000000
1014 -24460.000000
1015 -24508.000000
1016 -24072.000000
1017 -23780.000000
1018 -23464.000000
1019 -23640.000000
1020 -23728.000000
1021 -23804.000000
1022 -23740.000000
1023 -24020.000000
1024 -24092.000000
1025 -24172.000000
1026 -24348.000000
1027 -24048.000000
1028 -24012.000000
1029 -23840.000000
1030 -23232.000000
1031 -23608.000000
1032 -23808.000000
1033 -23592.000000
1034 -23644.000000
1035 -23680.000000
1036 -23808.000000
1037 -23452.000000
1038 -23960.000000
1039 -23836.000000
1040 -23420.000000
1041 -23804.000000
1042 -23728.000000
1043 -23732.000000
1044 -23520.000000
1045 -23248.000000
1046 -23948.000000
1047 -23844.000000
1048 -23868.000000
1049 -24092.000000
1050 -23588.000000
1051 -23652.000000
1052 -23680.000000
1053 -23360.000000
1054 -23452.000000
1055 -23344.000000
1056 -23552.000000
1057 -23576.000000
1058 -23324.000000
1059 -23480.000000
1060 -23304.000000
1061 -23496.000000
1062 -23440.000000
1063 -23264.000000
1064 -23196.000000
1065 -23352.000000
1066 -23444.000000
1067 -23304.000000
1068 -23884.000000
1069 -23712.000000
1070 -23616.000000
1071 -23920.000000
1072 -23944.000000
1073 -23876.000000
1074 -23508.000000
1075 -23424.000000
1076 -23504.000000
1077 -23188.000000
1078 -22988.000000
1079 -22852.000000
1080 -22748.000000
1081 -22784.000000
1082 -23472.000000
1083 -23416.000000
1084 -23816.000000
1085 -23928.000000
1086 -23548.000000
1087 -23916.000000
1088 -23648.000000
1089 -23712.000000
1090 -23600.000000
1091 -23408.000000
1092 -23312.000000
1093 -22972.000000
1094 -22780.000000
1095 -23252.000000
1096 -23304.000000
1097 -23164.000000
1098 -23380.000000
1099 -23780.000000
1100 -23576.000000
1101 -23920.000000
1102 -23448.000000
1103 -23804.000000
1104 -22900.000000
1105 -23224.000000
1106 -23520.000000
1107 -23404.000000
1108 -23808.000000
1109 -23672.000000
1110 -23644.000000
1111 -23380.000000
1112 -23372.000000
1113 -23288.000000
1114 -23188.000000
1115 -23168.000000
1116 -22728.000000
1117 -23032.000000
1118 -23024.000000
1119 -23304.000000
1120 -23572.000000
1121 -23500.000000
1122 -23624.000000
1123 -23540.000000
1124 -23672.000000
1125 -23280.000000
1126 -23928.000000
1127 -23976.000000
1128 -23968.000000
1129 -24012.000000
1130 -23916.000000
1131 -24308.000000
1132 -23960.000000
1133 -23752.000000
1134 -23672.000000
1135 -23436.000000
1136 -23704.000000
1137 -23640.000000
1138 -23500.000000
1139 -23888.000000
1140 -23484.000000
1141 -23320.000000
1142 -23908.000000
1143 -23968.000000
1144 -23148.000000
1145 -23468.000000
1146 -22936.000000
1147 -23376.000000
1148 -23304.000000
1149 -23168.000000
1150 -23152.000000
1151 -23428.000000
1152 -23564.000000
1153 -23396.000000
1154 -23060.000000
1155 -22656.000000
1156 -22952.000000
1157 -22920.000000
1158 -22948.000000
1159 -22740.000000
1160 -22828.000000
1161 -23044.000000
1162 -23176.000000
1163 -23440.000000
1164 -23460.000000
1165 -23452.000000
1166 -23500.000000
1167 -23892.000000
1168 -23896.000000
1169 -23668.000000
1170 -23720.000000
1171 -23536.000000
1172 -22912.000000
1173 -23504.000000
1174 -23964.000000
1175 -23784.000000
1176 -23632.000000
1177 -23528.000000
1178 -23292.000000
1179 -23624.000000
1180 -23680.000000
1181 -23888.000000
1182 -23604.000000
1183 -23172.000000
1184 -23516.000000
1185 -23592.000000
1186 -23332.000000
1187 -23368.000000
1188 -23392.000000
1189 -23432.000000
1190 -23680.000000
1191 -23920.000000
1192 -24064.000000
1193 -23780.000000
1194 -23828.000000
1195 -23836.000000
1196 -23680.000000
1197 -23428.000000
1198 -23576.000000
1199 -23224.000000
1200 -23288.000000
1201 -23200.000000
1202 -23344.000000
1203 -23136.000000
1204 -23388.000000
1205 -23396.000000
1206 -23496.000000
1207 -23652.000000
1208 -23844.000000
1209 -24084.000000
1210 -23800.000000
1211 -23832.000000
1212 -23908.000000
1213 -23760.000000
1214 -23708.000000
1215 -24092.000000
1216 -24104.000000
1217 -23792.000000
1218 -24168.000000
1219 -24208.000000
1220 -23908.000000
1221 -24100.000000
1222 -23700.000000
1223 -24012.000000
1224 -23816.000000
1225 -24180.000000
1226 -24316.000000
1227 -23920.000000
1228 -24220.000000
1229 -23460.000000
1230 -23732.000000
1231 -23676.000000
1232 -23556.000000
1233 -23376.000000
1234 -23616.000000
1235 -23628.000000
1236 -23620.000000
1237 -23216.000000
1238 -23312.000000
1239 -23608.000000
1240 -23352.000000
1241 -23488.000000
1242 -23580.000000
1243 -23636.000000
1244 -23728.000000
1245 -23560.000000
1246 -23340.000000
1247 -23488.000000
1248 -23200.000000
1249 -23472.000000
1250 -23424.000000
1251 -23224.000000
1252 -23516.000000
1253 -23760.000000
1254 -24124.000000
1255 -23928.000000
1256 -23204.000000
1257 -23432.000000
1258 -23500.000000
1259 -23652.000000
1260 -23340.000000
1261 -23268.000000
1262 -23240.000000
1263 -23336.000000
1264 -23124.000000
1265 -22900.000000
1266 -23048.000000
1267 -23088.000000
1268 -23136.000000
1269 -23248.000000
1270 -22852.000000
1271 -23560.000000
1272 -23580.000000
1273 -23316.000000
1274 -23632.000000
1275 -23848.000000
1276 -23388.000000
1277 -23896.000000
1278 -23648.000000
1279 -23932.000000
1280 -23688.000000
1281 -23824.000000
1282 -24012.000000
1283 -23852.000000
1284 -23944.000000
1285 -23800.000000
1286 -23788.000000
1287 -23900.000000
1288 -23716.000000
1289 -23432.000000
1290 -23712.000000
1291 -23924.000000
1292 -23960.000000
1293 -23824.000000
1294 -24132.000000
1295 -23888.000000
1296 -23208.000000
1297 -23324.000000
1298 -23004.000000
1299 -23572.000000
1300 -23880.000000
1301 -23900.000000
1302 -24140.000000
1303 -24076.000000
1304 -23544.000000
1305 -23236.000000
1306 -23532.000000
1307 -23876.000000
1308 -23440.000000
1309 -23544.000000
1310 -23888.000000
1311 -24024.000000
1312 -23424.000000
1313 -23592.000000
1314 -23364.000000
1315 -23348.000000
1316 -23824.000000
1317 -23944.000000
1318 -24080.000000
1319 -23328.000000
1320 -23596.000000
1321 -23768.000000
1322 -23620.000000
1323 -23756.000000
1324 -23660.000000
1325 -23748.000000
1326 -23844.000000
1327 -23908.000000
1328 -23816.000000
1329 -23372.000000
1330 -23696.000000
1331 -23396.000000
1332 -23372.000000
1333 -23696.000000
1334 -23856.000000
1335 -23608.000000
1336 -23884.000000
1337 -24084.000000
1338 -23848.000000
1339 -23912.000000
1340 -23796.000000
1341 -23776.000000
1342 -23620.000000
1343 -23968.000000
1344 -23432.000000
1345 -23680.000000
1346 -23744.000000
1347 -23792.000000
1348 -23804.000000
1349 -23884.000000
1350 -24284.000000
1351 -24044.000000
1352 -23632.000000
1353 -23512.000000
1354 -23608.000000
1355 -23632.000000
1356 -23352.000000
1357 -23832.000000
1358 -23888.000000
1359 -24100.000000
1360 -23952.000000
1361 -23960.000000
1362 -23796.000000
1363 -24036.000000
1364 -24008.000000
1365 -24120.000000
1366 -24308.000000
1367 -23972.000000
1368 -24216.000000
1369 -23744.000000
1370 -23708.000000
1371 -23856.000000
1372 -23920.000000
1373 -23460.000000
1374 -23792.000000
1375 -23692.000000
1376 -23712.000000
1377 -23464.000000
1378 -23352.000000
1379 -23488.000000
1380 -23400.000000
1381 -23344.000000
1382 -23700.000000
1383 -23420.000000
1384 -23484.000000
1385 -23788.000000
1386 -23724.000000
1387 -23856.000000
1388 -23548.000000
1389 -23836.000000
1390 -23880.000000
1391 -24120.000000
1392 -23908.000000
1393 -23868.000000
1394 -24152.000000
1395 -23916.000000
1396 -23736.000000
1397 -23576.000000
1398 -23920.000000
1399 -23788.000000
1400 -23660.000000
1401 -23968.000000
1402 -24420.000000
1403 -24436.000000
1404 -24092.000000
1405 -24320.000000
1406 -24152.000000
1407 -23672.000000
1408 -23772.000000
1409 -24000.000000
1410 -23856.000000
1411 -23380.000000
1412 -23424.000000
1413 -23516.000000
1414 -23992.000000
1415 -23624.000000
1416 -23836.000000
1417 -23884.000000
1418 -23552.000000
1419 -23768.000000
1420 -24344.000000
1421 -23916.000000
1422 -24156.000000
1423 -24348.000000
1424 -24228.000000
1425 -24300.000000
1426 -24000.000000
1427 -24164.000000
1428 -24288.000000
1429 -24484.000000
1430 -24148.000000
1431 -24256.000000
1432 -24352.000000
1433 -24568.000000
1434 -24256.000000
1435 -23980.000000
1436 -23696.000000
1437 -23748.000000
1438 -23720.000000
1439 -24140.000000
1440 -23452.000000
1441 -23696.000000
1442 -23564.000000
1443 -23696.000000
1444 -23992.000000
1445 -24064.000000
1446 -23812.000000
1447 -24172.000000
1448 -24268.000000
1449 -24080.000000
1450 -23848.000000
1451 -23624.000000
1452 -24172.000000
1453 -24144.000000
1454 -23584.000000
1455 -24056.000000
1456 -23856.000000
1457 -23388.000000
1458 -23576.000000
1459 -23540.000000
1460 -23948.000000
1461 -23880.000000
1462 -23520.000000
1463 -23512.000000
1464 -23188.000000
1465 -23276.000000
1466 -23704.000000
1467 -23824.000000
1468 -23728.000000
1469 -23336.000000
1470 -23000.000000
1471 -23096.000000
1472 -22932.000000
1473 -23216.000000
1474 -23168.000000
1475 -23792.000000
1476 -24584.000000
1477 -24536.000000
1478 -24184.000000
1479 -24472.000000
1480 -24504.000000
1481 -24332.000000
1482 -24244.000000
1483 -24140.000000
1484 -24392.000000
1485 -24096.000000
1486 -24044.000000
1487 -23896.000000
1488 -24244.000000
1489 -23804.000000
1490 -24132.000000
1491 -24152.000000
1492 -23804.000000
1493 -24132.000000
1494 -23856.000000
1495 -23540.000000
1496 -23572.000000
1497 -23892.000000
1498 -23668.000000
1499 -23824.000000
1500 -23588.000000
1501 -23064.000000
1502 -23416.000000
1503 -23688.000000
1504 -23868.000000
1505 -23596.000000
1506 -23184.000000
1507 -23048.000000
1508 -23564.000000
1509 -23620.000000
1510 -23984.000000
1511 -23596.000000
1512 -23708.000000
1513 -23676.000000
1514 -23404.000000
1515 -23424.000000
1516 -23580.000000
1517 -23576.000000
1518 -23512.000000
1519 -23816.000000
1520 -23884.000000
1521 -24080.000000
1522 -23600.000000
1523 -23772.000000
1524 -23664.000000
1525 -23336.000000
1526 -23740.000000
1527 -24144.000000
1528 -23944.000000
1529 -23848.000000
1530 -23772.000000
1531 -23452.000000
1532 -23840.000000
1533 -23980.000000
1534 -24108.000000
1535 -24056.000000
1536 -23892.000000
1537 -24060.000000
1538 -24348.000000
1539 -24000.000000
1540 -24108.000000
1541 -24416.000000
1542 -24444.000000
1543 -24248.000000
1544 -24052.000000
1545 -24020.000000
1546 -24132.000000
1547 -23560.000000
1548 -23848.000000
1549 -23792.000000
1550 -23816.000000
1551 -23960.000000
1552 -24036.000000
1553 -23732.000000
1554 -23540.000000
1555 -23916.000000
1556 -23800.000000
1557 -23920.000000
1558 -23616.000000
1559 -23992.000000
1560 -23880.000000
1561 -23656.000000
1562 -23376.000000
1563 -23712.000000
1564 -23640.000000
1565 -24240.000000
1566 -24188.000000
1567 -24108.000000
1568 -23700.000000
1569 -23912.000000
1570 -23628.000000
1571 -23492.000000
1572 -23712.000000
1573 -23900.000000
1574 -24296.000000
1575 -24180.000000
1576 -23932.000000
1577 -24064.000000
1578 -24436.000000
1579 -24096.000000
1580 -23872.000000
1581 -23736.000000
1582 -23948.000000
1583 -24408.000000
1584 -24748.000000
1585 -24772.000000
1586 -24284.000000
1587 -24076.000000
1588 -24196.000000
1589 -24184.000000
1590 -24272.000000
1591 -24348.000000
1592 -24000.000000
1593 -23928.000000
1594 -23964.000000
1595 -24120.000000
1596 -24140.000000
1597 -23688.000000
1598 -23660.000000
1599 -23796.000000
1600 -24360.000000
1601 -24344.000000
1602 -24756.000000
1603 -24372.000000
1604 -24312.000000
1605 -24344.000000
1606 -23620.000000
1607 -23720.000000
1608 -23620.000000
1609 -23644.000000
1610 -23596.000000
1611 -23360.000000
1612 -24384.000000
1613 -23888.000000
1614 -23804.000000
1615 -23928.000000
1616 -24284.000000
1617 -24344.000000
1618 -24720.000000
1619 -24152.000000
1620 -23964.000000
1621 -23580.000000
1622 -23952.000000
1623 -23816.000000
1624 -23616.000000
1625 -23500.000000
1626 -23452.000000
1627 -23108.000000
1628 -23672.000000
1629 -23748.000000
1630 -23692.000000
1631 -23480.000000
1632 -23164.000000
1633 -23560.000000
1634 -24028.000000
1635 -24112.000000
1636 -24092.000000
1637 -23632.000000
1638 -23508.000000
1639 -23404.000000
1640 -23456.000000
1641 -23104.000000
1642 -23508.000000
1643 -23464.000000
1644 -24076.000000
1645 -23836.000000
1646 -24024.000000
1647 -23868.000000
1648 -23844.000000
1649 -23988.000000
1650 -23692.000000
1651 -24212.000000
1652 -24028.000000
1653 -24156.000000
1654 -24232.000000
1655 -23860.000000
1656 -23812.000000
1657 -24324.000000
1658 -24228.000000
1659 -24036.000000
1660 -23960.000000
1661 -23756.000000
1662 -23816.000000
1663 -24108.000000
1664 -24096.000000
1665 -24572.000000
1666 -24392.000000
1667 -24404.000000
1668 -24224.000000
1669 -24020.000000
1670 -24012.000000
1671 -24220.000000
1672 -24136.000000
1673 -24488.000000
1674 -24368.000000
1675 -24396.000000
1676 -23976.000000
1677 -23604.000000
1678 -23820.000000
1679 -24040.000000
1680 -23764.000000
1681 -23908.000000
1682 -23820.000000
1683 -23724.000000
1684 -23288.000000
1685 -23672.000000
1686 -23660.000000
1687 -23608.000000
1688 -23400.000000
1689 -23480.000000
1690 -23516.000000
1691 -23508.000000
1692 -23584.000000
1693 -23484.000000
1694 -23552.000000
1695 -23432.000000
1696 -23424.000000
1697 -23588.000000
1698 -24104.000000
1699 -23888.000000
1700 -24236.000000
1701 -23812.000000
1702 -23892.000000
1703 -23680.000000
1704 -23928.000000
1705 -23952.000000
1706 -23868.000000
1707 -24080.000000
1708 -23720.000000
1709 -24296.000000
1710 -24316.000000
1711 -24212.000000
1712 -23780.000000
1713 -23812.000000
1714 -24132.000000
1715 -23952.000000
1716 -23852.000000
1717 -23560.000000
1718 -23712.000000
1719 -23916.000000
1720 -23500.000000
1721 -23848.000000
1722 -24024.000000
1723 -24644.000000
1724 -23776.000000
1725 -23892.000000
1726 -23960.000000
1727 -23992.000000
1728 -24128.000000
1729 -24140.000000
1730 -24104.000000
1731 -23904.000000
1732 -23428.000000
1733 -23272.000000
1734 -23368.000000
1735 -23400.000000
1736 -23308.000000
1737 -23620.000000
1738 -23404.000000
1739 -23468.000000
1740 -23008.000000
1741 -23280.000000
1742 -23300.000000
1743 -23648.000000
1744 -23512.000000
1745 -23140.000000
1746 -23276.000000
1747 -23064.000000
1748 -23740.000000
1749 -23084.000000
1750 -23172.000000
1751 -23736.000000
1752 -24100.000000
1753 -23564.000000
1754 -23432.000000
1755 -23592.000000
1756 -23660.000000
1757 -23944.000000
1758 -24344.000000
1759 -24164.000000
1760 -24300.000000
1761 -24320.000000
1762 -24096.000000
1763 -24004.000000
1764 -23944.000000
1765 -23516.000000
1766 -23776.000000
1767 -23688.000000
1768 -23884.000000
1769 -23976.000000
1770 -23668.000000
1771 -23772.000000
1772 -23684.000000
1773 -23960.000000
1774 -23864.000000
1775 -23800.000000
1776 -23844.000000
1777 -23832.000000
1778 -24076.000000
1779 -24108.000000
1780 -23768.000000
1781 -24012.000000
1782 -23984.000000
1783 -24056.000000
1784 -24196.000000
1785 -24084.000000
1786 -24052.000000
1787 -23736.000000
1788 -23676.000000
1789 -23660.000000
1790 -24004.000000
1791 -23684.000000
1792 -23948.000000
1793 -23388.000000
1794 -23260.000000
1795 -23280.000000
1796 -23104.000000
1797 -23064.000000
1798 -23284.000000
1799 -23524.000000
1800 -23692.000000
1801 -24072.000000
1802 -23864.000000
1803 -23360.000000
1804 -23352.000000
1805 -23748.000000
1806 -23688.000000
1807 -23692.000000
1808 -23760.000000
1809 -23532.000000
1810 -23368.000000
1811 -23600.000000
1812 -23392.000000
1813 -23180.000000
1814 -23160.000000
1815 -23500.000000
1816 -23180.000000
1817 -23540.000000
1818 -23308.000000
1819 -23104.000000
1820 -23292.000000
1821 -23632.000000
1822 -23488.000000
1823 -23632.000000
1824 -23720.000000
1825 -23656.000000
1826 -23508.000000
1827 -23112.000000
1828 -23316.000000
1829 -23324.000000
1830 -23804.000000
1831 -23788.000000
1832 -23860.000000
1833 -23744.000000
1834 -23800.000000
1835 -23648.000000
1836 -23884.000000
1837 -23904.000000
1838 -23904.000000
1839 -23472.000000
1840 -23128.000000
1841 -22880.000000
1842 -22876.000000
1843 -23180.000000
1844 -23204.000000
1845 -23564.000000
1846 -23544.000000
1847 -23712.000000
1848 -23884.000000
1849 -23392.000000
1850 -23592.000000
1851 -23456.000000
1852 -23620.000000
1853 -23840.000000
1854 -24156.000000
1855 -24076.000000
1856 -23924.000000
1857 -23720.000000
1858 -23644.000000
1859 -23536.000000
1860 -24196.000000
1861 -23680.000000
1862 -23264.000000
1863 -22872.000000
1864 -23060.000000
1865 -23528.000000
1866 -23684.000000
1867 -23348.000000
1868 -23384.000000
1869 -23280.000000
1870 -23524.000000
1871 -23540.000000
1872 -23348.000000
1873 -23372.000000
1874 -23244.000000
1875 -23236.000000
1876 -23480.000000
1877 -23568.000000
1878 -23676.000000
1879 -23896.000000
1880 -23960.000000
1881 -23936.000000
1882 -24108.000000
1883 -23928.000000
1884 -23764.000000
1885 -23868.000000
1886 -23948.000000
1887 -24188.000000
1888 -24316.000000
1889 -24472.000000
1890 -23380.000000
1891 -23360.000000
1892 -23396.000000
1893 -23700.000000
1894 -23792.000000
1895 -23836.000000
1896 -23580.000000
1897 -23696.000000
1898 -23916.000000
1899 -23860.000000
1900 -23796.000000
1901 -23488.000000
1902 -23520.000000
1903 -23528.000000
1904 -23424.000000
1905 -23756.000000
1906 -23180.000000
1907 -23036.000000
1908 -23548.000000
1909 -23436.000000
1910 -24088.000000
1911 -23956.000000
1912 -23456.000000
1913 -23024.000000
1914 -23316.000000
1915 -23452.000000
1916 -23820.000000
1917 -23784.000000
1918 -23760.000000
1919 -23648.000000
1920 -23628.000000
1921 -23848.000000
1922 -23820.000000
1923 -23764.000000
1924 -23808.000000
1925 -23628.000000
1926 -23692.000000
1927 -23684.000000
1928 -23920.000000
1929 -23888.000000
1930 -23596.000000
1931 -23380.000000
1932 -23188.000000
1933 -23316.000000
1934 -23528.000000
1935 -23028.000000
1936 -23076.000000
1937 -23136.000000
1938 -23620.000000
1939 -23856.000000
1940 -23952.000000
1941 -23304.000000
1942 -23844.000000
1943 -23604.000000
1944 -23212.000000
1945 -23688.000000
1946 -23580.000000
1947 -23508.000000
1948 -23304.000000
1949 -22984.000000
1950 -23080.000000
1951 -22784.000000
1952 -23180.000000
1953 -23248.000000
1954 -23152.000000
1955 -23284.000000
1956 -23332.000000
1957 -22992.000000
1958 -23208.000000
1959 -23228.000000
1960 -23148.000000
1961 -23252.000000
1962 -23504.000000
1963 -23628.000000
1964 -23576.000000
1965 -23828.000000
1966 -23960.000000
1967 -23960.000000
1968 -24196.000000
1969 -24024.000000
1970 -24168.000000
1971 -24352.000000
1972 -23952.000000
1973 -23904.000000
1974 -23956.000000
1975 -23648.000000
1976 -23484.000000
1977 -23624.000000
1978 -23332.000000
1979 -23732.000000
1980 -23800.000000
1981 -23812.000000
1982 -23612.000000
1983 -23608.000000
1984 -23944.000000
1985 -23688.000000
1986 -23644.000000
1987 -23696.000000
1988 -23780.000000
1989 -23448.000000
1990 -23420.000000
1991 -23652.000000
1992 -23936.000000
1993 -24136.000000
1994 -23960.000000
1995 -23708.000000
1996 -23744.000000
1997 -24176.000000
1998 -24088.000000
1999 -24460.000000
2000 -23852.000000
2001 -23816.000000
2002 -23760.000000
2003 -23724.000000
2004 -24144.000000
2005 -24160.000000
2006 -24012.000000
2007 -23960.000000
2008 -23980.000000
2009 -24492.000000
2010 -24056.000000
2011 -23844.000000
2012 -23920.000000
2013 -23872.000000
2014 -23768.000000
2015 -23692.000000
2016 -23892.000000
2017 -23632.000000
2018 -24200.000000
2019 -24328.000000
2020 -24196.000000
2021 -24156.000000
2022 -24644.000000
2023 -24520.000000
2024 -24352.000000
2025 -24052.000000
2026 -23956.000000
2027 -24112.000000
2028 -23996.000000
2029 -23628.000000
2030 -23824.000000
2031 -23984.000000
2032 -23868.000000
2033 -24044.000000
2034 -23884.000000
2035 -23400.000000
2036 -23980.000000
2037 -24092.000000
2038 -24004.000000
2039 -23508.000000
2040 -23752.000000
2041 -23160.000000
2042 -23408.000000
2043 -23772.000000
2044 -23692.000000
2045 -24140.000000
2046 -24052.000000
2047 -23672.000000
2048 -23628.000000
2049 -23748.000000
2050 -24032.000000
2051 -23700.000000
2052 -23800.000000
2053 -24060.000000
2054 -23936.000000
2055 -23592.000000
2056 -23808.000000
2057 -23668.000000
2058 -23536.000000
2059 -23092.000000
2060 -23796.000000
2061 -23816.000000
2062 -23844.000000
2063 -24016.000000
2064 -23964.000000
2065 -23772.000000
2066 -23768.000000
2067 -23796.000000
2068 -23888.000000
2069 -23752.000000
2070 -23700.000000
2071 -23756.000000
2072 -24156.000000
2073 -23856.000000
2074 -23536.000000
2075 -23400.000000
2076 -23412.000000
2077 -23764.000000
2078 -23952.000000
2079 -24256.000000
2080 -24020.000000
2081 -23820.000000
2082 -23528.000000
2083 -23988.000000
2084 -23848.000000
2085 -23668.000000
2086 -23892.000000
2087 -24116.000000
2088 -23572.000000
2089 -23276.000000
2090 -23508.000000
2091 -23624.000000
2092 -23324.000000
2093 -23344.000000
2094 -23760.000000
2095 -23972.000000
2096 -23508.000000
2097 -23244.000000
2098 -23224.000000
2099 -23248.000000
2100 -23040.000000
2101 -23384.000000
2102 -23040.000000
2103 -23768.000000
2104 -23524.000000
2105 -23364.000000
2106 -23640.000000
2107 -23256.000000
2108 -22768.000000
2109 -23216.000000
2110 -23152.000000
2111 -23372.000000
2112 -23128.000000
2113 -23888.000000
2114 -23888.000000
2115 -23876.000000
2116 -23684.000000
2117 -23936.000000
2118 -23744.000000
2119 -23988.000000
2120 -23680.000000
2121 -24240.000000
2122 -24152.000000
2123 -23780.000000
2124 -23472.000000
2125 -24144.000000
2126 -23780.000000
2127 -23980.000000
2128 -23568.000000
2129 -23848.000000
2130 -23748.000000
2131 -23768.000000
2132 -24264.000000
2133 -24168.000000
2134 -24288.000000
2135 -23960.000000
2136 -24196.000000
2137 -24224.000000
2138 -23680.000000
2139 -23884.000000
2140 -24088.000000
2141 -24176.000000
2142 -24112.000000
2143 -23984.000000
2144 -24236.000000
2145 -24212.000000
2146 -24368.000000
2147 -24428.000000
2148 -24236.000000
2149 -24524.000000
2150 -24680.000000
2151 -24216.000000
2152 -23804.000000
2153 -24036.000000
2154 -24112.000000
2155 -24396.000000
2156 -24604.000000
2157 -24220.000000
2158 -24072.000000
2159 -24204.000000
2160 -24252.000000
2161 -24372.000000
2162 -24076.000000
2163 -23820.000000
2164 -23544.000000
2165 -23736.000000
2166 -23852.000000
2167 -23812.000000
2168 -23600.000000
2169 -24016.000000
2170 -24236.000000
2171 -23552.000000
2172 -23740.000000
2173 -23516.000000
2174 -23860.000000
2175 -24024.000000
2176 -23796.000000
2177 -24172.000000
2178 -23776.000000
2179 -24076.000000
2180 -24220.000000
2181 -24136.000000
2182 -23836.000000
2183 -23912.000000
2184 -24184.000000
2185 -23996.000000
2186 -23956.000000
2187 -23876.000000
2188 -23932.000000
2189 -23748.000000
2190 -23876.000000
2191 -23840.000000
2192 -24096.000000
2193 -23728.000000
2194 -23824.000000
2195 -23888.000000
2196 -24108.000000
2197 -23632.000000
2198 -23580.000000
2199 -23584.000000
2200 -23744.000000
2201 -23988.000000
2202 -24144.000000
2203 -24008.000000
2204 -24288.000000
2205 -23856.000000
2206 -23704.000000
2207 -23816.000000
2208 -23656.000000
2209 -23720.000000
2210 -23884.000000
2211 -23864.000000
2212 -23660.000000
2213 -23592.000000
2214 -23920.000000
2215 -24348.000000
2216 -24072.000000
2217 -24272.000000
2218 -24176.000000
2219 -24104.000000
2220 -24220.000000
2221 -24260.000000
2222 -24268.000000
2223 -24440.000000
2224 -24760.000000
2225 -24632.000000
2226 -24348.000000
2227 -24076.000000
2228 -23856.000000
2229 -24188.000000
2230 -23980.000000
2231 -23892.000000
2232 -23692.000000
2233 -24172.000000
2234 -24076.000000
2235 -23944.000000
2236 -24096.000000
2237 -23972.000000
2238 -24200.000000
2239 -24172.000000
2240 -24300.000000
2241 -24400.000000
2242 -24384.000000
2243 -24348.000000
2244 -24136.000000
2245 -23988.000000
2246 -23972.000000
2247 -23560.000000
2248 -23416.000000
2249 -23368.000000
2250 -23728.000000
2251 -23720.000000
2252 -23544.000000
2253 -23964.000000
2254 -24056.000000
2255 -24116.000000
2256 -23944.000000
2257 -24056.000000
2258 -24076.000000
2259 -24196.000000
2260 -23424.000000
2261 -23736.000000
2262 -23532.000000
2263 -23348.000000
2264 -23752.000000
2265 -23308.000000
2266 -23608.000000
2267 -23232.000000
2268 -23292.000000
2269 -23236.000000
2270 -23496.000000
2271 -23712.000000
2272 -23704.000000
2273 -23452.000000
2274 -24148.000000
2275 -23932.000000
2276 -24084.000000
2277 -24116.000000
2278 -24104.000000
2279 -23972.000000
2280 -24020.000000
2281 -23948.000000
2282 -23936.000000
2283 -23584.000000
2284 -22952.000000
2285 -23744.000000
2286 -23456.000000
2287 -23408.000000
2288 -23580.000000
2289 -23784.000000
2290 -23940.000000
2291 -24072.000000
2292 -24224.000000
2293 -24120.000000
2294 -23764.000000
2295 -23556.000000
2296 -23576.000000
2297 -22952.000000
2298 -23100.000000
2299 -23908.000000
2300 -23988.000000
2301 -23560.000000
2302 -23940.000000
2303 -23932.000000
2304 -23860.000000
2305 -23940.000000
2306 -23772.000000
2307 -23996.000000
2308 -23908.000000
2309 -23840.000000
2310 -23872.000000
2311 -23616.000000
2312 -23320.000000
2313 -23140.000000
2314 -23068.000000
2315 -23524.000000
2316 -23756.000000
2317 -23696.000000
2318 -23680.000000
2319 -23608.000000
2320 -23564.000000
2321 -23540.000000
2322 -23344.000000
2323 -23468.000000
2324 -23212.000000
2325 -23764.000000
2326 -23868.000000
2327 -23816.000000
2328 -23240.000000
2329 -23232.000000
2330 -23488.000000
2331 -23076.000000
2332 -23340.000000
2333 -23072.000000
2334 -23008.000000
2335 -23140.000000
2336 -23084.000000
2337 -23180.000000
2338 -23064.000000
2339 -23512.000000
2340 -23800.000000
2341 -23476.000000
2342 -23452.000000
2343 -23820.000000
2344 -23608.000000
2345 -23656.000000
2346 -24048.000000
2347 -23484.000000
2348 -24016.000000
2349 -23844.000000
2350 -23960.000000
2351 -23748.000000
2352 -23788.000000
2353 -23640.000000
2354 -23612.000000
2355 -23776.000000
2356 -23936.000000
2357 -24112.000000
2358 -23568.000000
2359 -23504.000000
2360 -23164.000000
2361 -23488.000000
2362 -23568.000000
2363 -23292.000000
2364 -23924.000000
2365 -23660.000000
2366 -23668.000000
2367 -23488.000000
2368 -23384.000000
2369 -23580.000000
2370 -23312.000000
2371 -23580.000000
2372 -23700.000000
2373 -23624.000000
2374 -23852.000000
2375 -23768.000000
2376 -23744.000000
2377 -23896.000000
2378 -24160.000000
2379 -24076.000000
2380 -24164.000000
2381 -24332.000000
2382 -24296.000000
2383 -24024.000000
2384 -23820.000000
2385 -23820.000000
2386 -23788.000000
2387 -23772.000000
2388 -23716.000000
2389 -23924.000000
2390 -23956.000000
2391 -23624.000000
2392 -23716.000000
2393 -23748.000000
2394 -23636.000000
2395 -23432.000000
2396 -23300.000000
2397 -23700.000000
2398 -24024.000000
2399 -23688.000000
2400 -23840.000000
2401 -23904.000000
2402 -24244.000000
2403 -23616.000000
2404 -23664.000000
2405 -23396.000000
2406 -23140.000000
2407 -23396.000000
2408 -23260.000000
2409 -23556.000000
2410 -23572.000000
2411 -23924.000000
2412 -23992.000000
2413 -24448.000000
2414 -24704.000000
2415 -24048.000000
2416 -23936.000000
2417 -23996.000000
2418 -24600.000000
2419 -24568.000000
2420 -24272.000000
2421 -24296.000000
2422 -24280.000000
2423 -23996.000000
2424 -23972.000000
2425 -24348.000000
2426 -24100.000000
2427 -24080.000000
2428 -23812.000000
2429 -23824.000000
2430 -23728.000000
2431 -23340.000000
2432 -23812.000000
2433 -23752.000000
2434 -23716.000000
2435 -23448.000000
2436 -23836.000000
2437 -24564.000000
2438 -24384.000000
2439 -24088.000000
2440 -23672.000000
2441 -23404.000000
2442 -23592.000000
2443 -23524.000000
2444 -23388.000000
2445 -23640.000000
2446 -23772.000000
2447 -23868.000000
2448 -24144.000000
2449 -24076.000000
2450 -23656.000000
2451 -23760.000000
2452 -24128.000000
2453 -23608.000000
2454 -23628.000000
2455 -23588.000000
2456 -23816.000000
2457 -23864.000000
2458 -24080.000000
2459 -23736.000000
2460 -23600.000000
2461 -23516.000000
2462 -23740.000000
2463 -24052.000000
2464 -24104.000000
2465 -24164.000000
2466 -24056.000000
2467 -23792.000000
2468 -23656.000000
2469 -23412.000000
2470 -23304.000000
2471 -23072.000000
2472 -23320.000000
2473 -23824.000000
2474 -23912.000000
2475 -24300.000000
2476 -24408.000000
2477 -24548.000000
2478 -24528.000000
2479 -24164.000000
2480 -24160.000000
2481 -24444.000000
2482 -24084.000000
2483 -24040.000000
2484 -24400.000000
2485 -24200.000000
2486 -24080.000000
2487 -23972.000000
2488 -24152.000000
2489 -24452.000000
2490 -24532.000000
2491 -24440.000000
2492 -24376.000000
2493 -24288.000000
2494 -24484.000000
2495 -24928.000000
2496 -24292.000000
2497 -24612.000000
2498 -24668.000000
2499 -24724.000000
2500 -24400.000000
2501 -24748.000000
2502 -24064.000000
2503 -24448.000000
2504 -24332.000000
2505 -24568.000000
2506 -24624.000000
2507 -24452.000000
2508 -24392.000000
2509 -23896.000000
2510 -23536.000000
2511 -24212.000000
2512 -24420.000000
2513 -24556.000000
2514 -24540.000000
2515 -24496.000000
2516 -24032.000000
2517 -24140.000000
2518 -23980.000000
2519 -24180.000000
2520 -24520.000000
2521 -24272.000000
2522 -23972.000000
2523 -24356.000000
2524 -24400.000000
2525 -24140.000000
2526 -23716.000000
2527 -23656.000000
2528 -23472.000000
2529 -23868.000000
2530 -24164.000000
2531 -24112.000000
2532 -23640.000000
2533 -23788.000000
2534 -23868.000000
2535 -23744.000000
2536 -23716.000000
2537 -23604.000000
2538 -23724.000000
2539 -23912.000000
2540 -23368.000000
2541 -23420.000000
2542 -23832.000000
2543 -23728.000000
2544 -23904.000000
2545 -23780.000000
2546 -23764.000000
2547 -24184.000000
2548 -23816.000000
2549 -24244.000000
2550 -23912.000000
2551 -24032.000000
2552 -24148.000000
2553 -24212.000000
2554 -23784.000000
2555 -23688.000000
2556 -23768.000000
2557 -23916.000000
2558 -24028.000000
2559 -23788.000000
2560 -23864.000000
2561 -23620.000000
2562 -23480.000000
2563 -23684.000000
2564 -24044.000000
2565 -23908.000000
2566 -23916.000000
2567 -23924.000000
2568 -23884.000000
2569 -24256.000000
2570 -24320.000000
2571 -24156.000000
2572 -24348.000000
2573 -24436.000000
2574 -24384.000000
2575 -24416.000000
2576 -24372.000000
2577 -24344.000000
2578 -23960.000000
2579 -23560.000000
2580 -23804.000000
2581 -23900.000000
2582 -24120.000000
2583 -23724.000000
2584 -23632.000000
2585 -23488.000000
2586 -23956.000000
2587 -24020.000000
2588 -24032.000000
2589 -23968.000000
2590 -23700.000000
2591 -23240.000000
2592 -23460.000000
2593 -23564.000000
2594 -23332.000000
2595 -23348.000000
2596 -23736.000000
2597 -23692.000000
2598 -23852.000000
2599 -23444.000000
2600 -23332.000000
2601 -23676.000000
2602 -23696.000000
2603 -23820.000000
2604 -24596.000000
2605 -24228.000000
2606 -24460.000000
2607 -24600.000000
2608 -24172.000000
2609 -23704.000000
2610 -23668.000000
2611 -23592.000000
2612 -23752.000000
2613 -23400.000000
2614 -24000.000000
2615 -24056.000000
2616 -23800.000000
2617 -23540.000000
2618 -23444.000000
2619 -23856.000000
2620 -23732.000000
2621 -23672.000000
2622 -23720.000000
2623 -23796.000000
2624 -23832.000000
2625 -23856.000000
2626 -23984.000000
2627 -23692.000000
2628 -23784.000000
2629 -23744.000000
2630 -24028.000000
2631 -23684.000000
2632 -24124.000000
2633 -24196.000000
2634 -24024.000000
2635 -23920.000000
2636 -24064.000000
2637 -23724.000000
2638 -23920.000000
2639 -24112.000000
2640 -24304.000000
2641 -24144.000000
2642 -23792.000000
2643 -23520.000000
2644 -23844.000000
2645 -24064.000000
2646 -23760.000000
2647 -24064.000000
2648 -24104.000000
2649 -23992.000000
2650 -23928.000000
2651 -24196.000000
2652 -23824.000000
2653 -23620.000000
2654 -23496.000000
2655 -23648.000000
2656 -24384.000000
2657 -23824.000000
2658 -23888.000000
2659 -24288.000000
2660 -24548.000000
2661 -24152.000000
2662 -24012.000000
2663 -24260.000000
2664 -24252.000000
2665 -23748.000000
2666 -24292.000000
2667 -24508.000000
2668 -24324.000000
2669 -24368.000000
2670 -23780.000000
2671 -23996.000000
2672 -23436.000000
2673 -23528.000000
2674 -23564.000000
2675 -23800.000000
2676 -23904.000000
2677 -24008.000000
2678 -24096.000000
2679 -24080.000000
2680 -24644.000000
2681 -24204.000000
2682 -23684.000000
2683 -23872.000000
2684 -24044.000000
2685 -24088.000000
2686 -24048.000000
2687 -23952.000000
2688 -23764.000000
2689 -23744.000000
2690 -23884.000000
2691 -24128.000000
2692 -24220.000000
2693 -24364.000000
2694 -24228.000000
2695 -24264.000000
2696 -24240.000000
2697 -24088.000000
2698 -23724.000000
2699 -23916.000000
2700 -23936.000000
2701 -23956.000000
2702 -23960.000000
2703 -23772.000000
2704 -23644.000000
2705 -23724.000000
2706 -23556.000000
2707 -23500.000000
2708 -23760.000000
2709 -24452.000000
2710 -23864.000000
2711 -23820.000000
2712 -23976.000000
2713 -23860.000000
2714 -23596.000000
2715 -23960.000000
2716 -23956.000000
2717 -24220.000000
2718 -24244.000000
2719 -24232.000000
2720 -24772.000000
2721 -23928.000000
2722 -24480.000000
2723 -24144.000000
2724 -24264.000000
2725 -24008.000000
2726 -23732.000000
2727 -24212.000000
2728 -24244.000000
2729 -23876.000000
2730 -23612.000000
2731 -23880.000000
2732 -23820.000000
2733 -23960.000000
2734 -24472.000000
2735 -24536.000000
2736 -23948.000000
2737 -24016.000000
2738 -23768.000000
2739 -24032.000000
2740 -24340.000000
2741 -24236.000000
2742 -24120.000000
2743 -24100.000000
2744 -24348.000000
2745 -24204.000000
2746 -24092.000000
2747 -23840.000000
2748 -24024.000000
2749 -24144.000000
2750 -23920.000000
2751 -23872.000000
2752 -24028.000000
2753 -23840.000000
2754 -23840.000000
2755 -23340.000000
2756 -23596.000000
2757 -23756.000000
2758 -23808.000000
2759 -23972.000000
2760 -23604.000000
2761 -23672.000000
2762 -23388.000000
2763 -23296.000000
2764 -23436.000000
2765 -23540.000000
2766 -23804.000000
2767 -23260.000000
2768 -23308.000000
2769 -23552.000000
2770 -23468.000000
2771 -23572.000000
2772 -23912.000000
2773 -24136.000000
2774 -23852.000000
2775 -24152.000000
2776 -24192.000000
2777 -24268.000000
2778 -24432.000000
2779 -24004.000000
2780 -23904.000000
2781 -23852.000000
2782 -24256.000000
2783 -24212.000000
2784 -24244.000000
2785 -24112.000000
2786 -24288.000000
2787 -24168.000000
2788 -24284.000000
2789 -24332.000000
2790 -24100.000000
2791 -24324.000000
2792 -24004.000000
2793 -23788.000000
2794 -23708.000000
2795 -23808.000000
2796 -23932.000000
2797 -24104.000000
2798 -23668.000000
2799 -23944.000000
2800 -24540.000000
2801 -23968.000000
2802 -23980.000000
2803 -23988.000000
2804 -24284.000000
2805 -24632.000000
2806 -24288.000000
2807 -24260.000000
2808 -24488.000000
2809 -24312.000000
2810 -24528.000000
2811 -24368.000000
2812 -24336.000000
2813 -24304.000000
2814 -24464.000000
2815 -24084.000000
2816 -23884.000000
2817 -23852.000000
2818 -24184.000000
2819 -24320.000000
2820 -24300.000000
2821 -24116.000000
2822 -24424.000000
2823 -24504.000000
2824 -24388.000000
2825 -24360.000000
2826 -24924.000000
2827 -24492.000000
2828 -24548.000000
2829 -24592.000000
2830 -24400.000000
2831 -24200.000000
2832 -23572.000000
2833 -23404.000000
2834 -24144.000000
2835 -24468.000000
2836 -24320.000000
2837 -24172.000000
2838 -24188.000000
2839 -23980.000000
2840 -23700.000000
2841 -23852.000000
2842 -24268.000000
2843 -24060.000000
2844 -24124.000000
2845 -23396.000000
2846 -23616.000000
2847 -23536.000000
2848 -23896.000000
2849 -24316.000000
2850 -24616.000000
2851 -24820.000000
2852 -24060.000000
2853 -24304.000000
2854 -24468.000000
2855 -24052.000000
2856 -24016.000000
2857 -23820.000000
2858 -23852.000000
2859 -23816.000000
2860 -23588.000000
2861 -23828.000000
2862 -24076.000000
2863 -24260.000000
2864 -24124.000000
2865 -24420.000000
2866 -24468.000000
2867 -24748.000000
2868 -24868.000000
2869 -24536.000000
2870 -24780.000000
2871 -24456.000000
2872 -24080.000000
2873 -23800.000000
2874 -24104.000000
2875 -24252.000000
2876 -23972.000000
2877 -23788.000000
2878 -24204.000000
2879 -24436.000000
2880 -24392.000000
2881 -24596.000000
2882 -24076.000000
2883 -23980.000000
2884 -24084.000000
2885 -23748.000000
2886 -24128.000000
2887 -24308.000000
2888 -24080.000000
2889 -23536.000000
2890 -23328.000000
2891 -23420.000000
2892 -23484.000000
2893 -23712.000000
2894 -23520.000000
2895 -23360.000000
2896 -23420.000000
2897 -23932.000000
2898 -23396.000000
2899 -23560.000000
2900 -23812.000000
2901 -23608.000000
2902 -23592.000000
2903 -23416.000000
2904 -22808.000000
2905 -23040.000000
2906 -23112.000000
2907 -23456.000000
2908 -23804.000000
2909 -24000.000000
2910 -23720.000000
2911 -24136.000000
2912 -23900.000000
2913 -24020.000000
2914 -24088.000000
2915 -24072.000000
2916 -23876.000000
2917 -24004.000000
2918 -23880.000000
2919 -23836.000000
2920 -23432.000000
2921 -23604.000000
2922 -23536.000000
2923 -23836.000000
2924 -23908.000000
2925 -23924.000000
2926 -24424.000000
2927 -24460.000000
2928 -24216.000000
2929 -23960.000000
2930 -24600.000000
2931 -24276.000000
2932 -24672.000000
2933 -24752.000000
2934 -24084.000000
2935 -24656.000000
2936 -24764.000000
2937 -24248.000000
2938 -23816.000000
2939 -24184.000000
2940 -24048.000000
2941 -24252.000000
2942 -23756.000000
2943 -23892.000000
2944 -23692.000000
2945 -23208.000000
2946 -23532.000000
2947 -23356.000000
2948 -23548.000000
2949 -23276.000000
2950 -23672.000000
2951 -23528.000000
2952 -23820.000000
2953 -23804.000000
2954 -24036.000000
2955 -24128.000000
2956 -24112.000000
2957 -23468.000000
2958 -23352.000000
2959 -23300.000000
2960 -23440.000000
2961 -23408.000000
2962 -23512.000000
2963 -23804.000000
2964 -23944.000000
2965 -24164.000000
2966 -24284.000000
2967 -24228.000000
2968 -24692.000000
2969 -24628.000000
2970 -24472.000000
2971 -24300.000000
2972 -24692.000000
2973 -24136.000000
2974 -23812.000000
2975 -24148.000000
2976 -24008.000000
2977 -23744.000000
2978 -23808.000000
2979 -23560.000000
2980 -23544.000000
2981 -23916.000000
2982 -23916.000000
2983 -23912.000000
2984 -23964.000000
2985 -23640.000000
2986 -23784.000000
2987 -23996.000000
2988 -23984.000000
2989 -23856.000000
2990 -23476.000000
2991 -23624.000000
2992 -23208.000000
2993 -23376.000000
2994 -23908.000000
2995 -23868.000000
2996 -23528.000000
2997 -23580.000000
2998 -23488.000000
2999 -24032.000000
3000 -23844.000000
3001 -23924.000000
3002 -23784.000000
3003 -23912.000000
3004 -24072.000000
3005 -23896.000000
3006 -23700.000000
3007 -23688.000000
3008 -24076.000000
3009 -24060.000000
3010 -24812.000000
3011 -24724.000000
3012 -24304.000000
3013 -24592.000000
3014 -24276.000000
3015 -24376.000000
3016 -23716.000000
3017 -23484.000000
3018 -23276.000000
3019 -23816.000000
3020 -23876.000000
3021 -23988.000000
3022 -24224.000000
3023 -23552.000000
3024 -23656.000000
3025 -23756.000000
3026 -23604.000000
3027 -23896.000000
3028 -23620.000000
3029 -23388.000000
3030 -23848.000000
3031 -23760.000000
3032 -24256.000000
3033 -23796.000000
3034 -24076.000000
3035 -24164.000000
3036 -23952.000000
3037 -24392.000000
3038 -24328.000000
3039 -24216.000000
3040 -23908.000000
3041 -24232.000000
3042 -23916.000000
3043 -24140.000000
3044 -24212.000000
3045 -23816.000000
3046 -23676.000000
3047 -23560.000000
3048 -23964.000000
3049 -23872.000000
3050 -23944.000000
3051 -24048.000000
3052 -23792.000000
3053 -23428.000000
3054 -23224.000000
3055 -23672.000000
3056 -23680.000000
3057 -23632.000000
3058 -24196.000000
3059 -24572.000000
3060 -24164.000000
3061 -24232.000000
3062 -23696.000000
3063 -23776.000000
3064 -24144.000000
3065 -23588.000000
3066 -23788.000000
3067 -23748.000000
3068 -23420.000000
3069 -23812.000000
3070 -23696.000000
3071 -24032.000000
3072 -23904.000000
3073 -23780.000000
3074 -23968.000000
3075 -23932.000000
3076 -23756.000000
3077 -23700.000000
3078 -23888.000000
3079 -24212.000000
3080 -23752.000000
3081 -23984.000000
3082 -24460.000000
3083 -24112.000000
3084 -24136.000000
3085 -24336.000000
3086 -24000.000000
3087 -24236.000000
3088 -24052.000000
3089 -24400.000000
3090 -24548.000000
3091 -24660.000000
3092 -24460.000000
3093 -24520.000000
3094 -24344.000000
3095 -24520.000000
3096 -24456.000000
3097 -23936.000000
3098 -24016.000000
3099 -24040.000000
3100 -24036.000000
3101 -24296.000000
3102 -24248.000000
3103 -24060.000000
3104 -24004.000000
3105 -24132.000000
3106 -23936.000000
3107 -24032.000000
3108 -23840.000000
3109 -23904.000000
3110 -24268.000000
3111 -23760.000000
3112 -23784.000000
3113 -23708.000000
3114 -23856.000000
3115 -23780.000000
3116 -23716.000000
3117 -24012.000000
3118 -23484.000000
3119 -23836.000000
3120 -23704.000000
3121 -24108.000000
3122 -24256.000000
3123 -24136.000000
3124 -24316.000000
3125 -24088.000000
3126 -24136.000000
3127 -24300.000000
3128 -24732.000000
3129 -24628.000000
3130 -24008.000000
3131 -24580.000000
3132 -24212.000000
3133 -24368.000000
3134 -24452.000000
3135 -23868.000000
3136 -23776.000000
3137 -23868.000000
3138 -23844.000000
3139 -23116.000000
3140 -23744.000000
3141 -23812.000000
3142 -23720.000000
3143 -23664.000000
3144 -23768.000000
3145 -23712.000000
3146 -23448.000000
3147 -23280.000000
3148 -22872.000000
3149 -22708.000000
3150 -22932.000000
3151 -22820.000000
3152 -23544.000000
3153 -23920.000000
3154 -24100.000000
3155 -23828.000000
3156 -23792.000000
3157 -23788.000000
3158 -23680.000000
3159 -23720.000000
3160 -24068.000000
3161 -24000.000000
3162 -23920.000000
3163 -24092.000000
3164 -23824.000000
3165 -23960.000000
3166 -24292.000000
3167 -24296.000000
3168 -23692.000000
3169 -24220.000000
3170 -24264.000000
3171 -24528.000000
3172 -24100.000000
3173 -24224.000000
3174 -24100.000000
3175 -24232.000000
3176 -23760.000000
3177 -23832.000000
3178 -23548.000000
3179 -23660.000000
3180 -23700.000000
3181 -23444.000000
3182 -23720.000000
3183 -23480.000000
3184 -23708.000000
3185 -23512.000000
3186 -24012.000000
3187 -23880.000000
3188 -23924.000000
3189 -23936.000000
3190 -23820.000000
3191 -23644.000000
3192 -23516.000000
3193 -23232.000000
3194 -23460.000000
3195 -23744.000000
3196 -24344.000000
3197 -24024.000000
3198 -24168.000000
3199 -24276.000000
3200 -24160.000000
3201 -23960.000000
3202 -23564.000000
3203 -23724.000000
3204 -23952.000000
3205 -24072.000000
3206 -24184.000000
3207 -24344.000000
3208 -24276.000000
3209 -24516.000000
3210 -23992.000000
3211 -23748.000000
3212 -23620.000000
3213 -23436.000000
3214 -23772.000000
3215 -23592.000000
3216 -23612.000000
3217 -24424.000000
3218 -24560.000000
3219 -24596.000000
3220 -24728.000000
3221 -24712.000000
3222 -24340.000000
3223 -24128.000000
3224 -24164.000000
3225 -24188.000000
3226 -24032.000000
3227 -24200.000000
3228 -23812.000000
3229 -23692.000000
3230 -24168.000000
3231 -23996.000000
3232 -24236.000000
3233 -23956.000000
3234 -24068.000000
3235 -23852.000000
3236 -24488.000000
3237 -24464.000000
3238 -24284.000000
3239 -23840.000000
3240 -23952.000000
3241 -24576.000000
3242 -24676.000000
3243 -24160.000000
3244 -23996.000000
3245 -23956.000000
3246 -23896.000000
3247 -23752.000000
3248 -24000.000000
3249 -24216.000000
3250 -24156.000000
3251 -24272.000000
3252 -23964.000000
3253 -23984.000000
3254 -24244.000000
3255 -23984.000000
3256 -24216.000000
3257 -24572.000000
3258 -24408.000000
3259 -24088.000000
3260 -23660.000000
3261 -24016.000000
3262 -24168.000000
3263 -23896.000000
3264 -24192.000000
3265 -24296.000000
3266 -24452.000000
3267 -24076.000000
3268 -24344.000000
3269 -23672.000000
3270 -23956.000000
3271 -23792.000000
3272 -23820.000000
3273 -23788.000000
3274 -23964.000000
3275 -23884.000000
3276 -23840.000000
3277 -24120.000000
3278 -23608.000000
3279 -23776.000000
3280 -23700.000000
3281 -23768.000000
3282 -24028.000000
3283 -23588.000000
3284 -23748.000000
3285 -24556.000000
3286 -24152.000000
3287 -23952.000000
3288 -24208.000000
3289 -24716.000000
3290 -24700.000000
3291 -24388.000000
3292 -23976.000000
3293 -23948.000000
3294 -23884.000000
3295 -24008.000000
3296 -24068.000000
3297 -23680.000000
3298 -24160.000000
3299 -24024.000000
3300 -23756.000000
3301 -24028.000000
3302 -24036.000000
3303 -24028.000000
3304 -23744.000000
3305 -23860.000000
3306 -24368.000000
3307 -24104.000000
3308 -24308.000000
3309 -23720.000000
3310 -23392.000000
3311 -23516.000000
3312 -23800.000000
3313 -24384.000000
3314 -24124.000000
3315 -23912.000000
3316 -23816.000000
3317 -23696.000000
3318 -23796.000000
3319 -23776.000000
3320 -24256.000000
3321 -24072.000000
3322 -24524.000000
3323 -24660.000000
3324 -24272.000000
3325 -24352.000000
3326 -24440.000000
3327 -24396.000000
3328 -24308.000000
3329 -24432.000000
3330 -24468.000000
3331 -24672.000000
3332 -24836.000000
3333 -24912.000000
3334 -24716.000000
3335 -24636.000000
3336 -24376.000000
3337 -24168.000000
3338 -24072.000000
3339 -24032.000000
3340 -24028.000000
3341 -23948.000000
3342 -24176.000000
3343 -24328.000000
3344 -24068.000000
3345 -24288.000000
3346 -24464.000000
3347 -24360.000000
3348 -24204.000000
3349 -24344.000000
3350 -24336.000000
3351 -24348.000000
3352 -24316.000000
3353 -24584.000000
3354 -24428.000000
3355 -24388.000000
3356 -24164.000000
3357 -24392.000000
3358 -23972.000000
3359 -24084.000000
3360 -24064.000000
3361 -23992.000000
3362 -24120.000000
3363 -23664.000000
3364 -23548.000000
3365 -23380.000000
3366 -23312.000000
3367 -23108.000000
3368 -23436.000000
3369 -23864.000000
3370 -24168.000000
3371 -23768.000000
3372 -23536.000000
3373 -23704.000000
3374 -23280.000000
3375 -23596.000000
3376 -23436.000000
3377 -23572.000000
3378 -23720.000000
3379 -23700.000000
3380 -23200.000000
3381 -23792.000000
3382 -23544.000000
3383 -23560.000000
3384 -24236.000000
3385 -23780.000000
3386 -24448.000000
3387 -24288.000000
3388 -23696.000000
3389 -23476.000000
3390 -23612.000000
3391 -23968.000000
3392 -23704.000000
3393 -23732.000000
3394 -23600.000000
3395 -24032.000000
3396 -23936.000000
3397 -24344.000000
3398 -24312.000000
3399 -24360.000000
3400 -24500.000000
3401 -24276.000000
3402 -24252.000000
3403 -24352.000000
3404 -24388.000000
3405 -24360.000000
3406 -24616.000000
3407 -24472.000000
3408 -23848.000000
3409 -24328.000000
3410 -24100.000000
3411 -24148.000000
3412 -23680.000000
3413 -23884.000000
3414 -23672.000000
3415 -23512.000000
3416 -23856.000000
3417 -23664.000000
3418 -23472.000000
3419 -23936.000000
3420 -23528.000000
3421 -24052.000000
3422 -23800.000000
3423 -24116.000000
3424 -23684.000000
3425 -23652.000000
3426 -23432.000000
3427 -23316.000000
3428 -23696.000000
3429 -23724.000000
3430 -23860.000000
3431 -23756.000000
3432 -23604.000000
3433 -23992.000000
3434 -24204.000000
3435 -24260.000000
3436 -24456.000000
3437 -24540.000000
3438 -24224.000000
3439 -23676.000000
3440 -24348.000000
3441 -24608.000000
3442 -24260.000000
3443 -23840.000000
3444 -23548.000000
3445 -23648.000000
3446 -23752.000000
3447 -23892.000000
3448 -23912.000000
3449 -24024.000000
3450 -24000.000000
3451 -23856.000000
3452 -23896.000000
3453 -23796.000000
3454 -23604.000000
3455 -23516.000000
3456 -23008.000000
3457 -23656.000000
3458 -24136.000000
3459 -24228.000000
3460 -23764.000000
3461 -23396.000000
3462 -23628.000000
3463 -23340.000000
3464 -23856.000000
3465 -24324.000000
3466 -24424.000000
3467 -23800.000000
3468 -23856.000000
3469 -24080.000000
3470 -24292.000000
3471 -24416.000000
3472 -24484.000000
3473 -24376.000000
3474 -24248.000000
3475 -23504.000000
3476 -23656.000000
3477 -23668.000000
3478 -23588.000000
3479 -23984.000000
3480 -23992.000000
3481 -23956.000000
3482 -23800.000000
3483 -24376.000000
3484 -24568.000000
3485 -24768.000000
3486 -24440.000000
3487 -24320.000000
3488 -24432.000000
3489 -24080.000000
3490 -23700.000000
3491 -23544.000000
3492 -23692.000000
3493 -24008.000000
3494 -23692.000000
3495 -24428.000000
3496 -24232.000000
3497 -23836.000000
3498 -24340.000000
3499 -24164.000000
3500 -23912.000000
3501 -24112.000000
3502 -24000.000000
3503 -24404.000000
3504 -24100.000000
3505 -23960.000000
3506 -24080.000000
3507 -24004.000000
3508 -24132.000000
3509 -23972.000000
3510 -24164.000000
3511 -24120.000000
3512 -24272.000000
3513 -24228.000000
3514 -24396.000000
3515 -24524.000000
3516 -24276.000000
3517 -24784.000000
3518 -24284.000000
3519 -24056.000000
3520 -24036.000000
3521 -23888.000000
3522 -24252.000000
3523 -24364.000000
3524 -24388.000000
3525 -23760.000000
3526 -23688.000000
3527 -24068.000000
3528 -23916.000000
3529 -23496.000000
3530 -23720.000000
3531 -23264.000000
3532 -23512.000000
3533 -23816.000000
3534 -23652.000000
3535 -23588.000000
3536 -23636.000000
3537 -23820.000000
3538 -23476.000000
3539 -23356.000000
3540 -23604.000000
3541 -23396.000000
3542 -23460.000000
3543 -23352.000000
3544 -23432.000000
3545 -23440.000000
3546 -23736.000000
3547 -23352.000000
3548 -23436.000000
3549 -23808.000000
3550 -23776.000000
3551 -23776.000000
3552 -23400.000000
3553 -23396.000000
3554 -23400.000000
3555 -23776.000000
3556 -23608.000000
3557 -23660.000000
3558 -23512.000000
3559 -23688.000000
3560 -23996.000000
3561 -23828.000000
3562 -23784.000000
3563 -23744.000000
3564 -23168.000000
3565 -23508.000000
3566 -24212.000000
3567 -24188.000000
3568 -24384.000000
3569 -23776.000000
3570 -23480.000000
3571 -23840.000000
3572 -23432.000000
3573 -23152.000000
3574 -23440.000000
3575 -24004.000000
3576 -23940.000000
3577 -23912.000000
3578 -24064.000000
3579 -23964.000000
3580 -23908.000000
3581 -23724.000000
3582 -24240.000000
3583 -23712.000000
3584 -23468.000000
3585 -23376.000000
3586 -23412.000000
3587 -23616.000000
3588 -23808.000000
3589 -24196.000000
3590 -24544.000000
3591 -23892.000000
3592 -23916.000000
3593 -23928.000000
3594 -23932.000000
3595 -23664.000000
3596 -23716.000000
3597 -23664.000000
3598 -23384.000000
3599 -23708.000000
3600 -23820.000000
3601 -23528.000000
3602 -23692.000000
3603 -23492.000000
3604 -23280.000000
3605 -22892.000000
3606 -23164.000000
3607 -23116.000000
3608 -22972.000000
3609 -23188.000000
3610 -23184.000000
3611 -23464.000000
3612 -23908.000000
3613 -23896.000000
3614 -24260.000000
3615 -23956.000000
3616 -24496.000000
3617 -24440.000000
3618 -24472.000000
3619 -24092.000000
3620 -24768.000000
3621 -24392.000000
3622 -24036.000000
3623 -24232.000000
3624 -24220.000000
3625 -24420.000000
3626 -24812.000000
3627 -24708.000000
3628 -24108.000000
3629 -24336.000000
3630 -24560.000000
3631 -24240.000000
3632 -23864.000000
3633 -24324.000000
3634 -24080.000000
3635 -24084.000000
3636 -24420.000000
3637 -24524.000000
3638 -23952.000000
3639 -24428.000000
3640 -23848.000000
3641 -23688.000000
3642 -23808.000000
3643 -23912.000000
3644 -23980.000000
3645 -23704.000000
3646 -23756.000000
3647 -24092.000000
3648 -24072.000000
3649 -24064.000000
3650 -23984.000000
3651 -23992.000000
3652 -23704.000000
3653 -23964.000000
3654 -23976.000000
3655 -24228.000000
3656 -24668.000000
3657 -24512.000000
3658 -24656.000000
3659 -23944.000000
3660 -23924.000000
3661 -23832.000000
3662 -23984.000000
3663 -24180.000000
3664 -24360.000000
3665 -24400.000000
3666 -24240.000000
3667 -24024.000000
3668 -24020.000000
3669 -23608.000000
3670 -23432.000000
3671 -23812.000000
3672 -23668.000000
3673 -23832.000000
3674 -23904.000000
3675 -23584.000000
3676 -23520.000000
3677 -23916.000000
3678 -23660.000000
3679 -23264.000000
3680 -23428.000000
3681 -23376.000000
3682 -23648.000000
3683 -23236.000000
3684 -23184.000000
3685 -23520.000000
3686 -23792.000000
3687 -23640.000000
3688 -23108.000000
3689 -23572.000000
3690 -23360.000000
3691 -23560.000000
3692 -23604.000000
3693 -23672.000000
3694 -23648.000000
3695 -24108.000000
3696 -23956.000000
3697 -23764.000000
3698 -24160.000000
3699 -24168.000000
3700 -23920.000000
3701 -23676.000000
3702 -23780.000000
3703 -23664.000000
3704 -23732.000000
3705 -23732.000000
3706 -23856.000000
3707 -23812.000000
3708 -23688.000000
3709 -23364.000000
3710 -23524.000000
3711 -23772.000000
3712 -24024.000000
3713 -24172.000000
3714 -24276.000000
3715 -23808.000000
3716 -23464.000000
3717 -24064.000000
3718 -23932.000000
3719 -23632.000000
3720 -23788.000000
3721 -23936.000000
3722 -23600.000000
3723 -23864.000000
3724 -23860.000000
3725 -24168.000000
3726 -23832.000000
3727 -24016.000000
3728 -23920.000000
3729 -23608.000000
3730 -23372.000000
3731 -23876.000000
3732 -24004.000000
3733 -23848.000000
3734 -23820.000000
3735 -24028.000000
3736 -24068.000000
3737 -24068.000000
3738 -23664.000000
3739 -23428.000000
3740 -24000.000000
3741 -24020.000000
3742 -23912.000000
3743 -23856.000000
3744 -23684.000000
3745 -24020.000000
3746 -23836.000000
3747 -24288.000000
3748 -24132.000000
3749 -23636.000000
3750 -23688.000000
3751 -23824.000000
3752 -24316.000000
3753 -23940.000000
3754 -23828.000000
3755 -24388.000000
3756 -24256.000000
3757 -23964.000000
3758 -24072.000000
3759 -24416.000000
3760 -24104.000000
3761 -23980.000000
3762 -23344.000000
3763 -23640.000000
3764 -23540.000000
3765 -23860.000000
3766 -24292.000000
3767 -24592.000000
3768 -24248.000000
3769 -24212.000000
3770 -24156.000000
3771 -24168.000000
3772 -23964.000000
3773 -23584.000000
3774 -24124.000000
3775 -24228.000000
3776 -24332.000000
3777 -24028.000000
3778 -24460.000000
3779 -24248.000000
3780 -24024.000000
3781 -23736.000000
3782 -23576.000000
3783 -23652.000000
3784 -23816.000000
3785 -23812.000000
3786 -23644.000000
3787 -24008.000000
3788 -24400.000000
3789 -24028.000000
3790 -23892.000000
3791 -23896.000000
3792 -23940.000000
3793 -24012.000000
3794 -24084.000000
3795 -23948.000000
3796 -23964.000000
3797 -23444.000000
3798 -23628.000000
3799 -24280.000000
3800 -24260.000000
3801 -24084.000000
3802 -24524.000000
3803 -24040.000000
3804 -23684.000000
3805 -24200.000000
3806 -23496.000000
3807 -23668.000000
3808 -23400.000000
3809 -23824.000000
3810 -24020.000000
3811 -24128.000000
3812 -24380.000000
3813 -24084.000000
3814 -23860.000000
3815 -23796.000000
3816 -24000.000000
3817 -24000.000000
3818 -24152.000000
3819 -23424.000000
3820 -23324.000000
3821 -23736.000000
3822 -24208.000000
3823 -24708.000000
3824 -24572.000000
3825 -24708.000000
3826 -24444.000000
3827 -24816.000000
3828 -24752.000000
3829 -24576.000000
3830 -24284.000000
3831 -24504.000000
3832 -24648.000000
3833 -24388.000000
3834 -24440.000000
3835 -24868.000000
3836 -24868.000000
3837 -24264.000000
3838 -24688.000000
3839 -23836.000000
3840 -24048.000000
3841 -23836.000000
3842 -24540.000000
3843 -24236.000000
3844 -24596.000000
3845 -24664.000000
3846 -24724.000000
3847 -24492.000000
3848 -24612.000000
3849 -24816.000000
3850 -24752.000000
3851 -24580.000000
3852 -24304.000000
3853 -24160.000000
3854 -24056.000000
3855 -23944.000000
3856 -23724.000000
3857 -23968.000000
3858 -23836.000000
3859 -23824.000000
3860 -24192.000000
3861 -24532.000000
3862 -24184.000000
3863 -23848.000000
3864 -23864.000000
3865 -23620.000000
3866 -23496.000000
3867 -23784.000000
3868 -23712.000000
3869 -24400.000000
3870 -23916.000000
3871 -23844.000000
3872 -24272.000000
3873 -23960.000000
3874 -24360.000000
3875 -23968.000000
3876 -23940.000000
3877 -24240.000000
3878 -23424.000000
3879 -23508.000000
3880 -23400.000000
3881 -23048.000000
3882 -23424.000000
3883 -23596.000000
3884 -23332.000000
3885 -23816.000000
3886 -23728.000000
3887 -23500.000000
3888 -23500.000000
3889 -23684.000000
3890 -23792.000000
3891 -24256.000000
3892 -24560.000000
3893 -24616.000000
3894 -24728.000000
3895 -24396.000000
3896 -24332.000000
3897 -24108.000000
3898 -23944.000000
3899 -24336.000000
3900 -23924.000000
3901 -24040.000000
3902 -23984.000000
3903 -23712.000000
3904 -23696.000000
3905 -23940.000000
3906 -23500.000000
3907 -23548.000000
3908 -23444.000000
3909 -24096.000000
3910 -24152.000000
3911 -24024.000000
3912 -23916.000000
3913 -23940.000000
3914 -23640.000000
3915 -23808.000000
3916 -23632.000000
3917 -23560.000000
3918 -23812.000000
3919 -23988.000000
3920 -23624.000000
3921 -23540.000000
3922 -23872.000000
3923 -23944.000000
3924 -23896.000000
3925 -23672.000000
3926 -23828.000000
3927 -23828.000000
3928 -23992.000000
3929 -24368.000000
3930 -23848.000000
3931 -23908.000000
3932 -24508.000000
3933 -24144.000000
3934 -23880.000000
3935 -24024.000000
3936 -23872.000000
3937 -23928.000000
3938 -23608.000000
3939 -23456.000000
3940 -24024.000000
3941 -24624.000000
3942 -24308.000000
3943 -24016.000000
3944 -24184.000000
3945 -23860.000000
3946 -23780.000000
3947 -23924.000000
3948 -23324.000000
3949 -23192.000000
3950 -23688.000000
3951 -23464.000000
3952 -23792.000000
3953 -23496.000000
3954 -23456.000000
3955 -23616.000000
3956 -24268.000000
3957 -24232.000000
3958 -24388.000000
3959 -24684.000000
3960 -24016.000000
3961 -23656.000000
3962 -23256.000000
3963 -23024.000000
3964 -23408.000000
3965 -23740.000000
3966 -23884.000000
3967 -23836.000000
3968 -23892.000000
3969 -23924.000000
3970 -23888.000000
3971 -23664.000000
3972 -24192.000000
3973 -24036.000000
3974 -24292.000000
3975 -23968.000000
3976 -24412.000000
3977 -24084.000000
3978 -23320.000000
3979 -23344.000000
3980 -23340.000000
3981 -23588.000000
3982 -24004.000000
3983 -23472.000000
3984 -23420.000000
3985 -23448.000000
3986 -23532.000000
3987 -24192.000000
3988 -24168.000000
3989 -24356.000000
3990 -24344.000000
3991 -24192.000000
3992 -23912.000000
3993 -23848.000000
3994 -23700.000000
3995 -23476.000000
3996 -23428.000000
3997 -23832.000000
3998 -23528.000000
3999 -23680.000000
4000 -23608.000000
4001 -22744.000000
4002 -23040.000000
4003 -23396.000000
4004 -23680.000000
4005 -23660.000000
4006 -23488.000000
4007 -23672.000000
4008 -23448.000000
4009 -23888.000000
4010 -23928.000000
4011 -24332.000000
4012 -24228.000000
4013 -24104.000000
4014 -23868.000000
4015 -23316.000000
4016 -23844.000000
4017 -24112.000000
4018 -23924.000000
4019 -24232.000000
4020 -24032.000000
4021 -23852.000000
4022 -24012.000000
4023 -23912.000000
4024 -23620.000000
4025 -23480.000000
4026 -23956.000000
4027 -23984.000000
4028 -23932.000000
4029 -24032.000000
4030 -23496.000000
4031 -23528.000000
4032 -23828.000000
4033 -24124.000000
4034 -24320.000000
4035 -23848.000000
4036 -23364.000000
4037 -23588.000000
4038 -23912.000000
4039 -24152.000000
4040 -24060.000000
4041 -24484.000000
4042 -24540.000000
4043 -24368.000000
4044 -23728.000000
4045 -23860.000000
4046 -23628.000000
4047 -23976.000000
4048 -23732.000000
4049 -23904.000000
4050 -24080.000000
4051 -23972.000000
4052 -24028.000000
4053 -23472.000000
4054 -23816.000000
4055 -23860.000000
4056 -23612.000000
4057 -23732.000000
4058 -23808.000000
4059 -23912.000000
4060 -23668.000000
4061 -23620.000000
4062 -24084.000000
4063 -24220.000000
4064 -23836.000000
4065 -23688.000000
4066 -23620.000000
4067 -23532.000000
4068 -23900.000000
4069 -24020.000000
4070 -23828.000000
4071 -23876.000000
4072 -23640.000000
4073 -23664.000000
4074 -23312.000000
4075 -23816.000000
4076 -23672.000000
4077 -23724.000000
4078 -23676.000000
4079 -23560.000000
4080 -23564.000000
4081 -23572.000000
4082 -23704.000000
4083 -23948.000000
4084 -23964.000000
4085 -23784.000000
4086 -23948.000000
4087 -23952.000000
4088 -24120.000000
4089 -23736.000000
4090 -23524.000000
4091 -23708.000000
4092 -23336.000000
4093 -23764.000000
4094 -23708.000000
4095 -23804.000000
4096 -23596.000000
4097 -23940.000000
4098 -23996.000000
4099 -23992.000000
4100 -24548.000000
4101 -24064.000000
4102 -24100.000000
4103 -23988.000000
4104 -23884.000000
4105 -23688.000000
4106 -23664.000000
4107 -23824.000000
4108 -24092.000000
4109 -24216.000000
4110 -23868.000000
4111 -24068.000000
4112 -24284.000000
4113 -24252.000000
4114 -23692.000000
4115 -24256.000000
4116 -24232.000000
4117 -23924.000000
4118 -23828.000000
4119 -24096.000000
4120 -23952.000000
4121 -23684.000000
4122 -24112.000000
4123 -24068.000000
4124 -23888.000000
4125 -23984.000000
4126 -24136.000000
4127 -24048.000000
4128 -24156.000000
4129 -24168.000000
4130 -24080.000000
4131 -23764.000000
4132 -23888.000000
4133 -24104.000000
4134 -24024.000000
4135 -23700.000000
4136 -23992.000000
4137 -24060.000000
4138 -24000.000000
4139 -24204.000000
4140 -24152.000000
4141 -23916.000000
4142 -23904.000000
4143 -23424.000000
4144 -23708.000000
4145 -23624.000000
4146 -23972.000000
4147 -23692.000000
4148 -23924.000000
4149 -23996.000000
4150 -23652.000000
4151 -23692.000000
4152 -23892.000000
4153 -23832.000000
4154 -23572.000000
4155 -23556.000000
4156 -24056.000000
4157 -23876.000000
4158 -24432.000000
4159 -23964.000000
4160 -24200.000000
4161 -24012.000000
4162 -23868.000000
4163 -24060.000000
4164 -24196.000000
4165 -24168.000000
4166 -24228.000000
4167 -24164.000000
4168 -24352.000000
4169 -24260.000000
4170 -24600.000000
4171 -24316.000000
4172 -24144.000000
4173 -24216.000000
4174 -23852.000000
4175 -24092.000000
4176 -23996.000000
4177 -24624.000000
4178 -24596.000000
4179 -24428.000000
4180 -24484.000000
4181 -24260.000000
4182 -24544.000000
4183 -24340.000000
4184 -24024.000000
4185 -24108.000000
4186 -24012.000000
4187 -23876.000000
4188 -23728.000000
4189 -23972.000000
4190 -23664.000000
4191 -23932.000000
4192 -23664.000000
4193 -24036.000000
4194 -23964.000000
4195 -23560.000000
4196 -24056.000000
4197 -24160.000000
4198 -24040.000000
4199 -24040.000000
4200 -23840.000000
4201 -24016.000000
4202 -24304.000000
4203 -24404.000000
4204 -24344.000000
4205 -24088.000000
4206 -24184.000000
4207 -24184.000000
4208 -23996.000000
4209 -24260.000000
4210 -24436.000000
4211 -24284.000000
4212 -24420.000000
4213 -24172.000000
4214 -23944.000000
4215 -24360.000000
4216 -24520.000000
4217 -23592.000000
4218 -23452.000000
4219 -23576.000000
4220 -23656.000000
4221 -23744.000000
4222 -23820.000000
4223 -23640.000000
4224 -23348.000000
4225 -23720.000000
4226 -23816.000000
4227 -24136.000000
4228 -24116.000000
4229 -24480.000000
4230 -24156.000000
4231 -24284.000000
4232 -23996.000000
4233 -24164.000000
4234 -24188.000000
4235 -24524.000000
4236 -24156.000000
4237 -24720.000000
4238 -24652.000000
4239 -24536.000000
4240 -24816.000000
4241 -24952.000000
4242 -24736.000000
4243 -24116.000000
4244 -23512.000000
4245 -24412.000000
4246 -24112.000000
4247 -24232.000000
4248 -24172.000000
4249 -24448.000000
4250 -24360.000000
4251 -24004.000000
4252 -24496.000000
4253 -24580.000000
4254 -24548.000000
4255 -24412.000000
4256 -24568.000000
4257 -24476.000000
4258 -24236.000000
4259 -24440.000000
4260 -24796.000000
4261 -24660.000000
4262 -24520.000000
4263 -24532.000000
4264 -24472.000000
4265 -24644.000000
4266 -24044.000000
4267 -24188.000000
4268 -23948.000000
4269 -23740.000000
4270 -24020.000000
4271 -24280.000000
4272 -24048.000000
4273 -23748.000000
4274 -23844.000000
4275 -24108.000000
4276 -23848.000000
4277 -23780.000000
4278 -24048.000000
4279 -23868.000000
4280 -23508.000000
4281 -24124.000000
4282 -23844.000000
4283 -23748.000000
4284 -23228.000000
4285 -23448.000000
4286 -22828.000000
4287 -23176.000000
4288 -23748.000000
4289 -23356.000000
4290 -22908.000000
4291 -23188.000000
4292 -23256.000000
4293 -23308.000000
4294 -23448.000000
4295 -23584.000000
4296 -23288.000000
4297 -23100.000000
4298 -23500.000000
4299 -23208.000000
4300 -23236.000000
4301 -23336.000000
4302 -23276.000000
4303 -23296.000000
4304 -23028.000000
4305 -23648.000000
4306 -24068.000000
4307 -23656.000000
4308 -23620.000000
4309 -23736.000000
4310 -23640.000000
4311 -23992.000000
4312 -23804.000000
4313 -23560.000000
4314 -23544.000000
4315 -23356.000000
4316 -23324.000000
4317 -23380.000000
4318 -23616.000000
4319 -23576.000000
4320 -23588.000000
4321 -23792.000000
4322 -23716.000000
4323 -23848.000000
4324 -23868.000000
4325 -23868.000000
4326 -23896.000000
4327 -24192.000000
4328 -23956.000000
4329 -24176.000000
4330 -23892.000000
4331 -23904.000000
4332 -24180.000000
4333 -24188.000000
4334 -24244.000000
4335 -23864.000000
4336 -24308.000000
4337 -24148.000000
4338 -23992.000000
4339 -23908.000000
4340 -24028.000000
4341 -23968.000000
4342 -23596.000000
4343 -23892.000000
4344 -23824.000000
4345 -23488.000000
4346 -23412.000000
4347 -23404.000000
4348 -23272.000000
4349 -23412.000000
4350 -23604.000000
4351 -24052.000000
4352 -23952.000000
4353 -23576.000000
4354 -23660.000000
4355 -23740.000000
4356 -23780.000000
4357 -23380.000000
4358 -23320.000000
4359 -23956.000000
4360 -23276.000000
4361 -23356.000000
4362 -23728.000000
4363 -23620.000000
4364 -23304.000000
4365 -23320.000000
4366 -23460.000000
4367 -23692.000000
4368 -23344.000000
4369 -23680.000000
4370 -24324.000000
4371 -24272.000000
4372 -24716.000000
4373 -24616.000000
4374 -24588.000000
4375 -24416.000000
4376 -23844.000000
4377 -24072.000000
4378 -24424.000000
4379 -23860.000000
4380 -23856.000000
4381 -23892.000000
4382 -23992.000000
4383 -23696.000000
4384 -23992.000000
4385 -24356.000000
4386 -23692.000000
4387 -23876.000000
4388 -23508.000000
4389 -23504.000000
4390 -23828.000000
4391 -23608.000000
4392 -23540.000000
4393 -23860.000000
4394 -23892.000000
4395 -23708.000000
4396 -23976.000000
4397 -24112.000000
4398 -24016.000000
4399 -24028.000000
4400 -24324.000000
4401 -23968.000000
4402 -24296.000000
4403 -24228.000000
4404 -24204.000000
4405 -24256.000000
4406 -24292.000000
4407 -24064.000000
4408 -23876.000000
4409 -23296.000000
4410 -23512.000000
4411 -23524.000000
4412 -24060.000000
4413 -23788.000000
4414 -23916.000000
4415 -23692.000000
4416 -23832.000000
4417 -24292.000000
4418 -24304.000000
4419 -24228.000000
4420 -23804.000000
4421 -23740.000000
4422 -23840.000000
4423 -23976.000000
4424 -24312.000000
4425 -24552.000000
4426 -24144.000000
4427 -23952.000000
4428 -24292.000000
4429 -24364.000000
4430 -23992.000000
4431 -24104.000000
4432 -24140.000000
4433 -23828.000000
4434 -23980.000000
4435 -24156.000000
4436 -24076.000000
4437 -24480.000000
4438 -24368.000000
4439 -24740.000000
4440 -24596.000000
4441 -24224.000000
4442 -24032.000000
4443 -23736.000000
4444 -23808.000000
4445 -23732.000000
4446 -23512.000000
4447 -24116.000000
4448 -23564.000000
4449 -23768.000000
4450 -24540.000000
4451 -24544.000000
4452 -24380.000000
4453 -24420.000000
4454 -24464.000000
4455 -23828.000000
4456 -24124.000000
4457 -24016.000000
4458 -24388.000000
4459 -24092.000000
4460 -23904.000000
4461 -24220.000000
4462 -23900.000000
4463 -23764.000000
4464 -23748.000000
4465 -23960.000000
4466 -23852.000000
4467 -24204.000000
4468 -23892.000000
4469 -24476.000000
4470 -23944.000000
4471 -23472.000000
4472 -23940.000000
4473 -24180.000000
4474 -23652.000000
4475 -23968.000000
4476 -23768.000000
4477 -23652.000000
4478 -23532.000000
4479 -23468.000000
4480 -23764.000000
4481 -24352.000000
4482 -23980.000000
4483 -24056.000000
4484 -23688.000000
4485 -23580.000000
4486 -23740.000000
4487 -23724.000000
4488 -23200.000000
4489 -23408.000000
4490 -23796.000000
4491 -23736.000000
4492 -23132.000000
4493 -23684.000000
4494 -23784.000000
4495 -24080.000000
4496 -23872.000000
4497 -24128.000000
4498 -24168.000000
4499 -24008.000000
4500 -23324.000000
4501 -23596.000000
4502 -23872.000000
4503 -24412.000000
4504 -24120.000000
4505 -23956.000000
4506 -23836.000000
4507 -24008.000000
4508 -24308.000000
4509 -24480.000000
4510 -23864.000000
4511 -23968.000000
4512 -23968.000000
4513 -23596.000000
4514 -23872.000000
4515 -23524.000000
4516 -23592.000000
4517 -23636.000000
4518 -23728.000000
4519 -23624.000000
4520 -23788.000000
4521 -24124.000000
4522 -23748.000000
4523 -23668.000000
4524 -23844.000000
4525 -23952.000000
4526 -23904.000000
4527 -24040.000000
4528 -23876.000000
4529 -24268.000000
4530 -24484.000000
4531 -24108.000000
4532 -23880.000000
4533 -23824.000000
4534 -23712.000000
4535 -23276.000000
4536 -23816.000000
4537 -23376.000000
4538 -23308.000000
4539 -23724.000000
4540 -23300.000000
4541 -23100.000000
4542 -23332.000000
4543 -23588.000000
4544 -23608.000000
4545 -24032.000000
4546 -23584.000000
4547 -23692.000000
4548 -24208.000000
4549 -24408.000000
4550 -24124.000000
4551 -24044.000000
4552 -24424.000000
4553 -24432.000000
4554 -24244.000000
4555 -24404.000000
4556 -24780.000000
4557 -24448.000000
4558 -24448.000000
4559 -24340.000000
4560 -24208.000000
4561 -24152.000000
4562 -24252.000000
4563 -24264.000000
4564 -24260.000000
4565 -23980.000000
4566 -24228.000000
4567 -24112.000000
4568 -24576.000000
4569 -24468.000000
4570 -24652.000000
4571 -24536.000000
4572 -24464.000000
4573 -24600.000000
4574 -24608.000000
4575 -24724.000000
4576 -24296.000000
4577 -24456.000000
4578 -24468.000000
4579 -24080.000000
4580 -24152.000000
4581 -24184.000000
4582 -23844.000000
4583 -24460.000000
4584 -24560.000000
4585 -24496.000000
4586 -24188.000000
4587 -24408.000000
4588 -23904.000000
4589 -24400.000000
4590 -24376.000000
4591 -24100.000000
4592 -24076.000000
4593 -24068.000000
4594 -23816.000000
4595 -23920.000000
4596 -23756.000000
4597 -24104.000000
4598 -24032.000000
4599 -23972.000000
4600 -23832.000000
4601 -24052.000000
4602 -24400.000000
4603 -24432.000000
4604 -24504.000000
4605 -24372.000000
4606 -24196.000000
4607 -23948.000000
4608 -23976.000000
4609 -23744.000000
4610 -23980.000000
4611 -24304.000000
4612 -24168.000000
4613 -24228.000000
4614 -24212.000000
4615 -24184.000000
4616 -24168.000000
4617 -24012.000000
4618 -24056.000000
4619 -24404.000000
4620 -24336.000000
4621 -24084.000000
4622 -24044.000000
4623 -24172.000000
4624 -23628.000000
4625 -23864.000000
4626 -24188.000000
4627 -24276.000000
4628 -24040.000000
4629 -24636.000000
4630 -24480.000000
4631 -24720.000000
4632 -23936.000000
4633 -24132.000000
4634 -23720.000000
4635 -24092.000000
4636 -23892.000000
4637 -23732.000000
4638 -23824.000000
4639 -23576.000000
4640 -23404.000000
4641 -23484.000000
4642 -23312.000000
4643 -23940.000000
4644 -23792.000000
4645 -23580.000000
4646 -23748.000000
4647 -23708.000000
4648 -23936.000000
4649 -23396.000000
4650 -23328.000000
4651 -23208.000000
4652 -23212.000000
4653 -23244.000000
4654 -23860.000000
4655 -23896.000000
4656 -23676.000000
4657 -23704.000000
4658 -23748.000000
4659 -23600.000000
4660 -23976.000000
4661 -23748.000000
4662 -23976.000000
4663 -23764.000000
4664 -23360.000000
4665 -23616.000000
4666 -23576.000000
4667 -23012.000000
4668 -23012.000000
4669 -23036.000000
4670 -23128.000000
4671 -23260.000000
4672 -23548.000000
4673 -23464.000000
4674 -23800.000000
4675 -23752.000000
4676 -23800.000000
4677 -23560.000000
4678 -22872.000000
4679 -23120.000000
4680 -23384.000000
4681 -23276.000000
4682 -23628.000000
4683 -23868.000000
4684 -23808.000000
4685 -23660.000000
4686 -23632.000000
4687 -23892.000000
4688 -24204.000000
4689 -24484.000000
4690 -24084.000000
4691 -23536.000000
4692 -23680.000000
4693 -23544.000000
4694 -23868.000000
4695 -24400.000000
4696 -24088.000000
4697 -24268.000000
4698 -24108.000000
4699 -23852.000000
4700 -23828.000000
4701 -23704.000000
4702 -23792.000000
4703 -24188.000000
4704 -23680.000000
4705 -23912.000000
4706 -24356.000000
4707 -24420.000000
4708 -24268.000000
4709 -24460.000000
4710 -24592.000000
4711 -24060.000000
4712 -23904.000000
4713 -24080.000000
4714 -24360.000000
4715 -24004.000000
4716 -23716.000000
4717 -23660.000000
4718 -23824.000000
4719 -23444.000000
4720 -23436.000000
4721 -23728.000000
4722 -23688.000000
4723 -23744.000000
4724 -23436.000000
4725 -23456.000000
4726 -23620.000000
4727 -23788.000000
4728 -23584.000000
4729 -23448.000000
4730 -23092.000000
4731 -22980.000000
4732 -23572.000000
4733 -24068.000000
4734 -23564.000000
4735 -23716.000000
4736 -24156.000000
4737 -23972.000000
4738 -23516.000000
4739 -23676.000000
4740 -24076.000000
4741 -23936.000000
4742 -23664.000000
4743 -23268.000000
4744 -23176.000000
4745 -22900.000000
4746 -23200.000000
4747 -23144.000000
4748 -23320.000000
4749 -23384.000000
4750 -23592.000000
4751 -23612.000000
4752 -23840.000000
4753 -23768.000000
4754 -23896.000000
4755 -23928.000000
4756 -24164.000000
4757 -23564.000000
4758 -23564.000000
4759 -23876.000000
4760 -24036.000000
4761 -23820.000000
4762 -23676.000000
4763 -23996.000000
4764 -24056.000000
4765 -24168.000000
4766 -23984.000000
4767 -24288.000000
4768 -24012.000000
4769 -23576.000000
4770 -24276.000000
4771 -24160.000000
4772 -24592.000000
4773 -23872.000000
4774 -23564.000000
4775 -23412.000000
4776 -23696.000000
4777 -24256.000000
4778 -23912.000000
4779 -23576.000000
4780 -23804.000000
4781 -24144.000000
4782 -23644.000000
4783 -23960.000000
4784 -23436.000000
4785 -23372.000000
4786 -23860.000000
4787 -24040.000000
4788 -23964.000000
4789 -24092.000000
4790 -23732.000000
4791 -24276.000000
4792 -23984.000000
4793 -24132.000000
4794 -23824.000000
4795 -23880.000000
4796 -24192.000000
4797 -24276.000000
4798 -24484.000000
4799 -24344.000000
4800 -23916.000000
4801 -23832.000000
4802 -23520.000000
4803 -23708.000000
4804 -24464.000000
4805 -23948.000000
4806 -23780.000000
4807 -23716.000000
4808 -24240.000000
4809 -24288.000000
4810 -23880.000000
4811 -23728.000000
4812 -24016.000000
4813 -23892.000000
4814 -23688.000000
4815 -23648.000000
4816 -23740.000000
4817 -23960.000000
4818 -23560.000000
4819 -23652.000000
4820 -24064.000000
4821 -24292.000000
4822 -24168.000000
4823 -24268.000000
4824 -24320.000000
4825 -23936.000000
4826 -24276.000000
4827 -24172.000000
4828 -23916.000000
4829 -24044.000000
4830 -23916.000000
4831 -23512.000000
4832 -23496.000000
4833 -23536.000000
4834 -23644.000000
4835 -23396.000000
4836 -23292.000000
4837 -23616.000000
4838 -23972.000000
4839 -24024.000000
4840 -23508.000000
4841 -23828.000000
4842 -24148.000000
4843 -23668.000000
4844 -23652.000000
4845 -23836.000000
4846 -23844.000000
4847 -24156.000000
4848 -24148.000000
4849 -24368.000000
4850 -24252.000000
4851 -24668.000000
4852 -24348.000000
4853 -24372.000000
4854 -24404.000000
4855 -24724.000000
4856 -24532.000000
4857 -24196.000000
4858 -24292.000000
4859 -23952.000000
4860 -24148.000000
4861 -23488.000000
4862 -23856.000000
4863 -23856.000000
4864 -24088.000000
4865 -23988.000000
4866 -24168.000000
4867 -24100.000000
4868 -24204.000000
4869 -24188.000000
4870 -24036.000000
4871 -23748.000000
4872 -23788.000000
4873 -24144.000000
4874 -24032.000000
4875 -24064.000000
4876 -23988.000000
4877 -23528.000000
4878 -24284.000000
4879 -24476.000000
4880 -24316.000000
4881 -24004.000000
4882 -23956.000000
4883 -23928.000000
4884 -24096.000000
4885 -24148.000000
4886 -23912.000000
4887 -23972.000000
4888 -23624.000000
4889 -23912.000000
4890 -24364.000000
4891 -24632.000000
4892 -23960.000000
4893 -24292.000000
4894 -23864.000000
4895 -23888.000000
4896 -24188.000000
4897 -24148.000000
4898 -24364.000000
4899 -24040.000000
4900 -23888.000000
4901 -23968.000000
4902 -23908.000000
4903 -23960.000000
4904 -23732.000000
4905 -23744.000000
4906 -23604.000000
4907 -24180.000000
4908 -24404.000000
4909 -24420.000000
4910 -24432.000000
4911 -24180.000000
4912 -24344.000000
4913 -24464.000000
4914 -24628.000000
4915 -24568.000000
4916 -24248.000000
4917 -24056.000000
4918 -24084.000000
4919 -24596.000000
4920 -24076.000000
4921 -24100.000000
4922 -23996.000000
4923 -23780.000000
4924 -24104.000000
4925 -24000.000000
4926 -23976.000000
4927 -24108.000000
4928 -24068.000000
4929 -23856.000000
4930 -23960.000000
4931 -24180.000000
4932 -24152.000000
4933 -24136.000000
4934 -24172.000000
4935 -24004.000000
4936 -23712.000000
4937 -24328.000000
4938 -24008.000000
4939 -24340.000000
4940 -23940.000000
4941 -23748.000000
4942 -23936.000000
4943 -24156.000000
4944 -24084.000000
4945 -24040.000000
4946 -24124.000000
4947 -23564.000000
4948 -23276.000000
4949 -23892.000000
4950 -24260.000000
4951 -24192.000000
4952 -24616.000000
4953 -24580.000000
4954 -24068.000000
4955 -23704.000000
4956 -23928.000000
4957 -24184.000000
4958 -24196.000000
4959 -24260.000000
4960 -23720.000000
4961 -23844.000000
4962 -23756.000000
4963 -23372.000000
4964 -23300.000000
4965 -23408.000000
4966 -23580.000000
4967 -23656.000000
4968 -23480.000000
4969 -23744.000000
4970 -23488.000000
4971 -23844.000000
4972 -23456.000000
4973 -23420.000000
4974 -23680.000000
4975 -23944.000000
4976 -23628.000000
4977 -24016.000000
4978 -24092.000000
4979 -23716.000000
4980 -23484.000000
4981 -23596.000000
4982 -23428.000000
4983 -23464.000000
4984 -23592.000000
4985 -23808.000000
4986 -23648.000000
4987 -23876.000000
4988 -23964.000000
4989 -23988.000000
4990 -24028.000000
4991 -24012.000000
4992 -23864.000000
4993 -23640.000000
4994 -22960.000000
4995 -23076.000000
4996 -22864.000000
4997 -23348.000000
4998 -23596.000000
4999 -23388.000000
5000 -23436.000000
5001 -23508.000000
5002 -23500.000000
5003 -23344.000000
5004 -23216.000000
5005 -23308.000000
5006 -23296.000000
5007 -23744.000000
5008 -23840.000000
5009 -23628.000000
5010 -23788.000000
5011 -23856.000000
5012 -23456.000000
5013 -23560.000000
5014 -23328.000000
5015 -22920.000000
5016 -23292.000000
5017 -23248.000000
5018 -23128.000000
5019 -23212.000000
5020 -23364.000000
5021 -23792.000000
5022 -23732.000000
5023 -23868.000000
5024 -23444.000000
5025 -23692.000000
5026 -23548.000000
5027 -23216.000000
5028 -23436.000000
5029 -23120.000000
5030 -23208.000000
5031 -23444.000000
5032 -23748.000000
5033 -23692.000000
5034 -23792.000000
5035 -23432.000000
5036 -23444.000000
5037 -23596.000000
5038 -23560.000000
5039 -23492.000000
5040 -23292.000000
5041 -23552.000000
5042 -23040.000000
5043 -23900.000000
5044 -23660.000000
5045 -23668.000000
5046 -23968.000000
5047 -23488.000000
5048 -23276.000000
5049 -23528.000000
5050 -23468.000000
5051 -23080.000000
5052 -23612.000000
5053 -23784.000000
5054 -24068.000000
5055 -24084.000000
5056 -24128.000000
5057 -23920.000000
5058 -23740.000000
5059 -23704.000000
5060 -23820.000000
5061 -23684.000000
5062 -23204.000000
5063 -23556.000000
5064 -23808.000000
5065 -23732.000000
5066 -24104.000000
5067 -23772.000000
5068 -23904.000000
5069 -23972.000000
5070 -24160.000000
5071 -24100.000000
5072 -23972.000000
5073 -23784.000000
5074 -23616.000000
5075 -23628.000000
5076 -23460.000000
5077 -23476.000000
5078 -23532.000000
5079 -23584.000000
5080 -23388.000000
5081 -23512.000000
5082 -23144.000000
5083 -23076.000000
5084 -23116.000000
5085 -23428.000000
5086 -23128.000000
5087 -22960.000000
5088 -23272.000000
5089 -23132.000000
5090 -23008.000000
5091 -23092.000000
5092 -23180.000000
5093 -23120.000000
5094 -23008.000000
5095 -23460.000000
5096 -23248.000000
5097 -23508.000000
5098 -23356.000000
5099 -23348.000000
5100 -23464.000000
5101 -23252.000000
5102 -23448.000000
5103 -23548.000000
5104 -23712.000000
5105 -23580.000000
5106 -23848.000000
5107 -23632.000000
5108 -23272.000000
5109 -23272.000000
5110 -23392.000000
5111 -23116.000000
5112 -23648.000000
5113 -23432.000000
5114 -23540.000000
5115 -23284.000000
5116 -23560.000000
5117 -23464.000000
5118 -23196.000000
5119 -23276.000000
5120 -23584.000000
5121 -23060.000000
5122 -23088.000000
5123 -23124.000000
5124 -23440.000000
5125 -23356.000000
5126 -23620.000000
5127 -23784.000000
5128 -23928.000000
5129 -23876.000000
5130 -23520.000000
5131 -23328.000000
5132 -23716.000000
5133 -23736.000000
5134 -23716.000000
5135 -23868.000000
5136 -23900.000000
5137 -23824.000000
5138 -24156.000000
5139 -23776.000000
5140 -24016.000000
5141 -23752.000000
5142 -24496.000000
5143 -24332.000000
5144 -23928.000000
5145 -23912.000000
5146 -23836.000000
5147 -23892.000000
5148 -23812.000000
5149 -23688.000000
5150 -23908.000000
5151 -24152.000000
5152 -23816.000000
5153 -23564.000000
5154 -23764.000000
5155 -23712.000000
5156 -23340.000000
5157 -23260.000000
5158 -23344.000000
5159 -23504.000000
5160 -23612.000000
5161 -23632.000000
5162 -23496.000000
5163 -24036.000000
5164 -23960.000000
5165 -23408.000000
5166 -23760.000000
5167 -23984.000000
5168 -23624.000000
5169 -23720.000000
5170 -24184.000000
5171 -24032.000000
5172 -23824.000000
5173 -24056.000000
5174 -23836.000000
5175 -23656.000000
5176 -23900.000000
5177 -23848.000000
5178 -23744.000000
5179 -23864.000000
5180 -24204.000000
5181 -24520.000000
5182 -24168.000000
5183 -24544.000000
5184 -24364.000000
5185 -24064.000000
5186 -23644.000000
5187 -24008.000000
5188 -23984.000000
5189 -24232.000000
5190 -24392.000000
5191 -24368.000000
5192 -24256.000000
5193 -23860.000000
5194 -23580.000000
5195 -23868.000000
5196 -24008.000000
5197 -23860.000000
5198 -24304.000000
5199 -24000.000000
5200 -24336.000000
5201 -23936.000000
5202 -23840.000000
5203 -24312.000000
5204 -24292.000000
5205 -24268.000000
5206 -24264.000000
5207 -24120.000000
5208 -24252.000000
5209 -24400.000000
5210 -24396.000000
5211 -24264.000000
5212 -23848.000000
5213 -23844.000000
5214 -24188.000000
5215 -23724.000000
5216 -24104.000000
5217 -23916.000000
5218 -24152.000000
5219 -24156.000000
5220 -23932.000000
5221 -24096.000000
5222 -23920.000000
5223 -24572.000000
5224 -24336.000000
5225 -24460.000000
5226 -24240.000000
5227 -24492.000000
5228 -24420.000000
5229 -24444.000000
5230 -24268.000000
5231 -24152.000000
5232 -24152.000000
5233 -24488.000000
5234 -24032.000000
5235 -24372.000000
5236 -24872.000000
5237 -24548.000000
5238 -24472.000000
5239 -24280.000000
5240 -24464.000000
5241 -24308.000000
5242 -24148.000000
5243 -24044.000000
5244 -23960.000000
5245 -23704.000000
5246 -24260.000000
5247 -24008.000000
5248 -23980.000000
5249 -24020.000000
5250 -24044.000000
5251 -23924.000000
5252 -24140.000000
5253 -24320.000000
5254 -24444.000000
5255 -24676.000000
5256 -24716.000000
5257 -24240.000000
5258 -24588.000000
5259 -24440.000000
5260 -24420.000000
5261 -24380.000000
5262 -24232.000000
5263 -24284.000000
5264 -24640.000000
5265 -23976.000000
5266 -23740.000000
5267 -24048.000000
5268 -24272.000000
5269 -24476.000000
5270 -24556.000000
5271 -24232.000000
5272 -24056.000000
5273 -23948.000000
5274 -23948.000000
5275 -23828.000000
5276 -23904.000000
5277 -24000.000000
5278 -23932.000000
5279 -24224.000000
5280 -24476.000000
5281 -24448.000000
5282 -23996.000000
5283 -24172.000000
5284 -23960.000000
5285 -24140.000000
5286 -24228.000000
5287 -23972.000000
5288 -23788.000000
5289 -23836.000000
5290 -23860.000000
5291 -23584.000000
5292 -24112.000000
5293 -23584.000000
5294 -23912.000000
5295 -23684.000000
5296 -23800.000000
5297 -23780.000000
5298 -23372.000000
5299 -24008.000000
5300 -23836.000000
5301 -23796.000000
5302 -23928.000000
5303 -24244.000000
5304 -23888.000000
5305 -24092.000000
5306 -24204.000000
5307 -24416.000000
5308 -24412.000000
5309 -24268.000000
5310 -24100.000000
5311 -24240.000000
5312 -24108.000000
5313 -24048.000000
5314 -23996.000000
5315 -24048.000000
5316 -24452.000000
5317 -24356.000000
5318 -24080.000000
5319 -24008.000000
5320 -23872.000000
5321 -24452.000000
5322 -24412.000000
5323 -24532.000000
5324 -24540.000000
5325 -24556.000000
5326 -24500.000000
5327 -24516.000000
5328 -24320.000000
5329 -24392.000000
5330 -24044.000000
5331 -24356.000000
5332 -24028.000000
5333 -23768.000000
5334 -24076.000000
5335 -24180.000000
5336 -24324.000000
5337 -24492.000000
5338 -24028.000000
5339 -24088.000000
5340 -24100.000000
5341 -24360.000000
5342 -24600.000000
5343 -24432.000000
5344 -23972.000000
5345 -23832.000000
5346 -24072.000000
5347 -24240.000000
5348 -24224.000000
5349 -23676.000000
5350 -23408.000000
5351 -23676.000000
5352 -23796.000000
5353 -24008.000000
5354 -24260.000000
5355 -24384.000000
5356 -24732.000000
5357 -24452.000000
5358 -24476.000000
5359 -24536.000000
5360 -24720.000000
5361 -24712.000000
5362 -24396.000000
5363 -24140.000000
5364 -24384.000000
5365 -23880.000000
5366 -23872.000000
5367 -24264.000000
5368 -24308.000000
5369 -24576.000000
5370 -24356.000000
5371 -24520.000000
5372 -23952.000000
5373 -24344.000000
5374 -24072.000000
5375 -24100.000000
5376 -23768.000000
5377 -23304.000000
5378 -23544.000000
5379 -23504.000000
5380 -23676.000000
5381 -23472.000000
5382 -23320.000000
5383 -23684.000000
5384 -23692.000000
5385 -23796.000000
5386 -23820.000000
5387 -23836.000000
5388 -24084.000000
5389 -24408.000000
5390 -24180.000000
5391 -24292.000000
5392 -24180.000000
5393 -24244.000000
5394 -24064.000000
5395 -24092.000000
5396 -24160.000000
5397 -24356.000000
5398 -24424.000000
5399 -24216.000000
5400 -23936.000000
5401 -23800.000000
5402 -23936.000000
5403 -23432.000000
5404 -23708.000000
5405 -23420.000000
5406 -23328.000000
5407 -23396.000000
5408 -23372.000000
5409 -23836.000000
5410 -23796.000000
5411 -23704.000000
5412 -24192.000000
5413 -23900.000000
5414 -23844.000000
5415 -23964.000000
5416 -23792.000000
5417 -23896.000000
5418 -23788.000000
5419 -23592.000000
5420 -23484.000000
5421 -23568.000000
5422 -23792.000000
5423 -23048.000000
5424 -23452.000000
5425 -23756.000000
5426 -23560.000000
5427 -23332.000000
5428 -23388.000000
5429 -23528.000000
5430 -23312.000000
5431 -23100.000000
5432 -23056.000000
5433 -23084.000000
5434 -23004.000000
5435 -23364.000000
5436 -23404.000000
5437 -23444.000000
5438 -23728.000000
5439 -23648.000000
5440 -23620.000000
5441 -23640.000000
5442 -23564.000000
5443 -23440.000000
5444 -23448.000000
5445 -22836.000000
5446 -22800.000000
5447 -22756.000000
5448 -23136.000000
5449 -23252.000000
5450 -23032.000000
5451 -22736.000000
5452 -23436.000000
5453 -23760.000000
5454 -23632.000000
5455 -23368.000000
5456 -23092.000000
5457 -23340.000000
5458 -23612.000000
5459 -23408.000000
5460 -23056.000000
5461 -23164.000000
5462 -23416.000000
5463 -23860.000000
5464 -23928.000000
5465 -23616.000000
5466 -23840.000000
5467 -23868.000000
5468 -23768.000000
5469 -23492.000000
5470 -23668.000000
5471 -23488.000000
5472 -23596.000000
5473 -23244.000000
5474 -23336.000000
5475 -23140.000000
5476 -23024.000000
5477 -23088.000000
5478 -23436.000000
5479 -23660.000000
5480 -23728.000000
5481 -23420.000000
5482 -23624.000000
5483 -23852.000000
5484 -23880.000000
5485 -23960.000000
5486 -23384.000000
5487 -23848.000000
5488 -23968.000000
5489 -23992.000000
5490 -24328.000000
5491 -24332.000000
5492 -24100.000000
5493 -24032.000000
5494 -24244.000000
5495 -24412.000000
5496 -24192.000000
5497 -24416.000000
5498 -24256.000000
5499 -23900.000000
5500 -23848.000000
5501 -24184.000000
5502 -24332.000000
5503 -23840.000000
5504 -23700.000000
5505 -24280.000000
5506 -24280.000000
5507 -24152.000000
5508 -23780.000000
5509 -23924.000000
5510 -24284.000000
5511 -23656.000000
5512 -23428.000000
5513 -23520.000000
5514 -23308.000000
5515 -23528.000000
5516 -23516.000000
5517 -23132.000000
5518 -23380.000000
5519 -24044.000000
5520 -23968.000000
5521 -24204.000000
5522 -24068.000000
5523 -24292.000000
5524 -24104.000000
5525 -24220.000000
5526 -24164.000000
5527 -24200.000000
5528 -23584.000000
5529 -23732.000000
5530 -24188.000000
5531 -23836.000000
5532 -24136.000000
5533 -23780.000000
5534 -23848.000000
5535 -23940.000000
5536 -24020.000000
5537 -23936.000000
5538 -23668.000000
5539 -23696.000000
5540 -24220.000000
5541 -24188.000000
5542 -23784.000000
5543 -23876.000000
5544 -23836.000000
5545 -23856.000000
5546 -23568.000000
5547 -23844.000000
5548 -23944.000000
5549 -23728.000000
5550 -23788.000000
5551 -23900.000000
5552 -24132.000000
5553 -23672.000000
5554 -23660.000000
5555 -23492.000000
5556 -23748.000000
5557 -23856.000000
5558 -23516.000000
5559 -23792.000000
5560 -24116.000000
5561 -24272.000000
5562 -23884.000000
5563 -23800.000000
5564 -23908.000000
5565 -23880.000000
5566 -23828.000000
5567 -23872.000000
5568 -23944.000000
5569 -23804.000000
5570 -24248.000000
5571 -24300.000000
5572 -24028.000000
5573 -24028.000000
5574 -24148.000000
5575 -24164.000000
5576 -23996.000000
5577 -23552.000000
5578 -23820.000000
5579 -23792.000000
5580 -24240.000000
5581 -23964.000000
5582 -24240.000000
5583 -23760.000000
5584 -23644.000000
5585 -24032.000000
5586 -23972.000000
5587 -24076.000000
5588 -23848.000000
5589 -24176.000000
5590 -24008.000000
5591 -24212.000000
5592 -24396.000000
5593 -24004.000000
5594 -23936.000000
5595 -23888.000000
5596 -23924.000000
5597 -24192.000000
5598 -24192.000000
5599 -23828.000000
5600 -23820.000000
5601 -23640.000000
5602 -23984.000000
5603 -24384.000000
5604 -24516.000000
5605 -24344.000000
5606 -23980.000000
5607 -23996.000000
5608 -24008.000000
5609 -23840.000000
5610 -23652.000000
5611 -24076.000000
5612 -23628.000000
5613 -23312.000000
5614 -23324.000000
5615 -23288.000000
5616 -23104.000000
5617 -23180.000000
5618 -23228.000000
5619 -23640.000000
5620 -23436.000000
5621 -23404.000000
5622 -23604.000000
5623 -23424.000000
5624 -23516.000000
5625 -23540.000000
5626 -23748.000000
5627 -23724.000000
5628 -24088.000000
5629 -23564.000000
5630 -23440.000000
5631 -23668.000000
5632 -23492.000000
5633 -23136.000000
5634 -23552.000000
5635 -23480.000000
5636 -23260.000000
5637 -22832.000000
5638 -22868.000000
5639 -23312.000000
5640 -23580.000000
5641 -23004.000000
5642 -23784.000000
5643 -24380.000000
5644 -24256.000000
5645 -24020.000000
5646 -23748.000000
5647 -23944.000000
5648 -23848.000000
5649 -23712.000000
5650 -24008.000000
5651 -24112.000000
5652 -23864.000000
5653 -24012.000000
5654 -23776.000000
5655 -23572.000000
5656 -23196.000000
5657 -23668.000000
5658 -23648.000000
5659 -23324.000000
5660 -23280.000000
5661 -23880.000000
5662 -24112.000000
5663 -24288.000000
5664 -23800.000000
5665 -23604.000000
5666 -23340.000000
5667 -23624.000000
5668 -23444.000000
5669 -23660.000000
5670 -23380.000000
5671 -23248.000000
5672 -23548.000000
5673 -23736.000000
5674 -24092.000000
5675 -23912.000000
5676 -23900.000000
5677 -23944.000000
5678 -24404.000000
5679 -24056.000000
5680 -24248.000000
5681 -23872.000000
5682 -23816.000000
5683 -23676.000000
5684 -23292.000000
5685 -23544.000000
5686 -23756.000000
5687 -23796.000000
5688 -24020.000000
5689 -24012.000000
5690 -23920.000000
5691 -24720.000000
5692 -23852.000000
5693 -23368.000000
5694 -23020.000000
5695 -23352.000000
5696 -23224.000000
5697 -23500.000000
5698 -23488.000000
5699 -23548.000000
5700 -23412.000000
5701 -23752.000000
5702 -24084.000000
5703 -23320.000000
5704 -23800.000000
5705 -23704.000000
5706 -23548.000000
5707 -23448.000000
5708 -23424.000000
5709 -23640.000000
5710 -23484.000000
5711 -23968.000000
5712 -24160.000000
5713 -23924.000000
5714 -23824.000000
5715 -24156.000000
5716 -23768.000000
5717 -23568.000000
5718 -23676.000000
5719 -23388.000000
5720 -23704.000000
5721 -23984.000000
5722 -23840.000000
5723 -23176.000000
5724 -23044.000000
5725 -23260.000000
5726 -22912.000000
5727 -23308.000000
5728 -23112.000000
5729 -23144.000000
5730 -23092.000000
5731 -22988.000000
5732 -23388.000000
5733 -23780.000000
5734 -23652.000000
5735 -23768.000000
5736 -23612.000000
5737 -23496.000000
5738 -23708.000000
5739 -23684.000000
5740 -23304.000000
5741 -23008.000000
5742 -23628.000000
5743 -23692.000000
5744 -23524.000000
5745 -23704.000000
5746 -23520.000000
5747 -23736.000000
5748 -23560.000000
5749 -23708.000000
5750 -23836.000000
5751 -23756.000000
5752 -23756.000000
5753 -23484.000000
5754 -23236.000000
5755 -23532.000000
5756 -23232.000000
5757 -23032.000000
5758 -23308.000000
5759 -23568.000000
5760 -23780.000000
5761 -23744.000000
5762 -23568.000000
5763 -23172.000000
5764 -23548.000000
5765 -23812.000000
5766 -23724.000000
5767 -23468.000000
5768 -23344.000000
5769 -23548.000000
5770 -23560.000000
5771 -23640.000000
5772 -23464.000000
5773 -23668.000000
5774 -23880.000000
5775 -23828.000000
5776 -23740.000000
5777 -23544.000000
5778 -23620.000000
5779 -24000.000000
5780 -24128.000000
5781 -24092.000000
5782 -23720.000000
5783 -23928.000000
5784 -23968.000000
5785 -23604.000000
5786 -23356.000000
5787 -23932.000000
5788 -23848.000000
5789 -23636.000000
5790 -23932.000000
5791 -23556.000000
5792 -23748.000000
5793 -23684.000000
5794 -23260.000000
5795 -23468.000000
5796 -23140.000000
5797 -23476.000000
5798 -23648.000000
5799 -23620.000000
5800 -23384.000000
5801 -23736.000000
5802 -23652.000000
5803 -23968.000000
5804 -23756.000000
5805 -24352.000000
5806 -24332.000000
5807 -23732.000000
5808 -23508.000000
5809 -23604.000000
5810 -23504.000000
5811 -24060.000000
5812 -23972.000000
5813 -23920.000000
5814 -23600.000000
5815 -23516.000000
5816 -23728.000000
5817 -23724.000000
5818 -23792.000000
5819 -24120.000000
5820 -23664.000000
5821 -24040.000000
5822 -23940.000000
5823 -23700.000000
5824 -23660.000000
5825 -23436.000000
5826 -23324.000000
5827 -23864.000000
5828 -23764.000000
5829 -23088.000000
5830 -23256.000000
5831 -23000.000000
5832 -23192.000000
5833 -23420.000000
5834 -23124.000000
5835 -23192.000000
5836 -23504.000000
5837 -23240.000000
5838 -22928.000000
5839 -23268.000000
5840 -23172.000000
5841 -23488.000000
5842 -23300.000000
5843 -22880.000000
5844 -23060.000000
5845 -23124.000000
5846 -23276.000000
5847 -23372.000000
5848 -23220.000000
5849 -23732.000000
5850 -23652.000000
5851 -23380.000000
5852 -23328.000000
5853 -23400.000000
5854 -23356.000000
5855 -23808.000000
5856 -23560.000000
5857 -23540.000000
5858 -23372.000000
5859 -23556.000000
5860 -23896.000000
5861 -23984.000000
5862 -23868.000000
5863 -23804.000000
5864 -24052.000000
5865 -23716.000000
5866 -23548.000000
5867 -23472.000000
5868 -23420.000000
5869 -23452.000000
5870 -23380.000000
5871 -23936.000000
5872 -23672.000000
5873 -23592.000000
5874 -24060.000000
5875 -23708.000000
5876 -23700.000000
5877 -23812.000000
5878 -23516.000000
5879 -23992.000000
5880 -23824.000000
5881 -23656.000000
5882 -23760.000000
5883 -23856.000000
5884 -23776.000000
5885 -23988.000000
5886 -23600.000000
5887 -23600.000000
5888 -23132.000000
5889 -23188.000000
5890 -23412.000000
5891 -23052.000000
5892 -23084.000000
5893 -22728.000000
5894 -22984.000000
5895 -23284.000000
5896 -22932.000000
5897 -22832.000000
5898 -23152.000000
5899 -23392.000000
5900 -23548.000000
5901 -23444.000000
5902 -23604.000000
5903 -23488.000000
5904 -23812.000000
5905 -23424.000000
5906 -23380.000000
5907 -23224.000000
5908 -23748.000000
5909 -23892.000000
5910 -24228.000000
5911 -23916.000000
5912 -23884.000000
5913 -23432.000000
5914 -23244.000000
5915 -23404.000000
5916 -23684.000000
5917 -23596.000000
5918 -23648.000000
5919 -24052.000000
5920 -23964.000000
5921 -23344.000000
5922 -23712.000000
5923 -23540.000000
5924 -23296.000000
5925 -23188.000000
5926 -22868.000000
5927 -22908.000000
5928 -22708.000000
5929 -22928.000000
5930 -23152.000000
5931 -23484.000000
5932 -23436.000000
5933 -23440.000000
5934 -23604.000000
5935 -23640.000000
5936 -22988.000000
5937 -23524.000000
5938 -23880.000000
5939 -24120.000000
5940 -24016.000000
5941 -24228.000000
5942 -24248.000000
5943 -24392.000000
5944 -24404.000000
5945 -24104.000000
5946 -24156.000000
5947 -24180.000000
5948 -24176.000000
5949 -24480.000000
5950 -24468.000000
5951 -24448.000000
5952 -23712.000000
5953 -23740.000000
5954 -23880.000000
5955 -24048.000000
5956 -23804.000000
5957 -23980.000000
5958 -23996.000000
5959 -23992.000000
5960 -24216.000000
5961 -24112.000000
5962 -24604.000000
5963 -24240.000000
5964 -24256.000000
5965 -23948.000000
5966 -24216.000000
5967 -24140.000000
5968 -24036.000000
5969 -23828.000000
5970 -23968.000000
5971 -23856.000000
5972 -23588.000000
5973 -23940.000000
5974 -23948.000000
5975 -23732.000000
5976 -23900.000000
5977 -23916.000000
5978 -24300.000000
5979 -24200.000000
5980 -24112.000000
5981 -23728.000000
5982 -23596.000000
5983 -23884.000000
5984 -23832.000000
5985 -24108.000000
5986 -24316.000000
5987 -24412.000000
5988 -24120.000000
5989 -23924.000000
5990 -23864.000000
5991 -24220.000000
5992 -24060.000000
5993 -24192.000000
5994 -24428.000000
5995 -24116.000000
5996 -23996.000000
5997 -23616.000000
5998 -23972.000000
5999 -23780.000000
6000 -24024.000000
6001 -24012.000000
6002 -23576.000000
6003 -23568.000000
6004 -23680.000000
6005 -23504.000000
6006 -23768.000000
6007 -23664.000000
6008 -23824.000000
6009 -23468.000000
6010 -23616.000000
6011 -23944.000000
6012 -23996.000000
6013 -23676.000000
6014 -23520.000000
6015 -23580.000000
6016 -23676.000000
6017 -23752.000000
6018 -23712.000000
6019 -23860.000000
6020 -23708.000000
6021 -23592.000000
6022 -23676.000000
6023 -23564.000000
6024 -23520.000000
6025 -23736.000000
6026 -23800.000000
6027 -24040.000000
6028 -23896.000000
6029 -23668.000000
6030 -24040.000000
6031 -23924.000000
6032 -23636.000000
6033 -23804.000000
6034 -23400.000000
6035 -23588.000000
6036 -23620.000000
6037 -23832.000000
6038 -23748.000000
6039 -23476.000000
6040 -23640.000000
6041 -23400.000000
6042 -23816.000000
6043 -23476.000000
6044 -23124.000000
6045 -22960.000000
6046 -22920.000000
6047 -22832.000000
6048 -22816.000000
6049 -23276.000000
6050 -23784.000000
6051 -23304.000000
6052 -23232.000000
6053 -23264.000000
6054 -23016.000000
6055 -23416.000000
6056 -23516.000000
6057 -23744.000000
6058 -23628.000000
6059 -23776.000000
6060 -23604.000000
6061 -23484.000000
6062 -23144.000000
6063 -23304.000000
6064 -23332.000000
6065 -23320.000000
6066 -23512.000000
6067 -24000.000000
6068 -24024.000000
6069 -24220.000000
6070 -23604.000000
6071 -23760.000000
6072 -23856.000000
6073 -24420.000000
6074 -24200.000000
6075 -24212.000000
6076 -23356.000000
6077 -23372.000000
6078 -23540.000000
6079 -23944.000000
6080 -23728.000000
6081 -23800.000000
6082 -23664.000000
6083 -23648.000000
6084 -23612.000000
6085 -24032.000000
6086 -24604.000000
6087 -24368.000000
6088 -23844.000000
6089 -23904.000000
6090 -24084.000000
6091 -24064.000000
6092 -24144.000000
6093 -23804.000000
6094 -24024.000000
6095 -24156.000000
6096 -23860.000000
6097 -23820.000000
6098 -23908.000000
6099 -23996.000000
6100 -23940.000000
6101 -23544.000000
6102 -23296.000000
6103 -23440.000000
6104 -23704.000000
6105 -23552.000000
6106 -23820.000000
6107 -23460.000000
6108 -23372.000000
6109 -23312.000000
6110 -22920.000000
6111 -22716.000000
6112 -23168.000000
6113 -23500.000000
6114 -23228.000000
6115 -23532.000000
6116 -23804.000000
6117 -23512.000000
6118 -23680.000000
6119 -24184.000000
6120 -24036.000000
6121 -24020.000000
6122 -23840.000000
6123 -23616.000000
6124 -23480.000000
6125 -23432.000000
6126 -23456.000000
6127 -23512.000000
6128 -23496.000000
6129 -23196.000000
6130 -23660.000000
6131 -23540.000000
6132 -23440.000000
6133 -23440.000000
6134 -23432.000000
6135 -23436.000000
6136 -23036.000000
6137 -23556.000000
6138 -23700.000000
6139 -23576.000000
6140 -23580.000000
6141 -23624.000000
6142 -23296.000000
6143 -23540.000000
6144 -23592.000000
6145 -23752.000000
6146 -23456.000000
6147 -23788.000000
6148 -23808.000000
6149 -23992.000000
6150 -23600.000000
6151 -23624.000000
6152 -23724.000000
6153 -23848.000000
6154 -23808.000000
6155 -23684.000000
6156 -23684.000000
6157 -23688.000000
6158 -23860.000000
6159 -24196.000000
6160 -24604.000000
6161 -24052.000000
6162 -23744.000000
6163 -23684.000000
6164 -24064.000000
6165 -24048.000000
6166 -24056.000000
6167 -24108.000000
6168 -23916.000000
6169 -23420.000000
6170 -23656.000000
6171 -23888.000000
6172 -24120.000000
6173 -24160.000000
6174 -24144.000000
6175 -23728.000000
6176 -23760.000000
6177 -24048.000000
6178 -23916.000000
6179 -23880.000000
6180 -23572.000000
6181 -24012.000000
6182 -23928.000000
6183 -23896.000000
6184 -23604.000000
6185 -23768.000000
6186 -23744.000000
6187 -23716.000000
6188 -23544.000000
6189 -23932.000000
6190 -23948.000000
6191 -24200.000000
6192 -23860.000000
6193 -23952.000000
6194 -23736.000000
6195 -23864.000000
6196 -24056.000000
6197 -23892.000000
6198 -23676.000000
6199 -23472.000000
6200 -23644.000000
6201 -23700.000000
6202 -23556.000000
6203 -23764.000000
6204 -23340.000000
6205 -23696.000000
6206 -24160.000000
6207 -24016.000000
6208 -23728.000000
6209 -23984.000000
6210 -24172.000000
6211 -24376.000000
6212 -24192.000000
6213 -23980.000000
6214 -23984.000000
6215 -24108.000000
6216 -24304.000000
6217 -23936.000000
6218 -23892.000000
6219 -23848.000000
6220 -23548.000000
6221 -23408.000000
6222 -23592.000000
6223 -23588.000000
6224 -23208.000000
6225 -23328.000000
6226 -23396.000000
6227 -23588.000000
6228 -23268.000000
6229 -23380.000000
6230 -23208.000000
6231 -23456.000000
6232 -23128.000000
6233 -23716.000000
6234 -23848.000000
6235 -24032.000000
6236 -23968.000000
6237 -24000.000000
6238 -24252.000000
6239 -23784.000000
6240 -23848.000000
6241 -23844.000000
6242 -23928.000000
6243 -23784.000000
6244 -24056.000000
6245 -24276.000000
6246 -24396.000000
6247 -24512.000000
6248 -24484.000000
6249 -24200.000000
6250 -23828.000000
6251 -23660.000000
6252 -24220.000000
6253 -24272.000000
6254 -23868.000000
6255 -23864.000000
6256 -23820.000000
6257 -23688.000000
6258 -23688.000000
6259 -23844.000000
6260 -24048.000000
6261 -23852.000000
6262 -23300.000000
6263 -23068.000000
6264 -23032.000000
6265 -23212.000000
6266 -23680.000000
6267 -23480.000000
6268 -23452.000000
6269 -23728.000000
6270 -23668.000000
6271 -23568.000000
6272 -23648.000000
6273 -23700.000000
6274 -23892.000000
6275 -23916.000000
6276 -23904.000000
6277 -23828.000000
6278 -23620.000000
6279 -23568.000000
6280 -23232.000000
6281 -23852.000000
6282 -23872.000000
6283 -23796.000000
6284 -23788.000000
6285 -24256.000000
6286 -24124.000000
6287 -23872.000000
6288 -23964.000000
6289 -23600.000000
6290 -23764.000000
6291 -23964.000000
6292 -24060.000000
6293 -24248.000000
6294 -23728.000000
6295 -23716.000000
6296 -23448.000000
6297 -23428.000000
6298 -23452.000000
6299 -23612.000000
6300 -23704.000000
6301 -23412.000000
6302 -23412.000000
6303 -23752.000000
6304 -23664.000000
6305 -23244.000000
6306 -23272.000000
6307 -23404.000000
6308 -23356.000000
6309 -22856.000000
6310 -22936.000000
6311 -23688.000000
6312 -23812.000000
6313 -23332.000000
6314 -23640.000000
6315 -23288.000000
6316 -23484.000000
6317 -23616.000000
6318 -23364.000000
6319 -23628.000000
6320 -23612.000000
6321 -23892.000000
6322 -23720.000000
6323 -23932.000000
6324 -23488.000000
6325 -23360.000000
6326 -23372.000000
6327 -23360.000000
6328 -23572.000000
6329 -23696.000000
6330 -23720.000000
6331 -23700.000000
6332 -23540.000000
6333 -23656.000000
6334 -23916.000000
6335 -24212.000000
6336 -24156.000000
6337 -24192.000000
6338 -24076.000000
6339 -24076.000000
6340 -24116.000000
6341 -23816.000000
6342 -24312.000000
6343 -24508.000000
6344 -24592.000000
6345 -24424.000000
6346 -24000.000000
6347 -23888.000000
6348 -23688.000000
6349 -23940.000000
6350 -24144.000000
6351 -24092.000000
6352 -24296.000000
6353 -24480.000000
6354 -24276.000000
6355 -23600.000000
6356 -24092.000000
6357 -24348.000000
6358 -23348.000000
6359 -23748.000000
6360 -23880.000000
6361 -23680.000000
6362 -23636.000000
6363 -23484.000000
6364 -23636.000000
6365 -23776.000000
6366 -23596.000000
6367 -23856.000000
6368 -23624.000000
6369 -23792.000000
6370 -23680.000000
6371 -23568.000000
6372 -23536.000000
6373 -23480.000000
6374 -23588.000000
6375 -23456.000000
6376 -23448.000000
6377 -23192.000000
6378 -22868.000000
6379 -23136.000000
6380 -23248.000000
6381 -22736.000000
6382 -23304.000000
6383 -23064.000000
6384 -23244.000000
6385 -22992.000000
6386 -23404.000000
6387 -23576.000000
6388 -23248.000000
6389 -23468.000000
6390 -23312.000000
6391 -23052.000000
6392 -23268.000000
6393 -23584.000000
6394 -23576.000000
6395 -23656.000000
6396 -23868.000000
6397 -23896.000000
6398 -23928.000000
6399 -23588.000000
6400 -23484.000000
6401 -23812.000000
6402 -23536.000000
6403 -23596.000000
6404 -23496.000000
6405 -23448.000000
6406 -23292.000000
6407 -24024.000000
6408 -23880.000000
6409 -23428.000000
6410 -23584.000000
6411 -23228.000000
6412 -23280.000000
6413 -23352.000000
6414 -23396.000000
6415 -23540.000000
6416 -23468.000000
6417 -23056.000000
6418 -23392.000000
6419 -23328.000000
6420 -23552.000000
6421 -23160.000000
6422 -23552.000000
6423 -23628.000000
6424 -23460.000000
6425 -23460.000000
6426 -23404.000000
6427 -23640.000000
6428 -23764.000000
6429 -23904.000000
6430 -24036.000000
6431 -24236.000000
6432 -24152.000000
6433 -23920.000000
6434 -24140.000000
6435 -23972.000000
6436 -23852.000000
6437 -23848.000000
6438 -24056.000000
6439 -24076.000000
6440 -24060.000000
6441 -24176.000000
6442 -23796.000000
6443 -23996.000000
6444 -23588.000000
6445 -23856.000000
6446 -23704.000000
6447 -23628.000000
6448 -23520.000000
6449 -23632.000000
6450 -23636.000000
6451 -22932.000000
6452 -23132.000000
6453 -23632.000000
6454 -23860.000000
6455 -24076.000000
6456 -24032.000000
6457 -23760.000000
6458 -24132.000000
6459 -23704.000000
6460 -23928.000000
6461 -23520.000000
6462 -23580.000000
6463 -23744.000000
6464 -23732.000000
6465 -24020.000000
6466 -24188.000000
6467 -24484.000000
6468 -23984.000000
6469 -23936.000000
6470 -23748.000000
6471 -23676.000000
6472 -23508.000000
6473 -23328.000000
6474 -23364.000000
6475 -23268.000000
6476 -23508.000000
6477 -23616.000000
6478 -24264.000000
6479 -24112.000000
6480 -24040.000000
6481 -23512.000000
6482 -23700.000000
6483 -23784.000000
6484 -23780.000000
6485 -23528.000000
6486 -23872.000000
6487 -24060.000000
6488 -23580.000000
6489 -23664.000000
6490 -23900.000000
6491 -23616.000000
6492 -23496.000000
6493 -23704.000000
6494 -23836.000000
6495 -23212.000000
6496 -23372.000000
6497 -23540.000000
6498 -23332.000000
6499 -23400.000000
6500 -23492.000000
6501 -24184.000000
6502 -23744.000000
6503 -23612.000000
6504 -23468.000000
6505 -23536.000000
6506 -23824.000000
6507 -23824.000000
6508 -23772.000000
6509 -23788.000000
6510 -23508.000000
6511 -23612.000000
6512 -23400.000000
6513 -23784.000000
6514 -23944.000000
6515 -23772.000000
6516 -23580.000000
6517 -23856.000000
6518 -23716.000000
6519 -23988.000000
6520 -24084.000000
6521 -23844.000000
6522 -23844.000000
6523 -23788.000000
6524 -23784.000000
6525 -23488.000000
6526 -23772.000000
6527 -23800.000000
6528 -23444.000000
6529 -23572.000000
6530 -23924.000000
6531 -23988.000000
6532 -23736.000000
6533 -23192.000000
6534 -23492.000000
6535 -23264.000000
6536 -23856.000000
6537 -23812.000000
6538 -23984.000000
6539 -23804.000000
6540 -23700.000000
6541 -23440.000000
6542 -24028.000000
6543 -23832.000000
6544 -23452.000000
6545 -23728.000000
6546 -24056.000000
6547 -23772.000000
6548 -23844.000000
6549 -24168.000000
6550 -24080.000000
6551 -23916.000000
6552 -23740.000000
6553 -23364.000000
6554 -23780.000000
6555 -23152.000000
6556 -23152.000000
6557 -23056.000000
6558 -23616.000000
6559 -23600.000000
6560 -23460.000000
6561 -23284.000000
6562 -23380.000000
6563 -23104.000000
6564 -23264.000000
6565 -23040.000000
6566 -23188.000000
6567 -22932.000000
6568 -23208.000000
6569 -23136.000000
6570 -22852.000000
6571 -23260.000000
6572 -23244.000000
6573 -23312.000000
6574 -23260.000000
6575 -23696.000000
6576 -23844.000000
6577 -23944.000000
6578 -23640.000000
6579 -23996.000000
6580 -24064.000000
6581 -24160.000000
6582 -23704.000000
6583 -23800.000000
6584 -23704.000000
6585 -23820.000000
6586 -24084.000000
6587 -23616.000000
6588 -23476.000000
6589 -23464.000000
6590 -23724.000000
6591 -23516.000000
6592 -23680.000000
6593 -23344.000000
6594 -23592.000000
6595 -24268.000000
6596 -24372.000000
6597 -23960.000000
6598 -23700.000000
6599 -23504.000000
6600 -23900.000000
6601 -24256.000000
6602 -23772.000000
6603 -23664.000000
6604 -23580.000000
6605 -23420.000000
6606 -23724.000000
6607 -23644.000000
6608 -23680.000000
6609 -23804.000000
6610 -23264.000000
6611 -23276.000000
6612 -23224.000000
6613 -23388.000000
6614 -23360.000000
6615 -23532.000000
6616 -23452.000000
6617 -23268.000000
6618 -23560.000000
6619 -23620.000000
6620 -23748.000000
6621 -23676.000000
6622 -23868.000000
6623 -24324.000000
6624 -24208.000000
6625 -24472.000000
6626 -24536.000000
6627 -24048.000000
6628 -24220.000000
6629 -23916.000000
6630 -23824.000000
6631 -23832.000000
6632 -23772.000000
6633 -23756.000000
6634 -24060.000000
6635 -23888.000000
6636 -23804.000000
6637 -23924.000000
6638 -24124.000000
6639 -23532.000000
6640 -23524.000000
6641 -23732.000000
6642 -23468.000000
6643 -23496.000000
6644 -23576.000000
6645 -24356.000000
6646 -24428.000000
6647 -24380.000000
6648 -23796.000000
6649 -23520.000000
6650 -23916.000000
6651 -24236.000000
6652 -24324.000000
6653 -24260.000000
6654 -24260.000000
6655 -24280.000000
6656 -23836.000000
6657 -23960.000000
6658 -23792.000000
6659 -23644.000000
6660 -23724.000000
6661 -23704.000000
6662 -24120.000000
6663 -24088.000000
6664 -23700.000000
6665 -23504.000000
6666 -23868.000000
6667 -23708.000000
6668 -23964.000000
6669 -24072.000000
6670 -23892.000000
6671 -23588.000000
6672 -23888.000000
6673 -23936.000000
6674 -23860.000000
6675 -24036.000000
6676 -24180.000000
6677 -24292.000000
6678 -23968.000000
6679 -24232.000000
6680 -23980.000000
6681 -24396.000000
6682 -24124.000000
6683 -24064.000000
6684 -24112.000000
6685 -24036.000000
6686 -23292.000000
6687 -23368.000000
6688 -23532.000000
6689 -23476.000000
6690 -23576.000000
6691 -23692.000000
6692 -23960.000000
6693 -23596.000000
6694 -23332.000000
6695 -23600.000000
6696 -23372.000000
6697 -23656.000000
6698 -23924.000000
6699 -24024.000000
6700 -23796.000000
6701 -24080.000000
6702 -24176.000000
6703 -24288.000000
6704 -24540.000000
6705 -24128.000000
6706 -24020.000000
6707 -24100.000000
6708 -24292.000000
6709 -24180.000000
6710 -23744.000000
6711 -23680.000000
6712 -23888.000000
6713 -23728.000000
6714 -24232.000000
6715 -24200.000000
6716 -24188.000000
6717 -24232.000000
6718 -24052.000000
6719 -24136.000000
6720 -23784.000000
6721 -23724.000000
6722 -24204.000000
6723 -24100.000000
6724 -24380.000000
6725 -24184.000000
6726 -23968.000000
6727 -23280.000000
6728 -23744.000000
6729 -23916.000000
6730 -24196.000000
6731 -24068.000000
6732 -23712.000000
6733 -23672.000000
6734 -23812.000000
6735 -23580.000000
6736 -23972.000000
6737 -24128.000000
6738 -23812.000000
6739 -24024.000000
6740 -23676.000000
6741 -24108.000000
6742 -23768.000000
6743 -23660.000000
6744 -23532.000000
6745 -23440.000000
6746 -23716.000000
6747 -23612.000000
6748 -23272.000000
6749 -23256.000000
6750 -23176.000000
6751 -23044.000000
6752 -23120.000000
6753 -23808.000000
6754 -23644.000000
6755 -24084.000000
6756 -23616.000000
6757 -23236.000000
6758 -22756.000000
6759 -22996.000000
6760 -23184.000000
6761 -23740.000000
6762 -23644.000000
6763 -23252.000000
6764 -22960.000000
6765 -22780.000000
6766 -22988.000000
6767 -22924.000000
6768 -23396.000000
6769 -23876.000000
6770 -23736.000000
6771 -23804.000000
6772 -23908.000000
6773 -23700.000000
6774 -23376.000000
6775 -23352.000000
6776 -23388.000000
6777 -22980.000000
6778 -23260.000000
6779 -23212.000000
6780 -23032.000000
6781 -23372.000000
6782 -23392.000000
6783 -23476.000000
6784 -23728.000000
6785 -24124.000000
6786 -24244.000000
6787 -23872.000000
6788 -24088.000000
6789 -23828.000000
6790 -24208.000000
6791 -24572.000000
6792 -24284.000000
6793 -23996.000000
6794 -24020.000000
6795 -24328.000000
6796 -24372.000000
6797 -23924.000000
6798 -24080.000000
6799 -23876.000000
6800 -23836.000000
6801 -24020.000000
6802 -24188.000000
6803 -24024.000000
6804 -24260.000000
6805 -24300.000000
6806 -24212.000000
6807 -24048.000000
6808 -24004.000000
6809 -23832.000000
6810 -24016.000000
6811 -23716.000000
6812 -24120.000000
6813 -24156.000000
6814 -24104.000000
6815 -23940.000000
6816 -24216.000000
6817 -24100.000000
6818 -24468.000000
6819 -24492.000000
6820 -24368.000000
6821 -24556.000000
6822 -24496.000000
6823 -25012.000000
6824 -24476.000000
6825 -24100.000000
6826 -24212.000000
6827 -24124.000000
6828 -23636.000000
6829 -23664.000000
6830 -23616.000000
6831 -23532.000000
6832 -23904.000000
6833 -23584.000000
6834 -23796.000000
6835 -23748.000000
6836 -23676.000000
6837 -23724.000000
6838 -23880.000000
6839 -23876.000000
6840 -23596.000000
6841 -23712.000000
6842 -23896.000000
6843 -23856.000000
6844 -23756.000000
6845 -23900.000000
6846 -23560.000000
6847 -23640.000000
6848 -24140.000000
6849 -23892.000000
6850 -23872.000000
6851 -23940.000000
6852 -23788.000000
6853 -23912.000000
6854 -24272.000000
6855 -24008.000000
6856 -23908.000000
6857 -23448.000000
6858 -23664.000000
6859 -23584.000000
6860 -23840.000000
6861 -24056.000000
6862 -24632.000000
6863 -24076.000000
6864 -24416.000000
6865 -23964.000000
6866 -24004.000000
6867 -23976.000000
6868 -24148.000000
6869 -24432.000000
6870 -24780.000000
6871 -24624.000000
6872 -24364.000000
6873 -24296.000000
6874 -24384.000000
6875 -24248.000000
6876 -24384.000000
6877 -24324.000000
6878 -24772.000000
6879 -24808.000000
6880 -25016.000000
6881 -24608.000000
6882 -24204.000000
6883 -24020.000000
6884 -24176.000000
6885 -23632.000000
6886 -23608.000000
6887 -23772.000000
6888 -23736.000000
6889 -23820.000000
6890 -23992.000000
6891 -24096.000000
6892 -23892.000000
6893 -23920.000000
6894 -23600.000000
6895 -23988.000000
6896 -23528.000000
6897 -23456.000000
6898 -23912.000000
6899 -23684.000000
6900 -23952.000000
6901 -23496.000000
6902 -23640.000000
6903 -23532.000000
6904 -23796.000000
6905 -23644.000000
6906 -23796.000000
6907 -23572.000000
6908 -23452.000000
6909 -23624.000000
6910 -24112.000000
6911 -24172.000000
6912 -23460.000000
6913 -22980.000000
6914 -23348.000000
6915 -23348.000000
6916 -23576.000000
6917 -23552.000000
6918 -23152.000000
6919 -23308.000000
6920 -23656.000000
6921 -23852.000000
6922 -23880.000000
6923 -24020.000000
6924 -24396.000000
6925 -24216.000000
6926 -24484.000000
6927 -24040.000000
6928 -23704.000000
6929 -23984.000000
6930 -23892.000000
6931 -23828.000000
6932 -23756.000000
6933 -23504.000000
6934 -24048.000000
6935 -24384.000000
6936 -24364.000000
6937 -24240.000000
6938 -24340.000000
6939 -23832.000000
6940 -23872.000000
6941 -23872.000000
6942 -23708.000000
6943 -23636.000000
6944 -23920.000000
6945 -23880.000000
6946 -23936.000000
6947 -23992.000000
6948 -23952.000000
6949 -23688.000000
6950 -23768.000000
6951 -23900.000000
6952 -23936.000000
6953 -24096.000000
6954 -23960.000000
6955 -23964.000000
6956 -23688.000000
6957 -23752.000000
6958 -23800.000000
6959 -23608.000000
6960 -23544.000000
6961 -23656.000000
6962 -23904.000000
6963 -23732.000000
6964 -23896.000000
6965 -23268.000000
6966 -23812.000000
6967 -23728.000000
6968 -23572.000000
6969 -23588.000000
6970 -23344.000000
6971 -23392.000000
6972 -23904.000000
6973 -23616.000000
6974 -23916.000000
6975 -23484.000000
6976 -23248.000000
6977 -23488.000000
6978 -23580.000000
6979 -23800.000000
6980 -23368.000000
6981 -23556.000000
6982 -23660.000000
6983 -23520.000000
6984 -23768.000000
6985 -23888.000000
6986 -23620.000000
6987 -23920.000000
6988 -23864.000000
6989 -23832.000000
6990 -23812.000000
6991 -23620.000000
6992 -23776.000000
6993 -23788.000000
6994 -23520.000000
6995 -23600.000000
6996 -23132.000000
6997 -23508.000000
6998 -23272.000000
6999 -23592.000000
7000 -23788.000000
7001 -23364.000000
7002 -23828.000000
7003 -23548.000000
7004 -24136.000000
7005 -24060.000000
7006 -23900.000000
7007 -23624.000000
7008 -24020.000000
7009 -24292.000000
7010 -23820.000000
7011 -23700.000000
7012 -23620.000000
7013 -23476.000000
7014 -23484.000000
7015 -23448.000000
7016 -23616.000000
7017 -23608.000000
7018 -23840.000000
7019 -23564.000000
7020 -24024.000000
7021 -23872.000000
7022 -24192.000000
7023 -24000.000000
7024 -24156.000000
7025 -24292.000000
7026 -23848.000000
7027 -23964.000000
7028 -23648.000000
7029 -23748.000000
7030 -23536.000000
7031 -23688.000000
7032 -23992.000000
7033 -24332.000000
7034 -23908.000000
7035 -24584.000000
7036 -24556.000000
7037 -24424.000000
7038 -23852.000000
7039 -23532.000000
7040 -23328.000000
7041 -23420.000000
7042 -23480.000000
7043 -23344.000000
7044 -24016.000000
7045 -23992.000000
7046 -24068.000000
7047 -23896.000000
7048 -23604.000000
7049 -23296.000000
7050 -23388.000000
7051 -23820.000000
7052 -23488.000000
7053 -23536.000000
7054 -23068.000000
7055 -23444.000000
7056 -24104.000000
7057 -23944.000000
7058 -23928.000000
7059 -24060.000000
7060 -24224.000000
7061 -24264.000000
7062 -23792.000000
7063 -24000.000000
7064 -23668.000000
7065 -23884.000000
7066 -23988.000000
7067 -23844.000000
7068 -23928.000000
7069 -23812.000000
7070 -23704.000000
7071 -24032.000000
7072 -24244.000000
7073 -24196.000000
7074 -23868.000000
7075 -23808.000000
7076 -23884.000000
7077 -23588.000000
7078 -23740.000000
7079 -24012.000000
7080 -23764.000000
7081 -24184.000000
7082 -24352.000000
7083 -23896.000000
7084 -23596.000000
7085 -23500.000000
7086 -23328.000000
7087 -23412.000000
7088 -23892.000000
7089 -23888.000000
7090 -23756.000000
7091 -23652.000000
7092 -23712.000000
7093 -23360.000000
7094 -23520.000000
7095 -24008.000000
7096 -23824.000000
7097 -23488.000000
7098 -23252.000000
7099 -23564.000000
7100 -23544.000000
7101 -23616.000000
7102 -23792.000000
7103 -23740.000000
7104 -23668.000000
7105 -23260.000000
7106 -23424.000000
7107 -23272.000000
7108 -23348.000000
7109 -23452.000000
7110 -23216.000000
7111 -23264.000000
7112 -22996.000000
7113 -23164.000000
7114 -23420.000000
7115 -23188.000000
7116 -23056.000000
7117 -23040.000000
7118 -23252.000000
7119 -23424.000000
7120 -23524.000000
7121 -23576.000000
7122 -23232.000000
7123 -23384.000000
7124 -23316.000000
7125 -23508.000000
7126 -23876.000000
7127 -23616.000000
7128 -23468.000000
7129 -23084.000000
7130 -23544.000000
7131 -23484.000000
7132 -23604.000000
7133 -23620.000000
7134 -23868.000000
7135 -24168.000000
7136 -23604.000000
7137 -23596.000000
7138 -23652.000000
7139 -23432.000000
7140 -23872.000000
7141 -23776.000000
7142 -23788.000000
7143 -23604.000000
7144 -23700.000000
7145 -23364.000000
7146 -23628.000000
7147 -23132.000000
7148 -23360.000000
7149 -23368.000000
7150 -23216.000000
7151 -23832.000000
7152 -23412.000000
7153 -23400.000000
7154 -23504.000000
7155 -23856.000000
7156 -23368.000000
7157 -23540.000000
7158 -23632.000000
7159 -23744.000000
7160 -23636.000000
7161 -23700.000000
7162 -23724.000000
7163 -23516.000000
7164 -23320.000000
7165 -23204.000000
7166 -23356.000000
7167 -23628.000000
7168 -23688.000000
7169 -23784.000000
7170 -23484.000000
7171 -24208.000000
7172 -24204.000000
7173 -24184.000000
7174 -23936.000000
7175 -24156.000000
7176 -23832.000000
7177 -24040.000000
7178 -23608.000000
7179 -24004.000000
7180 -23856.000000
7181 -23676.000000
7182 -24024.000000
7183 -23480.000000
7184 -23952.000000
7185 -23600.000000
7186 -23912.000000
7187 -24204.000000
7188 -23764.000000
7189 -23888.000000
7190 -23776.000000
7191 -23708.000000
7192 -23796.000000
7193 -23756.000000
7194 -24236.000000
7195 -24040.000000
7196 -23780.000000
7197 -23972.000000
7198 -23816.000000
7199 -24012.000000
7200 -24260.000000
7201 -24256.000000
7202 -24048.000000
7203 -23692.000000
7204 -23676.000000
7205 -23280.000000
7206 -23212.000000
7207 -23748.000000
7208 -23044.000000
7209 -23284.000000
7210 -23572.000000
7211 -23752.000000
7212 -23528.000000
7213 -23404.000000
7214 -23244.000000
7215 -23192.000000
7216 -23160.000000
7217 -23460.000000
7218 -23200.000000
7219 -23244.000000
7220 -23388.000000
7221 -23532.000000
7222 -23232.000000
7223 -23416.000000
7224 -23408.000000
7225 -23396.000000
7226 -23552.000000
7227 -22816.000000
7228 -23024.000000
7229 -23064.000000
7230 -22768.000000
7231 -22896.000000
7232 -22860.000000
7233 -22836.000000
7234 -22720.000000
7235 -22456.000000
7236 -22768.000000
7237 -22996.000000
7238 -23436.000000
7239 -23132.000000
7240 -23348.000000
7241 -23076.000000
7242 -22976.000000
7243 -22656.000000
7244 -22860.000000
7245 -23244.000000
7246 -22756.000000
7247 -23728.000000
7248 -23356.000000
7249 -23196.000000
7250 -23264.000000
7251 -23244.000000
7252 -23248.000000
7253 -22996.000000
7254 -23380.000000
7255 -23332.000000
7256 -22820.000000
7257 -22492.000000
7258 -23096.000000
7259 -22924.000000
7260 -22604.000000
7261 -22904.000000
7262 -22720.000000
7263 -22720.000000
7264 -23120.000000
7265 -23380.000000
7266 -23188.000000
7267 -23392.000000
7268 -22912.000000
7269 -22768.000000
7270 -22764.000000
7271 -22584.000000
7272 -22836.000000
7273 -22764.000000
7274 -23180.000000
7275 -23320.000000
7276 -23724.000000
7277 -23836.000000
7278 -23500.000000
7279 -23456.000000
7280 -23856.000000
7281 -23960.000000
7282 -24304.000000
7283 -23676.000000
7284 -23668.000000
7285 -23932.000000
7286 -24336.000000
7287 -24276.000000
7288 -24656.000000
7289 -24416.000000
7290 -24344.000000
7291 -23964.000000
7292 -24380.000000
7293 -24332.000000
7294 -23556.000000
7295 -23824.000000
7296 -23556.000000
7297 -23892.000000
7298 -23868.000000
7299 -24048.000000
7300 -23916.000000
7301 -24132.000000
7302 -23892.000000
7303 -23876.000000
7304 -23972.000000
7305 -24436.000000
7306 -24044.000000
7307 -23808.000000
7308 -23964.000000
7309 -24584.000000
7310 -23976.000000
7311 -24132.000000
7312 -24444.000000
7313 -24384.000000
7314 -24268.000000
7315 -24228.000000
7316 -24172.000000
7317 -23820.000000
7318 -23232.000000
7319 -23876.000000
7320 -23548.000000
7321 -24144.000000
7322 -24160.000000
7323 -23656.000000
7324 -23808.000000
7325 -23888.000000
7326 -23792.000000
7327 -23400.000000
7328 -23860.000000
7329 -24188.000000
7330 -24056.000000
7331 -24436.000000
7332 -23480.000000
7333 -23632.000000
7334 -23564.000000
7335 -23592.000000
7336 -23652.000000
7337 -24264.000000
7338 -23888.000000
7339 -23500.000000
7340 -23396.000000
7341 -23260.000000
7342 -23160.000000
7343 -23224.000000
7344 -23060.000000
7345 -23308.000000
7346 -22800.000000
7347 -22964.000000
7348 -23080.000000
7349 -23488.000000
7350 -23896.000000
7351 -23808.000000
7352 -23816.000000
7353 -24076.000000
7354 -24548.000000
7355 -23928.000000
7356 -23920.000000
7357 -23716.000000
7358 -23984.000000
7359 -23768.000000
7360 -23856.000000
7361 -23756.000000
7362 -23660.000000
7363 -23484.000000
7364 -23380.000000
7365 -23136.000000
7366 -23716.000000
7367 -24168.000000
7368 -24332.000000
7369 -24148.000000
7370 -23936.000000
7371 -24156.000000
7372 -23836.000000
7373 -23952.000000
7374 -23696.000000
7375 -24228.000000
7376 -24228.000000
7377 -23976.000000
7378 -24156.000000
7379 -23844.000000
7380 -23568.000000
7381 -23512.000000
7382 -24300.000000
7383 -24304.000000
7384 -24100.000000
7385 -23820.000000
7386 -23896.000000
7387 -23988.000000
7388 -23492.000000
7389 -23384.000000
7390 -23648.000000
7391 -23712.000000
7392 -23528.000000
7393 -23980.000000
7394 -23720.000000
7395 -23960.000000
7396 -24108.000000
7397 -23932.000000
7398 -23980.000000
7399 -23324.000000
7400 -23436.000000
7401 -23692.000000
7402 -23716.000000
7403 -23984.000000
7404 -23840.000000
7405 -23660.000000
7406 -23852.000000
7407 -23600.000000
7408 -23276.000000
7409 -23740.000000
7410 -23636.000000
7411 -23592.000000
7412 -23420.000000
7413 -23792.000000
7414 -23968.000000
7415 -24120.000000
7416 -24036.000000
7417 -23792.000000
7418 -23836.000000
7419 -23796.000000
7420 -23424.000000
7421 -23220.000000
7422 -23716.000000
7423 -24080.000000
7424 -23816.000000
7425 -23676.000000
7426 -23788.000000
7427 -23892.000000
7428 -23804.000000
7429 -23988.000000
7430 -24292.000000
7431 -24112.000000
7432 -24136.000000
7433 -24492.000000
7434 -24396.000000
7435 -24312.000000
7436 -24144.000000
7437 -24636.000000
7438 -24648.000000
7439 -24076.000000
7440 -24188.000000
7441 -24320.000000
7442 -24108.000000
7443 -23896.000000
7444 -23616.000000
7445 -23744.000000
7446 -23696.000000
7447 -23784.000000
7448 -23416.000000
7449 -23756.000000
7450 -23360.000000
7451 -23092.000000
7452 -23272.000000
7453 -23000.000000
7454 -23376.000000
7455 -23096.000000
7456 -23124.000000
7457 -23472.000000
7458 -23596.000000
7459 -23560.000000
7460 -23764.000000
7461 -23612.000000
7462 -24048.000000
7463 -23956.000000
7464 -24168.000000
7465 -24084.000000
7466 -24432.000000
7467 -24416.000000
7468 -23752.000000
7469 -23108.000000
7470 -23272.000000
7471 -23244.000000
7472 -23600.000000
7473 -23712.000000
7474 -23576.000000
7475 -23500.000000
7476 -23692.000000
7477 -24016.000000
7478 -23980.000000
7479 -23920.000000
7480 -23776.000000
7481 -23812.000000
7482 -24156.000000
7483 -23892.000000
7484 -23608.000000
7485 -23828.000000
7486 -23752.000000
7487 -23700.000000
7488 -23776.000000
7489 -23868.000000
7490 -23564.000000
7491 -23868.000000
7492 -23908.000000
7493 -23828.000000
7494 -23992.000000
7495 -23844.000000
7496 -23484.000000
7497 -23728.000000
7498 -23740.000000
7499 -23716.000000
7500 -23856.000000
7501 -23628.000000
7502 -23580.000000
7503 -23724.000000
7504 -23664.000000
7505 -23848.000000
7506 -23984.000000
7507 -24124.000000
7508 -23736.000000
7509 -23972.000000
7510 -23700.000000
7511 -23408.000000
7512 -23468.000000
7513 -23352.000000
7514 -23300.000000
7515 -23140.000000
7516 -23248.000000
7517 -23372.000000
7518 -23596.000000
7519 -23528.000000
7520 -23272.000000
7521 -23504.000000
7522 -24100.000000
7523 -23980.000000
7524 -24092.000000
7525 -23852.000000
7526 -23396.000000
7527 -23688.000000
7528 -23540.000000
7529 -23588.000000
7530 -23460.000000
7531 -23712.000000
7532 -23412.000000
7533 -23524.000000
7534 -23564.000000
7535 -24096.000000
7536 -24100.000000
7537 -24108.000000
7538 -24308.000000
7539 -23944.000000
7540 -24016.000000
7541 -24032.000000
7542 -24308.000000
7543 -24412.000000
7544 -23944.000000
7545 -23908.000000
7546 -23856.000000
7547 -23712.000000
7548 -23484.000000
7549 -24060.000000
7550 -24480.000000
7551 -24496.000000
7552 -24284.000000
7553 -24188.000000
7554 -23816.000000
7555 -24200.000000
7556 -23928.000000
7557 -23916.000000
7558 -24272.000000
7559 -23988.000000
7560 -23956.000000
7561 -23988.000000
7562 -23856.000000
7563 -23748.000000
7564 -23920.000000
7565 -23924.000000
7566 -23424.000000
7567 -23340.000000
7568 -23736.000000
7569 -23676.000000
7570 -23672.000000
7571 -23624.000000
7572 -23412.000000
7573 -23640.000000
7574 -23524.000000
7575 -23628.000000
7576 -23352.000000
7577 -23260.000000
7578 -22856.000000
7579 -23152.000000
7580 -23028.000000
7581 -23208.000000
7582 -23420.000000
7583 -23800.000000
7584 -23552.000000
7585 -23148.000000
7586 -23072.000000
7587 -23380.000000
7588 -23732.000000
7589 -23708.000000
7590 -23776.000000
7591 -23604.000000
7592 -24004.000000
7593 -23848.000000
7594 -24104.000000
7595 -23944.000000
7596 -24104.000000
7597 -23784.000000
7598 -23980.000000
7599 -23864.000000
7600 -24000.000000
7601 -23448.000000
7602 -23864.000000
7603 -23652.000000
7604 -24120.000000
7605 -23592.000000
7606 -23104.000000
7607 -24012.000000
7608 -23884.000000
7609 -24004.000000
7610 -23596.000000
7611 -23724.000000
7612 -23832.000000
7613 -24192.000000
7614 -24148.000000
7615 -24592.000000
7616 -24388.000000
7617 -24324.000000
7618 -24080.000000
7619 -24412.000000
7620 -23764.000000
7621 -23476.000000
7622 -23616.000000
7623 -23748.000000
7624 -23796.000000
7625 -23872.000000
7626 -23856.000000
7627 -23972.000000
7628 -23760.000000
7629 -23928.000000
7630 -23776.000000
7631 -23924.000000
7632 -23552.000000
7633 -23772.000000
7634 -23084.000000
7635 -23324.000000
7636 -23616.000000
7637 -23904.000000
7638 -23720.000000
7639 -23872.000000
7640 -23708.000000
7641 -24004.000000
7642 -23884.000000
7643 -24156.000000
7644 -23808.000000
7645 -23784.000000
7646 -24264.000000
7647 -23904.000000
7648 -23776.000000
7649 -23580.000000
7650 -23792.000000
7651 -23868.000000
7652 -23736.000000
7653 -23972.000000
7654 -23728.000000
7655 -23644.000000
7656 -23728.000000
7657 -23812.000000
7658 -24188.000000
7659 -24216.000000
7660 -24216.000000
7661 -24204.000000
7662 -24208.000000
7663 -24364.000000
7664 -24640.000000
7665 -24388.000000
7666 -24172.000000
7667 -23760.000000
7668 -23584.000000
7669 -23296.000000
7670 -23156.000000
7671 -23368.000000
7672 -23664.000000
7673 -23896.000000
7674 -24136.000000
7675 -24032.000000
7676 -24068.000000
7677 -23964.000000
7678 -24000.000000
7679 -24076.000000
7680 -23732.000000
7681 -23544.000000
7682 -23732.000000
7683 -23416.000000
7684 -23440.000000
7685 -23184.000000
7686 -23616.000000
7687 -23476.000000
7688 -23332.000000
7689 -23616.000000
7690 -23832.000000
7691 -23940.000000
7692 -24140.000000
7693 -23572.000000
7694 -23740.000000
7695 -23928.000000
7696 -24280.000000
7697 -24240.000000
7698 -23680.000000
7699 -23944.000000
7700 -23988.000000
7701 -23804.000000
7702 -23612.000000
7703 -23816.000000
7704 -24192.000000
7705 -23900.000000
7706 -23724.000000
7707 -24128.000000
7708 -23884.000000
7709 -23744.000000
7710 -23924.000000
7711 -23904.000000
7712 -23400.000000
7713 -23880.000000
7714 -24064.000000
7715 -23796.000000
7716 -23828.000000
7717 -23940.000000
7718 -23432.000000
7719 -23780.000000
7720 -23544.000000
7721 -23964.000000
7722 -24144.000000
7723 -24064.000000
7724 -23908.000000
7725 -23852.000000
7726 -24012.000000
7727 -23896.000000
7728 -23724.000000
7729 -24036.000000
7730 -23964.000000
7731 -23976.000000
7732 -24252.000000
7733 -23932.000000
7734 -24172.000000
7735 -23836.000000
7736 -24148.000000
7737 -23508.000000
7738 -23644.000000
7739 -23604.000000
7740 -24204.000000
7741 -24620.000000
7742 -24728.000000
7743 -24236.000000
7744 -24024.000000
7745 -24372.000000
7746 -23972.000000
7747 -23760.000000
7748 -23900.000000
7749 -23984.000000
7750 -23960.000000
7751 -23788.000000
7752 -24172.000000
7753 -23796.000000
7754 -23928.000000
7755 -23956.000000
7756 -23960.000000
7757 -23772.000000
7758 -24096.000000
7759 -23596.000000
7760 -23504.000000
7761 -23416.000000
7762 -23492.000000
7763 -23612.000000
7764 -23572.000000
7765 -23728.000000
7766 -23332.000000
7767 -23096.000000
7768 -23320.000000
7769 -23292.000000
7770 -23776.000000
7771 -23736.000000
7772 -23828.000000
7773 -23656.000000
7774 -23648.000000
7775 -23824.000000
7776 -23384.000000
7777 -23232.000000
7778 -23812.000000
7779 -23452.000000
7780 -23248.000000
7781 -23556.000000
7782 -23308.000000
7783 -23336.000000
7784 -23668.000000
7785 -23580.000000
7786 -23764.000000
7787 -23904.000000
7788 -23944.000000
7789 -24168.000000
7790 -24332.000000
7791 -24052.000000
7792 -23788.000000
7793 -23800.000000
7794 -23892.000000
7795 -23840.000000
7796 -23764.000000
7797 -23988.000000
7798 -24388.000000
7799 -23988.000000
7800 -23376.000000
7801 -23824.000000
7802 -23800.000000
7803 -23784.000000
7804 -23680.000000
7805 -23532.000000
7806 -23120.000000
7807 -23196.000000
7808 -23196.000000
7809 -23444.000000
7810 -23260.000000
7811 -23140.000000
7812 -23456.000000
7813 -23104.000000
7814 -22992.000000
7815 -23084.000000
7816 -23272.000000
7817 -23372.000000
7818 -23356.000000
7819 -23312.000000
7820 -23356.000000
7821 -22948.000000
7822 -23368.000000
7823 -23068.000000
7824 -22984.000000
7825 -23012.000000
7826 -23172.000000
7827 -23360.000000
7828 -23372.000000
7829 -23192.000000
7830 -23524.000000
7831 -23680.000000
7832 -23484.000000
7833 -23492.000000
7834 -23592.000000
7835 -23816.000000
7836 -23796.000000
7837 -23548.000000
7838 -23932.000000
7839 -24228.000000
7840 -23824.000000
7841 -24144.000000
7842 -24096.000000
7843 -24416.000000
7844 -24488.000000
7845 -24184.000000
7846 -23912.000000
7847 -24032.000000
7848 -23636.000000
7849 -23532.000000
7850 -23748.000000
7851 -23500.000000
7852 -23512.000000
7853 -23784.000000
7854 -23872.000000
7855 -23460.000000
7856 -23796.000000
7857 -23912.000000
7858 -23584.000000
7859 -23316.000000
7860 -23672.000000
7861 -23704.000000
7862 -23792.000000
7863 -23760.000000
7864 -23724.000000
7865 -23516.000000
7866 -23364.000000
7867 -23108.000000
7868 -23552.000000
7869 -23704.000000
7870 -23356.000000
7871 -23504.000000
7872 -23244.000000
7873 -23472.000000
7874 -23872.000000
7875 -23568.000000
7876 -23376.000000
7877 -24036.000000
7878 -24124.000000
7879 -24012.000000
7880 -24080.000000
7881 -24240.000000
7882 -24140.000000
7883 -23492.000000
7884 -23804.000000
7885 -24008.000000
7886 -24068.000000
7887 -24444.000000
7888 -24424.000000
7889 -24472.000000
7890 -24364.000000
7891 -23336.000000
7892 -24184.000000
7893 -23816.000000
7894 -23960.000000
7895 -23916.000000
7896 -23988.000000
7897 -23900.000000
7898 -23944.000000
7899 -24200.000000
7900 -23880.000000
7901 -23480.000000
7902 -23808.000000
7903 -23996.000000
7904 -23656.000000
7905 -23552.000000
7906 -23696.000000
7907 -23604.000000
7908 -23152.000000
7909 -23296.000000
7910 -23696.000000
7911 -23840.000000
7912 -23504.000000
7913 -23800.000000
7914 -24056.000000
7915 -23984.000000
7916 -24320.000000
7917 -23868.000000
7918 -23808.000000
7919 -23716.000000
7920 -23844.000000
7921 -23612.000000
7922 -23740.000000
7923 -23524.000000
7924 -23620.000000
7925 -23732.000000
7926 -23604.000000
7927 -23540.000000
7928 -23344.000000
7929 -23780.000000
7930 -24016.000000
7931 -24128.000000
7932 -24040.000000
7933 -23908.000000
7934 -23712.000000
7935 -23748.000000
7936 -23572.000000
7937 -23672.000000
7938 -23844.000000
7939 -23916.000000
7940 -24348.000000
7941 -24332.000000
7942 -24140.000000
7943 -23812.000000
7944 -23836.000000
7945 -23880.000000
7946 -23768.000000
7947 -24080.000000
7948 -24120.000000
7949 -24200.000000
7950 -24412.000000
7951 -24252.000000
7952 -23992.000000
7953 -24316.000000
7954 -24032.000000
7955 -23952.000000
7956 -24220.000000
7957 -24296.000000
7958 -24040.000000
7959 -24704.000000
7960 -24528.000000
7961 -24168.000000
7962 -24184.000000
7963 -23888.000000
7964 -24212.000000
7965 -23964.000000
7966 -23984.000000
7967 -24372.000000
7968 -24168.000000
7969 -23504.000000
7970 -23844.000000
7971 -23808.000000
7972 -23536.000000
7973 -23652.000000
7974 -24228.000000
7975 -24572.000000
7976 -24248.000000
7977 -24168.000000
7978 -24272.000000
7979 -24360.000000
7980 -23928.000000
7981 -23852.000000
7982 -23708.000000
7983 -24092.000000
7984 -23532.000000
7985 -24400.000000
7986 -24592.000000
7987 -23868.000000
7988 -24308.000000
7989 -24016.000000
7990 -23928.000000
7991 -23464.000000
7992 -23764.000000
7993 -23708.000000
7994 -23824.000000
7995 -23948.000000
7996 -23752.000000
7997 -24152.000000
7998 -23852.000000
7999 -23972.000000
8000 -24124.000000
8001 -24360.000000
8002 -24364.000000
8003 -24032.000000
8004 -23468.000000
8005 -23636.000000
8006 -23732.000000
8007 -23740.000000
8008 -23616.000000
8009 -23764.000000
8010 -23824.000000
8011 -23936.000000
8012 -23992.000000
8013 -24048.000000
8014 -24168.000000
8015 -23572.000000
8016 -23640.000000
8017 -23688.000000
8018 -23912.000000
8019 -24128.000000
8020 -24064.000000
8021 -23768.000000
8022 -23704.000000
8023 -23540.000000
8024 -23648.000000
8025 -23776.000000
8026 -23568.000000
8027 -23456.000000
8028 -23324.000000
8029 -23068.000000
8030 -23124.000000
8031 -23252.000000
8032 -23332.000000
8033 -23376.000000
8034 -23352.000000
8035 -23608.000000
8036 -23448.000000
8037 -23760.000000
8038 -23764.000000
8039 -23568.000000
8040 -23624.000000
8041 -23576.000000
8042 -23468.000000
8043 -23480.000000
8044 -23192.000000
8045 -23464.000000
8046 -23648.000000
8047 -23920.000000
8048 -24760.000000
8049 -23884.000000
8050 -23748.000000
8051 -23768.000000
8052 -23848.000000
8053 -23812.000000
8054 -24324.000000
8055 -23916.000000
8056 -24372.000000
8057 -24120.000000
8058 -23784.000000
8059 -23816.000000
8060 -24148.000000
8061 -23952.000000
8062 -23960.000000
8063 -23680.000000
8064 -24028.000000
8065 -23892.000000
8066 -23884.000000
8067 -23664.000000
8068 -23692.000000
8069 -23512.000000
8070 -23484.000000
8071 -23524.000000
8072 -23512.000000
8073 -23220.000000
8074 -23548.000000
8075 -23376.000000
8076 -23236.000000
8077 -23404.000000
8078 -23224.000000
8079 -23216.000000
8080 -23216.000000
8081 -23572.000000
8082 -24080.000000
8083 -23772.000000
8084 -24140.000000
8085 -23928.000000
8086 -23968.000000
8087 -24236.000000
8088 -24508.000000
8089 -23968.000000
8090 -23712.000000
8091 -23696.000000
8092 -24032.000000
8093 -23980.000000
8094 -23904.000000
8095 -24080.000000
8096 -24184.000000
8097 -24084.000000
8098 -23612.000000
8099 -23856.000000
8100 -23960.000000
8101 -23852.000000
8102 -23712.000000
8103 -23452.000000
8104 -23560.000000
8105 -23944.000000
8106 -23772.000000
8107 -23704.000000
8108 -23404.000000
8109 -23436.000000
8110 -23712.000000
8111 -23640.000000
8112 -23472.000000
8113 -23424.000000
8114 -23816.000000
8115 -23964.000000
8116 -24204.000000
8117 -23832.000000
8118 -23896.000000
8119 -24164.000000
8120 -24316.000000
8121 -24708.000000
8122 -24508.000000
8123 -24044.000000
8124 -24092.000000
8125 -23772.000000
8126 -23928.000000
8127 -24096.000000
8128 -23996.000000
8129 -24468.000000
8130 -24196.000000
8131 -24544.000000
8132 -24792.000000
8133 -24064.000000
8134 -24116.000000
8135 -24024.000000
8136 -23652.000000
8137 -23764.000000
8138 -23896.000000
8139 -24100.000000
8140 -23828.000000
8141 -23480.000000
8142 -23452.000000
8143 -23380.000000
8144 -23904.000000
8145 -24052.000000
8146 -24016.000000
8147 -23368.000000
8148 -23476.000000
8149 -23412.000000
8150 -23624.000000
8151 -23528.000000
8152 -23624.000000
8153 -23556.000000
8154 -23932.000000
8155 -23992.000000
8156 -23732.000000
8157 -23920.000000
8158 -23736.000000
8159 -23596.000000
8160 -23128.000000
8161 -23456.000000
8162 -23704.000000
8163 -23592.000000
8164 -23444.000000
8165 -23344.000000
8166 -23252.000000
8167 -23248.000000
8168 -23468.000000
8169 -23232.000000
8170 -23320.000000
8171 -23356.000000
8172 -23620.000000
8173 -23336.000000
8174 -23544.000000
8175 -23876.000000
8176 -23600.000000
8177 -23608.000000
8178 -23340.000000
8179 -23464.000000
8180 -23824.000000
8181 -23680.000000
8182 -23984.000000
8183 -23748.000000
8184 -23596.000000
8185 -23672.000000
8186 -23432.000000
8187 -23572.000000
8188 -23568.000000
8189 -23572.000000
8190 -23524.000000
8191 -23644.000000
8192 -23632.000000
8193 -23484.000000
8194 -23792.000000
8195 -23916.000000
8196 -24096.000000
8197 -23812.000000
8198 -23656.000000
8199 -23604.000000
8200 -23712.000000
8201 -23860.000000
8202 -23828.000000
8203 -23652.000000
8204 -23824.000000
8205 -23660.000000
8206 -23652.000000
8207 -23336.000000
8208 -23924.000000
8209 -23732.000000
8210 -23380.000000
8211 -23584.000000
8212 -23356.000000
8213 -23532.000000
8214 -22992.000000
8215 -23440.000000
8216 -23216.000000
8217 -23496.000000
8218 -23412.000000
8219 -23064.000000
8220 -22848.000000
8221 -22840.000000
8222 -22916.000000
8223 -23160.000000
8224 -23024.000000
8225 -23416.000000
8226 -23352.000000
8227 -23240.000000
8228 -23372.000000
8229 -23452.000000
8230 -23680.000000
8231 -23496.000000
8232 -23436.000000
8233 -23052.000000
8234 -22892.000000
8235 -22832.000000
8236 -22980.000000
8237 -22756.000000
8238 -22872.000000
8239 -23008.000000
8240 -23464.000000
8241 -23632.000000
8242 -23776.000000
8243 -23536.000000
8244 -23792.000000
8245 -23464.000000
8246 -23240.000000
8247 -23360.000000
8248 -23504.000000
8249 -23704.000000
8250 -23744.000000
8251 -23776.000000
8252 -23428.000000
8253 -23220.000000
8254 -23424.000000
8255 -23132.000000
8256 -23344.000000
8257 -23712.000000
8258 -23652.000000
8259 -23504.000000
8260 -23448.000000
8261 -23772.000000
8262 -23688.000000
8263 -23960.000000
8264 -23792.000000
8265 -24104.000000
8266 -23560.000000
8267 -23568.000000
8268 -23640.000000
8269 -23888.000000
8270 -24016.000000
8271 -24484.000000
8272 -23948.000000
8273 -24048.000000
8274 -23804.000000
8275 -24236.000000
8276 -23968.000000
8277 -23952.000000
8278 -23704.000000
8279 -23552.000000
8280 -23456.000000
8281 -23928.000000
8282 -23672.000000
8283 -24028.000000
8284 -23948.000000
8285 -24012.000000
8286 -23980.000000
8287 -23896.000000
8288 -23864.000000
8289 -24132.000000
8290 -24096.000000
8291 -24292.000000
8292 -24052.000000
8293 -24276.000000
8294 -24320.000000
8295 -23764.000000
8296 -24056.000000
8297 -23896.000000
8298 -23928.000000
8299 -23676.000000
8300 -23856.000000
8301 -23632.000000
8302 -23424.000000
8303 -24096.000000
8304 -23664.000000
8305 -23392.000000
8306 -23320.000000
8307 -23408.000000
8308 -23928.000000
8309 -23652.000000
8310 -23856.000000
8311 -24208.000000
8312 -24240.000000
8313 -24416.000000
8314 -23728.000000
8315 -24176.000000
8316 -23924.000000
8317 -24220.000000
8318 -23848.000000
8319 -24132.000000
8320 -24228.000000
8321 -24356.000000
8322 -24184.000000
8323 -23788.000000
8324 -23792.000000
8325 -23512.000000
8326 -23544.000000
8327 -23948.000000
8328 -24188.000000
8329 -24568.000000
8330 -24032.000000
8331 -23936.000000
8332 -24132.000000
8333 -24264.000000
8334 -24080.000000
8335 -23480.000000
8336 -23280.000000
8337 -23784.000000
8338 -23528.000000
8339 -23632.000000
8340 -23528.000000
8341 -23476.000000
8342 -23872.000000
8343 -23832.000000
8344 -24468.000000
8345 -24020.000000
8346 -23832.000000
8347 -23836.000000
8348 -23968.000000
8349 -23816.000000
8350 -23776.000000
8351 -24124.000000
8352 -24256.000000
8353 -23804.000000
8354 -23660.000000
8355 -23828.000000
8356 -23704.000000
8357 -23492.000000
8358 -23544.000000
8359 -23596.000000
8360 -23844.000000
8361 -23628.000000
8362 -23520.000000
8363 -23480.000000
8364 -23180.000000
8365 -23700.000000
8366 -24144.000000
8367 -24136.000000
8368 -23912.000000
8369 -23844.000000
8370 -24068.000000
8371 -24092.000000
8372 -24100.000000
8373 -23724.000000
8374 -24024.000000
8375 -23976.000000
8376 -23240.000000
8377 -23868.000000
8378 -24092.000000
8379 -24052.000000
8380 -24040.000000
8381 -24144.000000
8382 -24304.000000
8383 -24068.000000
8384 -24124.000000
8385 -23772.000000
8386 -23676.000000
8387 -24128.000000
8388 -23752.000000
8389 -24332.000000
8390 -24216.000000
8391 -24220.000000
8392 -23580.000000
8393 -23928.000000
8394 -24032.000000
8395 -23852.000000
8396 -23672.000000
8397 -24068.000000
8398 -23960.000000
8399 -23844.000000
8400 -23724.000000
8401 -23684.000000
8402 -24088.000000
8403 -23632.000000
8404 -23812.000000
8405 -23932.000000
8406 -24140.000000
8407 -23920.000000
8408 -23612.000000
8409 -23544.000000
8410 -23616.000000
8411 -23584.000000
8412 -23092.000000
8413 -23740.000000
8414 -23836.000000
8415 -23688.000000
8416 -23756.000000
8417 -23536.000000
8418 -23088.000000
8419 -23328.000000
8420 -23300.000000
8421 -22692.000000
8422 -23072.000000
8423 -23256.000000
8424 -23612.000000
8425 -23352.000000
8426 -23480.000000
8427 -23784.000000
8428 -23452.000000
8429 -23400.000000
8430 -23552.000000
8431 -23752.000000
8432 -23704.000000
8433 -23728.000000
8434 -23816.000000
8435 -23916.000000
8436 -24032.000000
8437 -23588.000000
8438 -23376.000000
8439 -23804.000000
8440 -23552.000000
8441 -23200.000000
8442 -23644.000000
8443 -24216.000000
8444 -24364.000000
8445 -24296.000000
8446 -24336.000000
8447 -23704.000000
8448 -23720.000000
8449 -23604.000000
8450 -23732.000000
8451 -24048.000000
8452 -24252.000000
8453 -24292.000000
8454 -24020.000000
8455 -23684.000000
8456 -23848.000000
8457 -23448.000000
8458 -23516.000000
8459 -23652.000000
8460 -23912.000000
8461 -23624.000000
8462 -23528.000000
8463 -24036.000000
8464 -23956.000000
8465 -23636.000000
8466 -23632.000000
8467 -23544.000000
8468 -23664.000000
8469 -23644.000000
8470 -23228.000000
8471 -23284.000000
8472 -23292.000000
8473 -23952.000000
8474 -23268.000000
8475 -23536.000000
8476 -23640.000000
8477 -23688.000000
8478 -23564.000000
8479 -23240.000000
8480 -23152.000000
8481 -23192.000000
8482 -23268.000000
8483 -23480.000000
8484 -23568.000000
8485 -23532.000000
8486 -23628.000000
8487 -23924.000000
8488 -23404.000000
8489 -23580.000000
8490 -23516.000000
8491 -23532.000000
8492 -23904.000000
8493 -23740.000000
8494 -24072.000000
8495 -24056.000000
8496 -23980.000000
8497 -23872.000000
8498 -24228.000000
8499 -24420.000000
8500 -24164.000000
8501 -24060.000000
8502 -24124.000000
8503 -23684.000000
8504 -23616.000000
8505 -23532.000000
8506 -24052.000000
8507 -23556.000000
8508 -23676.000000
8509 -23780.000000
8510 -23804.000000
8511 -24056.000000
8512 -23760.000000
8513 -23816.000000
8514 -23952.000000
8515 -23988.000000
8516 -24124.000000
8517 -24076.000000
8518 -24276.000000
8519 -24108.000000
8520 -24180.000000
8521 -24060.000000
8522 -24796.000000
8523 -24820.000000
8524 -24320.000000
8525 -24404.000000
8526 -24300.000000
8527 -23888.000000
8528 -24304.000000
8529 -24132.000000
8530 -24248.000000
8531 -23816.000000
8532 -24008.000000
8533 -23576.000000
8534 -23932.000000
8535 -24356.000000
8536 -24308.000000
8537 -24124.000000
8538 -23896.000000
8539 -23812.000000
8540 -23512.000000
8541 -24116.000000
8542 -24000.000000
8543 -23836.000000
8544 -24056.000000
8545 -24272.000000
8546 -24024.000000
8547 -24136.000000
8548 -23960.000000
8549 -23924.000000
8550 -24004.000000
8551 -23820.000000
8552 -24116.000000
8553 -24108.000000
8554 -24180.000000
8555 -24132.000000
8556 -23816.000000
8557 -23936.000000
8558 -24248.000000
8559 -23936.000000
8560 -23608.000000
8561 -23592.000000
8562 -23572.000000
8563 -23344.000000
8564 -23716.000000
8565 -23148.000000
8566 -23576.000000
8567 -23752.000000
8568 -23900.000000
8569 -23628.000000
8570 -23728.000000
8571 -24176.000000
8572 -24116.000000
8573 -23848.000000
8574 -24096.000000
8575 -23912.000000
8576 -23632.000000
8577 -23916.000000
8578 -23948.000000
8579 -23984.000000
8580 -24164.000000
8581 -23676.000000
8582 -23492.000000
8583 -23356.000000
8584 -23956.000000
8585 -23944.000000
8586 -24096.000000
8587 -24248.000000
8588 -24004.000000
8589 -24196.000000
8590 -24216.000000
8591 -23960.000000
8592 -24164.000000
8593 -24028.000000
8594 -24396.000000
8595 -24332.000000
8596 -24336.000000
8597 -23860.000000
8598 -23880.000000
8599 -23628.000000
8600 -23928.000000
8601 -23660.000000
8602 -24040.000000
8603 -24348.000000
8604 -23764.000000
8605 -23732.000000
8606 -23828.000000
8607 -23712.000000
8608 -23728.000000
8609 -24036.000000
8610 -24340.000000
8611 -24352.000000
8612 -24344.000000
8613 -24104.000000
8614 -23320.000000
8615 -23340.000000
8616 -23616.000000
8617 -23668.000000
8618 -23812.000000
8619 -23524.000000
8620 -23504.000000
8621 -23568.000000
8622 -24180.000000
8623 -24108.000000
8624 -24164.000000
8625 -23908.000000
8626 -23536.000000
8627 -23824.000000
8628 -23828.000000
8629 -24052.000000
8630 -23568.000000
8631 -23664.000000
8632 -23556.000000
8633 -23480.000000
8634 -23828.000000
8635 -23832.000000
8636 -24016.000000
8637 -24032.000000
8638 -23524.000000
8639 -23544.000000
8640 -23108.000000
8641 -23684.000000
8642 -24088.000000
8643 -23880.000000
8644 -23656.000000
8645 -24092.000000
8646 -23864.000000
8647 -24028.000000
8648 -23664.000000
8649 -24092.000000
8650 -23968.000000
8651 -23980.000000
8652 -24048.000000
8653 -23748.000000
8654 -23868.000000
8655 -23908.000000
8656 -23804.000000
8657 -23896.000000
8658 -23844.000000
8659 -24088.000000
8660 -24072.000000
8661 -23872.000000
8662 -23996.000000
8663 -23928.000000
8664 -23964.000000
8665 -23740.000000
8666 -24000.000000
8667 -24028.000000
8668 -24424.000000
8669 -23988.000000
8670 -23724.000000
8671 -23664.000000
8672 -23588.000000
8673 -23656.000000
8674 -23464.000000
8675 -23392.000000
8676 -23444.000000
8677 -24124.000000
8678 -24056.000000
8679 -24156.000000
8680 -24136.000000
8681 -24180.000000
8682 -23812.000000
8683 -23836.000000
8684 -23976.000000
8685 -24612.000000
8686 -24624.000000
8687 -24368.000000
8688 -24140.000000
8689 -24048.000000
8690 -23948.000000
8691 -24104.000000
8692 -24152.000000
8693 -23836.000000
8694 -23988.000000
8695 -24348.000000
8696 -24172.000000
8697 -24012.000000
8698 -23884.000000
8699 -24384.000000
8700 -23612.000000
8701 -23444.000000
8702 -23784.000000
8703 -23632.000000
8704 -23680.000000
8705 -23292.000000
8706 -23124.000000
8707 -23216.000000
8708 -23044.000000
8709 -23180.000000
8710 -23580.000000
8711 -23852.000000
8712 -24100.000000
8713 -23804.000000
8714 -23616.000000
8715 -23492.000000
8716 -23672.000000
8717 -23124.000000
8718 -23660.000000
8719 -23896.000000
8720 -24380.000000
8721 -24500.000000
8722 -24356.000000
8723 -24352.000000
8724 -24392.000000
8725 -24160.000000
8726 -24108.000000
8727 -23868.000000
8728 -23556.000000
8729 -23600.000000
8730 -23860.000000
8731 -23916.000000
8732 -23692.000000
8733 -23924.000000
8734 -24084.000000
8735 -23928.000000
8736 -24088.000000
8737 -24004.000000
8738 -24696.000000
8739 -24816.000000
8740 -24764.000000
8741 -24736.000000
8742 -24652.000000
8743 -24640.000000
8744 -24596.000000
8745 -24676.000000
8746 -24308.000000
8747 -24032.000000
8748 -23524.000000
8749 -24156.000000
8750 -23876.000000
8751 -24464.000000
8752 -24324.000000
8753 -24496.000000
8754 -24556.000000
8755 -24488.000000
8756 -23868.000000
8757 -24008.000000
8758 -24136.000000
8759 -24348.000000
8760 -24292.000000
8761 -24340.000000
8762 -24108.000000
8763 -23932.000000
8764 -23828.000000
8765 -23860.000000
8766 -24016.000000
8767 -23676.000000
8768 -23820.000000
8769 -23808.000000
8770 -23624.000000
8771 -23884.000000
8772 -24008.000000
8773 -23676.000000
8774 -23760.000000
8775 -23952.000000
8776 -24076.000000
8777 -24184.000000
8778 -24224.000000
8779 -23880.000000
8780 -24368.000000
8781 -24172.000000
8782 -24328.000000
8783 -24016.000000
8784 -24488.000000
8785 -24436.000000
8786 -24272.000000
8787 -23952.000000
8788 -23784.000000
8789 -24068.000000
8790 -24504.000000
8791 -24112.000000
8792 -23576.000000
8793 -24204.000000
8794 -24488.000000
8795 -23896.000000
8796 -24424.000000
8797 -24388.000000
8798 -24584.000000
8799 -24300.000000
8800 -23864.000000
8801 -23848.000000
8802 -24032.000000
8803 -23924.000000
8804 -23972.000000
8805 -23888.000000
8806 -24092.000000
8807 -24076.000000
8808 -24176.000000
8809 -23972.000000
8810 -24204.000000
8811 -24200.000000
8812 -24096.000000
8813 -24308.000000
8814 -24208.000000
8815 -24600.000000
8816 -24524.000000
8817 -24584.000000
8818 -23856.000000
8819 -24300.000000
8820 -23424.000000
8821 -23380.000000
8822 -23668.000000
8823 -24132.000000
8824 -23980.000000
8825 -24084.000000
8826 -23732.000000
8827 -23788.000000
8828 -23988.000000
8829 -24228.000000
8830 -24048.000000
8831 -23440.000000
8832 -23608.000000
8833 -22884.000000
8834 -23204.000000
8835 -23140.000000
8836 -23516.000000
8837 -23136.000000
8838 -23388.000000
8839 -24016.000000
8840 -23856.000000
8841 -23860.000000
8842 -23984.000000
8843 -23824.000000
8844 -23416.000000
8845 -23512.000000
8846 -23652.000000
8847 -23212.000000
8848 -23784.000000
8849 -24012.000000
8850 -24104.000000
8851 -24016.000000
8852 -24168.000000
8853 -23888.000000
8854 -23312.000000
8855 -23372.000000
8856 -23700.000000
8857 -23836.000000
8858 -23968.000000
8859 -23636.000000
8860 -23820.000000
8861 -24120.000000
8862 -24376.000000
8863 -24328.000000
8864 -24000.000000
8865 -23712.000000
8866 -23688.000000
8867 -23828.000000
8868 -23772.000000
8869 -23488.000000
8870 -23844.000000
8871 -23360.000000
8872 -23456.000000
8873 -23992.000000
8874 -23636.000000
8875 -23788.000000
8876 -23764.000000
8877 -24024.000000
8878 -23872.000000
8879 -23560.000000
8880 -23576.000000
8881 -23512.000000
8882 -23544.000000
8883 -23200.000000
8884 -23304.000000
8885 -23868.000000
8886 -24260.000000
8887 -24188.000000
8888 -24020.000000
8889 -23884.000000
8890 -24096.000000
8891 -24156.000000
8892 -24500.000000
8893 -24228.000000
8894 -24172.000000
8895 -24032.000000
8896 -23656.000000
8897 -23568.000000
8898 -23836.000000
8899 -24052.000000
8900 -23968.000000
8901 -23680.000000
8902 -23656.000000
8903 -23448.000000
8904 -23544.000000
8905 -24180.000000
8906 -23688.000000
8907 -23784.000000
8908 -24136.000000
8909 -24252.000000
8910 -24144.000000
8911 -24128.000000
8912 -24464.000000
8913 -23800.000000
8914 -23964.000000
8915 -24024.000000
8916 -24004.000000
8917 -23956.000000
8918 -24008.000000
8919 -23984.000000
8920 -24132.000000
8921 -23884.000000
8922 -24212.000000
8923 -24272.000000
8924 -24068.000000
8925 -23620.000000
8926 -23636.000000
8927 -23500.000000
8928 -23468.000000
8929 -23816.000000
8930 -23812.000000
8931 -23564.000000
8932 -23748.000000
8933 -24100.000000
8934 -23744.000000
8935 -23800.000000
8936 -23796.000000
8937 -23416.000000
8938 -23760.000000
8939 -23324.000000
8940 -23660.000000
8941 -23636.000000
8942 -23876.000000
8943 -23976.000000
8944 -24108.000000
8945 -23928.000000
8946 -23268.000000
8947 -23540.000000
8948 -23752.000000
8949 -23880.000000
8950 -23932.000000
8951 -24008.000000
8952 -23420.000000
8953 -23548.000000
8954 -23648.000000
8955 -23636.000000
8956 -23820.000000
8957 -23900.000000
8958 -23604.000000
8959 -23676.000000
8960 -23648.000000
8961 -23712.000000
8962 -23632.000000
8963 -23712.000000
8964 -23732.000000
8965 -23780.000000
8966 -23896.000000
8967 -24024.000000
8968 -24136.000000
8969 -24356.000000
8970 -24332.000000
8971 -24116.000000
8972 -24388.000000
8973 -24548.000000
8974 -24168.000000
8975 -23940.000000
8976 -23588.000000
8977 -23640.000000
8978 -23660.000000
8979 -23632.000000
8980 -23488.000000
8981 -23552.000000
8982 -23688.000000
8983 -23760.000000
8984 -23612.000000
8985 -23644.000000
8986 -24384.000000
8987 -23992.000000
8988 -24196.000000
8989 -23888.000000
8990 -23608.000000
8991 -23392.000000
8992 -24028.000000
8993 -24060.000000
8994 -24052.000000
8995 -23664.000000
8996 -23876.000000
8997 -24096.000000
8998 -23984.000000
8999 -24240.000000
9000 -23888.000000
9001 -23940.000000
9002 -23884.000000
9003 -23908.000000
9004 -23700.000000
9005 -24268.000000
9006 -24224.000000
9007 -24116.000000
9008 -24028.000000
9009 -24000.000000
9010 -23700.000000
9011 -23668.000000
9012 -24060.000000
9013 -23928.000000
9014 -24152.000000
9015 -24196.000000
9016 -23856.000000
9017 -23904.000000
9018 -23908.000000
9019 -23908.000000
9020 -24080.000000
9021 -24284.000000
9022 -24168.000000
9023 -24064.000000
9024 -23840.000000
9025 -23988.000000
9026 -24020.000000
9027 -23240.000000
9028 -23468.000000
9029 -23776.000000
9030 -23612.000000
9031 -23740.000000
9032 -23840.000000
9033 -24012.000000
9034 -23976.000000
9035 -23776.000000
9036 -23300.000000
9037 -23956.000000
9038 -23916.000000
9039 -23800.000000
9040 -23512.000000
9041 -23756.000000
9042 -23556.000000
9043 -23840.000000
9044 -23572.000000
9045 -23656.000000
9046 -23396.000000
9047 -23236.000000
9048 -23068.000000
9049 -23124.000000
9050 -23392.000000
9051 -23888.000000
9052 -23756.000000
9053 -24076.000000
9054 -24212.000000
9055 -23548.000000
9056 -23388.000000
9057 -23180.000000
9058 -23272.000000
9059 -22980.000000
9060 -22652.000000
9061 -22912.000000
9062 -22924.000000
9063 -23208.000000
9064 -23168.000000
9065 -23252.000000
9066 -23100.000000
9067 -23372.000000
9068 -23444.000000
9069 -23376.000000
9070 -23612.000000
9071 -23076.000000
9072 -23776.000000
9073 -23652.000000
9074 -23728.000000
9075 -23680.000000
9076 -23896.000000
9077 -23732.000000
9078 -23800.000000
9079 -23560.000000
9080 -24020.000000
9081 -24080.000000
9082 -23956.000000
9083 -23812.000000
9084 -23636.000000
9085 -23116.000000
9086 -23216.000000
9087 -23760.000000
9088 -23664.000000
9089 -23796.000000
9090 -23856.000000
9091 -23540.000000
9092 -23332.000000
9093 -23364.000000
9094 -23636.000000
9095 -23556.000000
9096 -23440.000000
9097 -23460.000000
9098 -23472.000000
9099 -23220.000000
9100 -23484.000000
9101 -23820.000000
9102 -23812.000000
9103 -23688.000000
9104 -23668.000000
9105 -23572.000000
9106 -23780.000000
9107 -23352.000000
9108 -23876.000000
9109 -24084.000000
9110 -23936.000000
9111 -23964.000000
9112 -23896.000000
9113 -23756.000000
9114 -24200.000000
9115 -23976.000000
9116 -23824.000000
9117 -24140.000000
9118 -24344.000000
9119 -23928.000000
9120 -24300.000000
9121 -23772.000000
9122 -24136.000000
9123 -23860.000000
9124 -23768.000000
9125 -23400.000000
9126 -23508.000000
9127 -23436.000000
9128 -23648.000000
9129 -23308.000000
9130 -23864.000000
9131 -23908.000000
9132 -23960.000000
9133 -23836.000000
9134 -23552.000000
9135 -23960.000000
9136 -24036.000000
9137 -23448.000000
9138 -23772.000000
9139 -23768.000000
9140 -23392.000000
9141 -23596.000000
9142 -23912.000000
9143 -24240.000000
9144 -24048.000000
9145 -24000.000000
9146 -23212.000000
9147 -23544.000000
9148 -23664.000000
9149 -23304.000000
9150 -23752.000000
9151 -23756.000000
9152 -23396.000000
9153 -23780.000000
9154 -23792.000000
9155 -23660.000000
9156 -23840.000000
9157 -24140.000000
9158 -23712.000000
9159 -24036.000000
9160 -24048.000000
9161 -24172.000000
9162 -24348.000000
9163 -24384.000000
9164 -24308.000000
9165 -24004.000000
9166 -23920.000000
9167 -23500.000000
9168 -24008.000000
9169 -24120.000000
9170 -24288.000000
9171 -24176.000000
9172 -23436.000000
9173 -23996.000000
9174 -24388.000000
9175 -24348.000000
9176 -24464.000000
9177 -24136.000000
9178 -24140.000000
9179 -23760.000000
9180 -23756.000000
9181 -23956.000000
9182 -24100.000000
9183 -24128.000000
9184 -23804.000000
9185 -23928.000000
9186 -24084.000000
9187 -24048.000000
9188 -24052.000000
9189 -23980.000000
9190 -24224.000000
9191 -23864.000000
9192 -24152.000000
9193 -24120.000000
9194 -23892.000000
9195 -24376.000000
9196 -24084.000000
9197 -23972.000000
9198 -23732.000000
9199 -24276.000000
9200 -24360.000000
9201 -24040.000000
9202 -24036.000000
9203 -24020.000000
9204 -23964.000000
9205 -24024.000000
9206 -24180.000000
9207 -23740.000000
9208 -23924.000000
9209 -23580.000000
9210 -23592.000000
9211 -23380.000000
9212 -23976.000000
9213 -23776.000000
9214 -23500.000000
9215 -23860.000000
9216 -24160.000000
9217 -23896.000000
9218 -23584.000000
9219 -23876.000000
9220 -23816.000000
9221 -24312.000000
9222 -24088.000000
9223 -24076.000000
9224 -24060.000000
9225 -23776.000000
9226 -23692.000000
9227 -23720.000000
9228 -23844.000000
9229 -23840.000000
9230 -24124.000000
9231 -23712.000000
9232 -23716.000000
9233 -24220.000000
9234 -24356.000000
9235 -24144.000000
9236 -24444.000000
9237 -24132.000000
9238 -24240.000000
9239 -24344.000000
9240 -24412.000000
9241 -24656.000000
9242 -24700.000000
9243 -24312.000000
9244 -24272.000000
9245 -24208.000000
9246 -24044.000000
9247 -24212.000000
9248 -24252.000000
9249 -24240.000000
9250 -23824.000000
9251 -23820.000000
9252 -23976.000000
9253 -23892.000000
9254 -24012.000000
9255 -24236.000000
9256 -24224.000000
9257 -24152.000000
9258 -24216.000000
9259 -24020.000000
9260 -23740.000000
9261 -24104.000000
9262 -23904.000000
9263 -24052.000000
9264 -24264.000000
9265 -23916.000000
9266 -23676.000000
9267 -23488.000000
9268 -24104.000000
9269 -24324.000000
9270 -24020.000000
9271 -24260.000000
9272 -24188.000000
9273 -23816.000000
9274 -24068.000000
9275 -24228.000000
9276 -24056.000000
9277 -23596.000000
9278 -23784.000000
9279 -23904.000000
9280 -23736.000000
9281 -23548.000000
9282 -24268.000000
9283 -23768.000000
9284 -23796.000000
9285 -24064.000000
9286 -23964.000000
9287 -23564.000000
9288 -23832.000000
9289 -24116.000000
9290 -24168.000000
9291 -24256.000000
9292 -23584.000000
9293 -23788.000000
9294 -23644.000000
9295 -23816.000000
9296 -23876.000000
9297 -24188.000000
9298 -24168.000000
9299 -24136.000000
9300 -23724.000000
9301 -23768.000000
9302 -23876.000000
9303 -24060.000000
9304 -23724.000000
9305 -24032.000000
9306 -24296.000000
9307 -23864.000000
9308 -23644.000000
9309 -23768.000000
9310 -23560.000000
9311 -23348.000000
9312 -23408.000000
9313 -23856.000000
9314 -23784.000000
9315 -23908.000000
9316 -23552.000000
9317 -23396.000000
9318 -23268.000000
9319 -24000.000000
9320 -24140.000000
9321 -24360.000000
9322 -24192.000000
9323 -24184.000000
9324 -24520.000000
9325 -24088.000000
9326 -24400.000000
9327 -24004.000000
9328 -23880.000000
9329 -23900.000000
9330 -24060.000000
9331 -23844.000000
9332 -24396.000000
9333 -24292.000000
9334 -24212.000000
9335 -24044.000000
9336 -24516.000000
9337 -24332.000000
9338 -24072.000000
9339 -24144.000000
9340 -24168.000000
9341 -24444.000000
9342 -24024.000000
9343 -23824.000000
9344 -23772.000000
9345 -23560.000000
9346 -23600.000000
9347 -24000.000000
9348 -24400.000000
9349 -24448.000000
9350 -24220.000000
9351 -23948.000000
9352 -23644.000000
9353 -24080.000000
9354 -24044.000000
9355 -24436.000000
9356 -24124.000000
9357 -24204.000000
9358 -23784.000000
9359 -24136.000000
9360 -24528.000000
9361 -24288.000000
9362 -24116.000000
9363 -24084.000000
9364 -24068.000000
9365 -24208.000000
9366 -24264.000000
9367 -23920.000000
9368 -23724.000000
9369 -23732.000000
9370 -24500.000000
9371 -24080.000000
9372 -24080.000000
9373 -24160.000000
9374 -24300.000000
9375 -24336.000000
9376 -24468.000000
9377 -24384.000000
9378 -24684.000000
9379 -24808.000000
9380 -24796.000000
9381 -24968.000000
9382 -24756.000000
9383 -24556.000000
9384 -24408.000000
9385 -24604.000000
9386 -24688.000000
9387 -24448.000000
9388 -24388.000000
9389 -24144.000000
9390 -23664.000000
9391 -23924.000000
9392 -24060.000000
9393 -23856.000000
9394 -24028.000000
9395 -23944.000000
9396 -23780.000000
9397 -23908.000000
9398 -23728.000000
9399 -23856.000000
9400 -24420.000000
9401 -24080.000000
9402 -24080.000000
9403 -23676.000000
9404 -24040.000000
9405 -24156.000000
9406 -24128.000000
9407 -24324.000000
9408 -23920.000000
9409 -23932.000000
9410 -24056.000000
9411 -23944.000000
9412 -23960.000000
9413 -23932.000000
9414 -23808.000000
9415 -23648.000000
9416 -23680.000000
9417 -23400.000000
9418 -23420.000000
9419 -23628.000000
9420 -23988.000000
9421 -23588.000000
9422 -23676.000000
9423 -23700.000000
9424 -23400.000000
9425 -23964.000000
9426 -23916.000000
9427 -23412.000000
9428 -23496.000000
9429 -23700.000000
9430 -23756.000000
9431 -23260.000000
9432 -24012.000000
9433 -23672.000000
9434 -23812.000000
9435 -23900.000000
9436 -23784.000000
9437 -23736.000000
9438 -23728.000000
9439 -23752.000000
9440 -23916.000000
9441 -23588.000000
9442 -23956.000000
9443 -23848.000000
9444 -23680.000000
9445 -23516.000000
9446 -24128.000000
9447 -23636.000000
9448 -23812.000000
9449 -23708.000000
9450 -23536.000000
9451 -23724.000000
9452 -23728.000000
9453 -23968.000000
9454 -23656.000000
9455 -23724.000000
9456 -23592.000000
9457 -24044.000000
9458 -24516.000000
9459 -24616.000000
9460 -24288.000000
9461 -24332.000000
9462 -24280.000000
9463 -24464.000000
9464 -24212.000000
9465 -24228.000000
9466 -24468.000000
9467 -24720.000000
9468 -24688.000000
9469 -23944.000000
9470 -24324.000000
9471 -23996.000000
9472 -23752.000000
9473 -23804.000000
9474 -24132.000000
9475 -23800.000000
9476 -23816.000000
9477 -23772.000000
9478 -24476.000000
9479 -24268.000000
9480 -24032.000000
9481 -24140.000000
9482 -23924.000000
9483 -23636.000000
9484 -23692.000000
9485 -23852.000000
9486 -23936.000000
9487 -23572.000000
9488 -23784.000000
9489 -23612.000000
9490 -23988.000000
9491 -24360.000000
9492 -23776.000000
9493 -23568.000000
9494 -23508.000000
9495 -23860.000000
9496 -23540.000000
9497 -23624.000000
9498 -24016.000000
9499 -23920.000000
9500 -24132.000000
9501 -23968.000000
9502 -24232.000000
9503 -24052.000000
9504 -23836.000000
9505 -24076.000000
9506 -23992.000000
9507 -23548.000000
9508 -23392.000000
9509 -23440.000000
9510 -23432.000000
9511 -23400.000000
9512 -23364.000000
9513 -23392.000000
9514 -23404.000000
9515 -23408.000000
9516 -23332.000000
9517 -24008.000000
9518 -24028.000000
9519 -24328.000000
9520 -24096.000000
9521 -24128.000000
9522 -24200.000000
9523 -24196.000000
9524 -23948.000000
9525 -24024.000000
9526 -24136.000000
9527 -24088.000000
9528 -23944.000000
9529 -24028.000000
9530 -23736.000000
9531 -24160.000000
9532 -24308.000000
9533 -24528.000000
9534 -24248.000000
9535 -24020.000000
9536 -24136.000000
9537 -24072.000000
9538 -24272.000000
9539 -23668.000000
9540 -23656.000000
9541 -23624.000000
9542 -23884.000000
9543 -23552.000000
9544 -23536.000000
9545 -23620.000000
9546 -23884.000000
9547 -23672.000000
9548 -23860.000000
9549 -23764.000000
9550 -23732.000000
9551 -23908.000000
9552 -23400.000000
9553 -23408.000000
9554 -23632.000000
9555 -23604.000000
9556 -23976.000000
9557 -24580.000000
9558 -23904.000000
9559 -23648.000000
9560 -23692.000000
9561 -23976.000000
9562 -23896.000000
9563 -23880.000000
9564 -23616.000000
9565 -23516.000000
9566 -23744.000000
9567 -23840.000000
9568 -23748.000000
9569 -23448.000000
9570 -23592.000000
9571 -23944.000000
9572 -23752.000000
9573 -23772.000000
9574 -23516.000000
9575 -23388.000000
9576 -23812.000000
9577 -24068.000000
9578 -23876.000000
9579 -23720.000000
9580 -23828.000000
9581 -23900.000000
9582 -23960.000000
9583 -23852.000000
9584 -24080.000000
9585 -23844.000000
9586 -23892.000000
9587 -23716.000000
9588 -23384.000000
9589 -23404.000000
9590 -23136.000000
9591 -22892.000000
9592 -22908.000000
9593 -22640.000000
9594 -23124.000000
9595 -23432.000000
9596 -23364.000000
9597 -23452.000000
9598 -23484.000000
9599 -23616.000000
9600 -23424.000000
9601 -23864.000000
9602 -24040.000000
9603 -23804.000000
9604 -23620.000000
9605 -23320.000000
9606 -23520.000000
9607 -23276.000000
9608 -23676.000000
9609 -23492.000000
9610 -23156.000000
9611 -23272.000000
9612 -23340.000000
9613 -22924.000000
9614 -23100.000000
9615 -23572.000000
9616 -23792.000000
9617 -23164.000000
9618 -23324.000000
9619 -23632.000000
9620 -23884.000000
9621 -23712.000000
9622 -23496.000000
9623 -23648.000000
9624 -23928.000000
9625 -23536.000000
9626 -24048.000000
9627 -24068.000000
9628 -24324.000000
9629 -23812.000000
9630 -23748.000000
9631 -23392.000000
9632 -23576.000000
9633 -23632.000000
9634 -23208.000000
9635 -23888.000000
9636 -24284.000000
9637 -24296.000000
9638 -23996.000000
9639 -24164.000000
9640 -24112.000000
9641 -23528.000000
9642 -23716.000000
9643 -23896.000000
9644 -23968.000000
9645 -23772.000000
9646 -23548.000000
9647 -23560.000000
9648 -23548.000000
9649 -23356.000000
9650 -24276.000000
9651 -24264.000000
9652 -24032.000000
9653 -23876.000000
9654 -23728.000000
9655 -23868.000000
9656 -23936.000000
9657 -23772.000000
9658 -23520.000000
9659 -23580.000000
9660 -23676.000000
9661 -23728.000000
9662 -23988.000000
9663 -23336.000000
9664 -23296.000000
9665 -23776.000000
9666 -24048.000000
9667 -24340.000000
9668 -24008.000000
9669 -23856.000000
9670 -23640.000000
9671 -23656.000000
9672 -23600.000000
9673 -23652.000000
9674 -24040.000000
9675 -24316.000000
9676 -23756.000000
9677 -23752.000000
9678 -23788.000000
9679 -24232.000000
9680 -23832.000000
9681 -23632.000000
9682 -24268.000000
9683 -24288.000000
9684 -24312.000000
9685 -24280.000000
9686 -24520.000000
9687 -24344.000000
9688 -24500.000000
9689 -24348.000000
9690 -24448.000000
9691 -24028.000000
9692 -23872.000000
9693 -23772.000000
9694 -24140.000000
9695 -23956.000000
9696 -23692.000000
9697 -24136.000000
9698 -24008.000000
9699 -24072.000000
9700 -23876.000000
9701 -24036.000000
9702 -24264.000000
9703 -23780.000000
9704 -23504.000000
9705 -24052.000000
9706 -23844.000000
9707 -24000.000000
9708 -23848.000000
9709 -23724.000000
9710 -23912.000000
9711 -23976.000000
9712 -24200.000000
9713 -24028.000000
9714 -23860.000000
9715 -23976.000000
9716 -24176.000000
9717 -24072.000000
9718 -24176.000000
9719 -24268.000000
9720 -24440.000000
9721 -23740.000000
9722 -23848.000000
9723 -23748.000000
9724 -23676.000000
9725 -23968.000000
9726 -23824.000000
9727 -23944.000000
9728 -23720.000000
9729 -24280.000000
9730 -23908.000000
9731 -24124.000000
9732 -23952.000000
9733 -23792.000000
9734 -24080.000000
9735 -24096.000000
9736 -23840.000000
9737 -23656.000000
9738 -23552.000000
9739 -23380.000000
9740 -23252.000000
9741 -22924.000000
9742 -23588.000000
9743 -24200.000000
9744 -23916.000000
9745 -23956.000000
9746 -23896.000000
9747 -23356.000000
9748 -23544.000000
9749 -23768.000000
9750 -23316.000000
9751 -23432.000000
9752 -23380.000000
9753 -22968.000000
9754 -23444.000000
9755 -23268.000000
9756 -23700.000000
9757 -23428.000000
9758 -23684.000000
9759 -23968.000000
9760 -23512.000000
9761 -23056.000000
9762 -23268.000000
9763 -23412.000000
9764 -23240.000000
9765 -23364.000000
9766 -23828.000000
9767 -23928.000000
9768 -24080.000000
9769 -23584.000000
9770 -23696.000000
9771 -23448.000000
9772 -23696.000000
9773 -23708.000000
9774 -23772.000000
9775 -23296.000000
9776 -23672.000000
9777 -23488.000000
9778 -23488.000000
9779 -23428.000000
9780 -23900.000000
9781 -23676.000000
9782 -23568.000000
9783 -23816.000000
9784 -24004.000000
9785 -24000.000000
9786 -23768.000000
9787 -23668.000000
9788 -23332.000000
9789 -23484.000000
9790 -23436.000000
9791 -23640.000000
9792 -23944.000000
9793 -24096.000000
9794 -23740.000000
9795 -24116.000000
9796 -24016.000000
9797 -24332.000000
9798 -23768.000000
9799 -24132.000000
9800 -24148.000000
9801 -23944.000000
9802 -24096.000000
9803 -24148.000000
9804 -24044.000000
9805 -23732.000000
9806 -23840.000000
9807 -23600.000000
9808 -23668.000000
9809 -24064.000000
9810 -23816.000000
9811 -23764.000000
9812 -23620.000000
9813 -23824.000000
9814 -23652.000000
9815 -23744.000000
9816 -23808.000000
9817 -24024.000000
9818 -23944.000000
9819 -24028.000000
9820 -23632.000000
9821 -24200.000000
9822 -24292.000000
9823 -23840.000000
9824 -23916.000000
9825 -23912.000000
9826 -24232.000000
9827 -24004.000000
9828 -24624.000000
9829 -24228.000000
9830 -24376.000000
9831 -24248.000000
9832 -24364.000000
9833 -23556.000000
9834 -23624.000000
9835 -23108.000000
9836 -24120.000000
9837 -23948.000000
9838 -23924.000000
9839 -24276.000000
9840 -23952.000000
9841 -23828.000000
9842 -23752.000000
9843 -23600.000000
9844 -23428.000000
9845 -23460.000000
9846 -23720.000000
9847 -23184.000000
9848 -23396.000000
9849 -23444.000000
9850 -23680.000000
9851 -23732.000000
9852 -23672.000000
9853 -23824.000000
9854 -23544.000000
9855 -23960.000000
9856 -23700.000000
9857 -23668.000000
9858 -23576.000000
9859 -23704.000000
9860 -23728.000000
9861 -23644.000000
9862 -23652.000000
9863 -23140.000000
9864 -23072.000000
9865 -23384.000000
9866 -23232.000000
9867 -23208.000000
9868 -23036.000000
9869 -23764.000000
9870 -23712.000000
9871 -23596.000000
9872 -23604.000000
9873 -24204.000000
9874 -24208.000000
9875 -24132.000000
9876 -23936.000000
9877 -23880.000000
9878 -23832.000000
9879 -23816.000000
9880 -23968.000000
9881 -24160.000000
9882 -24496.000000
9883 -24248.000000
9884 -24196.000000
9885 -23856.000000
9886 -24208.000000
9887 -24640.000000
9888 -24196.000000
9889 -23964.000000
9890 -24060.000000
9891 -24084.000000
9892 -23756.000000
9893 -23812.000000
9894 -23684.000000
9895 -24096.000000
9896 -24032.000000
9897 -23656.000000
9898 -23696.000000
9899 -23720.000000
9900 -23688.000000
9901 -23916.000000
9902 -23852.000000
9903 -23896.000000
9904 -24084.000000
9905 -23764.000000
9906 -24008.000000
9907 -23952.000000
9908 -23692.000000
9909 -23932.000000
9910 -23748.000000
9911 -23916.000000
9912 -24096.000000
9913 -24228.000000
9914 -23952.000000
9915 -24220.000000
9916 -24156.000000
9917 -24084.000000
9918 -24216.000000
9919 -23672.000000
9920 -23796.000000
9921 -23992.000000
9922 -24552.000000
9923 -24216.000000
9924 -24148.000000
9925 -23844.000000
9926 -23516.000000
9927 -23848.000000
9928 -23936.000000
9929 -23824.000000
9930 -23560.000000
9931 -24172.000000
9932 -23512.000000
9933 -23268.000000
9934 -23600.000000
9935 -23388.000000
9936 -23620.000000
9937 -23848.000000
9938 -24008.000000
9939 -23944.000000
9940 -23940.000000
9941 -23744.000000
9942 -23772.000000
9943 -23836.000000
9944 -24228.000000
9945 -24020.000000
9946 -23468.000000
9947 -23976.000000
9948 -23960.000000
9949 -23716.000000
9950 -23784.000000
9951 -23600.000000
9952 -23192.000000
9953 -23700.000000
9954 -23700.000000
9955 -23920.000000
9956 -23976.000000
9957 -23820.000000
9958 -24156.000000
9959 -24308.000000
9960 -24132.000000
9961 -24376.000000
9962 -24212.000000
9963 -24336.000000
9964 -24076.000000
9965 -23844.000000
9966 -23748.000000
9967 -23660.000000
9968 -23660.000000
9969 -24152.000000
9970 -23400.000000
9971 -23884.000000
9972 -23304.000000
9973 -23464.000000
9974 -23744.000000
9975 -23644.000000
9976 -23888.000000
9977 -23956.000000
9978 -23676.000000
9979 -23636.000000
9980 -23976.000000
9981 -23744.000000
9982 -24232.000000
9983 -23884.000000
9984 -23416.000000
9985 -23800.000000
9986 -23952.000000
9987 -23904.000000
9988 -24164.000000
9989 -24228.000000
9990 -24072.000000
9991 -23956.000000
9992 -23640.000000
9993 -22972.000000
9994 -23592.000000
9995 -23700.000000
9996 -23796.000000
9997 -24004.000000
9998 -24028.000000
9999 -23664.000000
10000 -23900.000000
10001 -24068.000000
10002 -24388.000000
10003 -24152.000000
10004 -23784.000000
10005 -23948.000000
10006 -23592.000000
10007 -23576.000000
10008 -23848.000000
10009 -23940.000000
10010 -23936.000000
10011 -23740.000000
10012 -24032.000000
10013 -23900.000000
10014 -23812.000000
10015 -23880.000000
10016 -23592.000000
10017 -23684.000000
10018 -23664.000000
10019 -23304.000000
10020 -23288.000000
10021 -23664.000000
10022 -23292.000000
10023 -23144.000000
10024 -22956.000000
10025 -23288.000000
10026 -23500.000000
10027 -23576.000000
10028 -23360.000000
10029 -23424.000000
10030 -23988.000000
10031 -23660.000000
10032 -24068.000000
10033 -23428.000000
10034 -23916.000000
10035 -23840.000000
10036 -23720.000000
10037 -23784.000000
10038 -23612.000000
10039 -24000.000000
10040 -23476.000000
10041 -23504.000000
10042 -23048.000000
10043 -23328.000000
10044 -23264.000000
10045 -23484.000000
10046 -23636.000000
10047 -23788.000000
10048 -23628.000000
10049 -23920.000000
10050 -23684.000000
10051 -23588.000000
10052 -23744.000000
10053 -23884.000000
10054 -24128.000000
10055 -23592.000000
10056 -23752.000000
10057 -23608.000000
10058 -23824.000000
10059 -23716.000000
10060 -23128.000000
10061 -23472.000000
10062 -23528.000000
10063 -23856.000000
10064 -23788.000000
10065 -23664.000000
10066 -23668.000000
10067 -23912.000000
10068 -23560.000000
10069 -23492.000000
10070 -23744.000000
10071 -23504.000000
10072 -23840.000000
10073 -23284.000000
10074 -23156.000000
10075 -23540.000000
10076 -23772.000000
10077 -23500.000000
10078 -23888.000000
10079 -23708.000000
10080 -23856.000000
10081 -23668.000000
10082 -24012.000000
10083 -24124.000000
10084 -23948.000000
10085 -24116.000000
10086 -23808.000000
10087 -24116.000000
10088 -23960.000000
10089 -23704.000000
10090 -23664.000000
10091 -23712.000000
10092 -23668.000000
10093 -23548.000000
10094 -23328.000000
10095 -23600.000000
10096 -23480.000000
10097 -23420.000000
10098 -23828.000000
10099 -23744.000000
10100 -23592.000000
10101 -23764.000000
10102 -24088.000000
10103 -24284.000000
10104 -23948.000000
10105 -24388.000000
10106 -24172.000000
10107 -24344.000000
10108 -24236.000000
10109 -24636.000000
10110 -23844.000000
10111 -24000.000000
10112 -23784.000000
10113 -23996.000000
10114 -23600.000000
10115 -24444.000000
10116 -24296.000000
10117 -24148.000000
10118 -23972.000000
10119 -24140.000000
10120 -23992.000000
10121 -24096.000000
10122 -23840.000000
10123 -23712.000000
10124 -23956.000000
10125 -23688.000000
10126 -23536.000000
10127 -23812.000000
10128 -23984.000000
10129 -23516.000000
10130 -23852.000000
10131 -23400.000000
10132 -23788.000000
10133 -23744.000000
10134 -23532.000000
10135 -23616.000000
10136 -23640.000000
10137 -23620.000000
10138 -23356.000000
10139 -23268.000000
10140 -23444.000000
10141 -23328.000000
10142 -23308.000000
10143 -23424.000000
10144 -23292.000000
10145 -23572.000000
10146 -23316.000000
10147 -23328.000000
10148 -23436.000000
10149 -23508.000000
10150 -23512.000000
10151 -23484.000000
10152 -23500.000000
10153 -23660.000000
10154 -22748.000000
10155 -22936.000000
10156 -22872.000000
10157 -23532.000000
10158 -23168.000000
10159 -23224.000000
10160 -23480.000000
10161 -23572.000000
10162 -23908.000000
10163 -23548.000000
10164 -23524.000000
10165 -23548.000000
10166 -23656.000000
10167 -23688.000000
10168 -23708.000000
10169 -23656.000000
10170 -23460.000000
10171 -23728.000000
10172 -23732.000000
10173 -23780.000000
10174 -23544.000000
10175 -23584.000000
10176 -23664.000000
10177 -23980.000000
10178 -23896.000000
10179 -23860.000000
10180 -23872.000000
10181 -24048.000000
10182 -24352.000000
10183 -24192.000000
10184 -24568.000000
10185 -24444.000000
10186 -24420.000000
10187 -23964.000000
10188 -23856.000000
10189 -23944.000000
10190 -24156.000000
10191 -24024.000000
10192 -23768.000000
10193 -24172.000000
10194 -23860.000000
10195 -23824.000000
10196 -23796.000000
10197 -23908.000000
10198 -24164.000000
10199 -24144.000000
10200 -23568.000000
10201 -23684.000000
10202 -23920.000000
10203 -24068.000000
10204 -24096.000000
10205 -24308.000000
10206 -24260.000000
10207 -24276.000000
10208 -23808.000000
10209 -24196.000000
10210 -24428.000000
10211 -24632.000000
10212 -24344.000000
10213 -24540.000000
10214 -25136.000000
10215 -24696.000000
10216 -24400.000000
10217 -24836.000000
10218 -24876.000000
10219 -24708.000000
10220 -24720.000000
10221 -25016.000000
10222 -24720.000000
10223 -24792.000000
10224 -24644.000000
10225 -24728.000000
10226 -24188.000000
10227 -23940.000000
10228 -23112.000000
10229 -23440.000000
10230 -23812.000000
10231 -23840.000000
10232 -23460.000000
10233 -23660.000000
10234 -23680.000000
10235 -23660.000000
10236 -23892.000000
10237 -23768.000000
10238 -23944.000000
10239 -23748.000000
10240 -24000.000000
10241 -23840.000000
10242 -23708.000000
10243 -23620.000000
10244 -23692.000000
10245 -23756.000000
10246 -23228.000000
10247 -23936.000000
10248 -24016.000000
10249 -24436.000000
10250 -24044.000000
10251 -23800.000000
10252 -24060.000000
10253 -24112.000000
10254 -24216.000000
10255 -24376.000000
10256 -23892.000000
10257 -23836.000000
10258 -23244.000000
10259 -23236.000000
10260 -23368.000000
10261 -23196.000000
10262 -23704.000000
10263 -23568.000000
10264 -23736.000000
10265 -23808.000000
10266 -23508.000000
10267 -23792.000000
10268 -24076.000000
10269 -24088.000000
10270 -24128.000000
10271 -24228.000000
10272 -23704.000000
10273 -24224.000000
10274 -23612.000000
10275 -23848.000000
10276 -23764.000000
10277 -23564.000000
10278 -23728.000000
10279 -23816.000000
10280 -23520.000000
10281 -23332.000000
10282 -23444.000000
10283 -23560.000000
10284 -23768.000000
10285 -23768.000000
10286 -24400.000000
10287 -23940.000000
10288 -24260.000000
10289 -24356.000000
10290 -24476.000000
10291 -24152.000000
10292 -23884.000000
10293 -23680.000000
10294 -23856.000000
10295 -24096.000000
10296 -24100.000000
10297 -24136.000000
10298 -23868.000000
10299 -24096.000000
10300 -24376.000000
10301 -24272.000000
10302 -24116.000000
10303 -24448.000000
10304 -24368.000000
10305 -24196.000000
10306 -23900.000000
10307 -24308.000000
10308 -24204.000000
10309 -23996.000000
10310 -24044.000000
10311 -23732.000000
10312 -24280.000000
10313 -24004.000000
10314 -23956.000000
10315 -24448.000000
10316 -24124.000000
10317 -24204.000000
10318 -24248.000000
10319 -24084.000000
10320 -23912.000000
10321 -23928.000000
10322 -24192.000000
10323 -23908.000000
10324 -24012.000000
10325 -23968.000000
10326 -24532.000000
10327 -24368.000000
10328 -24092.000000
10329 -24284.000000
10330 -24460.000000
10331 -23900.000000
10332 -24204.000000
10333 -24528.000000
10334 -24448.000000
10335 -24208.000000
10336 -24028.000000
10337 -24328.000000
10338 -24556.000000
10339 -24460.000000
10340 -23916.000000
10341 -24264.000000
10342 -23896.000000
10343 -23808.000000
10344 -23688.000000
10345 -23660.000000
10346 -23356.000000
10347 -23676.000000
10348 -23796.000000
10349 -23812.000000
10350 -24236.000000
10351 -24152.000000
10352 -24332.000000
10353 -24348.000000
10354 -24456.000000
10355 -24544.000000
10356 -24188.000000
10357 -23840.000000
10358 -23860.000000
10359 -24568.000000
10360 -24224.000000
10361 -24332.000000
10362 -24036.000000
10363 -24020.000000
10364 -24244.000000
10365 -24220.000000
10366 -24104.000000
10367 -24120.000000
10368 -24296.000000
10369 -24016.000000
10370 -24352.000000
10371 -24144.000000
10372 -24036.000000
10373 -24260.000000
10374 -24372.000000
10375 -24260.000000
10376 -23856.000000
10377 -23764.000000
10378 -24096.000000
10379 -24252.000000
10380 -24024.000000
10381 -23972.000000
10382 -24232.000000
10383 -24392.000000
10384 -24628.000000
10385 -24624.000000
10386 -24856.000000
10387 -24048.000000
10388 -23640.000000
10389 -24216.000000
10390 -23872.000000
10391 -23944.000000
10392 -24012.000000
10393 -23956.000000
10394 -23928.000000
10395 -23700.000000
10396 -23880.000000
10397 -23872.000000
10398 -23804.000000
10399 -23976.000000
10400 -24424.000000
10401 -23920.000000
10402 -24376.000000
10403 -24424.000000
10404 -24092.000000
10405 -23980.000000
10406 -23968.000000
10407 -23404.000000
10408 -23268.000000
10409 -23592.000000
10410 -23768.000000
10411 -23916.000000
10412 -23824.000000
10413 -23804.000000
10414 -23988.000000
10415 -23568.000000
10416 -23428.000000
10417 -23460.000000
10418 -23492.000000
10419 -23480.000000
10420 -23180.000000
10421 -23224.000000
10422 -23320.000000
10423 -23376.000000
10424 -23840.000000
10425 -24144.000000
10426 -23932.000000
10427 -24248.000000
10428 -24156.000000
10429 -23612.000000
10430 -23652.000000
10431 -23592.000000
10432 -24220.000000
10433 -23812.000000
10434 -23476.000000
10435 -23664.000000
10436 -23676.000000
10437 -23784.000000
10438 -23920.000000
10439 -24020.000000
10440 -23784.000000
10441 -23272.000000
10442 -23552.000000
10443 -23208.000000
10444 -22884.000000
10445 -22944.000000
10446 -23212.000000
10447 -23340.000000
10448 -23356.000000
10449 -23448.000000
10450 -23224.000000
10451 -23584.000000
10452 -23492.000000
10453 -23500.000000
10454 -23500.000000
10455 -23368.000000
10456 -23528.000000
10457 -23480.000000
10458 -23472.000000
10459 -23624.000000
10460 -23428.000000
10461 -23588.000000
10462 -23112.000000
10463 -23140.000000
10464 -23288.000000
10465 -23568.000000
10466 -23104.000000
10467 -23252.000000
10468 -23804.000000
10469 -23768.000000
10470 -23584.000000
10471 -23604.000000
10472 -23636.000000
10473 -23612.000000
10474 -23856.000000
10475 -23816.000000
10476 -24072.000000
10477 -24084.000000
10478 -23900.000000
10479 -24184.000000
10480 -23880.000000
10481 -23736.000000
10482 -23600.000000
10483 -23864.000000
10484 -23724.000000
10485 -23740.000000
10486 -23756.000000
10487 -23428.000000
10488 -23184.000000
10489 -23376.000000
10490 -23372.000000
10491 -23544.000000
10492 -23924.000000
10493 -23948.000000
10494 -23732.000000
10495 -23920.000000
10496 -24084.000000
10497 -23636.000000
10498 -23536.000000
10499 -23492.000000
10500 -23536.000000
10501 -24176.000000
10502 -24096.000000
10503 -24348.000000
10504 -24116.000000
10505 -23672.000000
10506 -23744.000000
10507 -23668.000000
10508 -23780.000000
10509 -23912.000000
10510 -24076.000000
10511 -23900.000000
10512 -23788.000000
10513 -23620.000000
10514 -23028.000000
10515 -23592.000000
10516 -23316.000000
10517 -23548.000000
10518 -24024.000000
10519 -23728.000000
10520 -23744.000000
10521 -23872.000000
10522 -23988.000000
10523 -24244.000000
10524 -24328.000000
10525 -24260.000000
10526 -24248.000000
10527 -24024.000000
10528 -24200.000000
10529 -24092.000000
10530 -23996.000000
10531 -24376.000000
10532 -24316.000000
10533 -24696.000000
10534 -24724.000000
10535 -23952.000000
10536 -23800.000000
10537 -23884.000000
10538 -23864.000000
10539 -24324.000000
10540 -24216.000000
10541 -23808.000000
10542 -24316.000000
10543 -24340.000000
10544 -24276.000000
10545 -24400.000000
10546 -24360.000000
10547 -24268.000000
10548 -24344.000000
10549 -23700.000000
10550 -24128.000000
10551 -24104.000000
10552 -24252.000000
10553 -24288.000000
10554 -23652.000000
10555 -23380.000000
10556 -23504.000000
10557 -24120.000000
10558 -24276.000000
10559 -24052.000000
10560 -24032.000000
10561 -24192.000000
10562 -24132.000000
10563 -24164.000000
10564 -24124.000000
10565 -24592.000000
10566 -24284.000000
10567 -23992.000000
10568 -23828.000000
10569 -24036.000000
10570 -24236.000000
10571 -24580.000000
10572 -23964.000000
10573 -23780.000000
10574 -23912.000000
10575 -23856.000000
10576 -23980.000000
10577 -23888.000000
10578 -24124.000000
10579 -24036.000000
10580 -23988.000000
10581 -23952.000000
10582 -24196.000000
10583 -23548.000000
10584 -23720.000000
10585 -23648.000000
10586 -23276.000000
10587 -23900.000000
10588 -24344.000000
10589 -23912.000000
10590 -23700.000000
10591 -24088.000000
10592 -23756.000000
10593 -24180.000000
10594 -24068.000000
10595 -23452.000000
10596 -23424.000000
10597 -23468.000000
10598 -23580.000000
10599 -23696.000000
10600 -23520.000000
10601 -23308.000000
10602 -24000.000000
10603 -23916.000000
10604 -24172.000000
10605 -23924.000000
10606 -24412.000000
10607 -24224.000000
10608 -24208.000000
10609 -24168.000000
10610 -24740.000000
10611 -24704.000000
10612 -24260.000000
10613 -24244.000000
10614 -24044.000000
10615 -24060.000000
10616 -23748.000000
10617 -23932.000000
10618 -24172.000000
10619 -24268.000000
10620 -24148.000000
10621 -24336.000000
10622 -24056.000000
10623 -23628.000000
10624 -23776.000000
10625 -23684.000000
10626 -24128.000000
10627 -23688.000000
10628 -23808.000000
10629 -23828.000000
10630 -23932.000000
10631 -23732.000000
10632 -23828.000000
10633 -23796.000000
10634 -23332.000000
10635 -23900.000000
10636 -23840.000000
10637 -23716.000000
10638 -23684.000000
10639 -23872.000000
10640 -23804.000000
10641 -23976.000000
10642 -23872.000000
10643 -23932.000000
10644 -24172.000000
10645 -24184.000000
10646 -24012.000000
10647 -24088.000000
10648 -24416.000000
10649 -24144.000000
10650 -23760.000000
10651 -23832.000000
10652 -23712.000000
10653 -24020.000000
10654 -23568.000000
10655 -23688.000000
10656 -23412.000000
10657 -23176.000000
10658 -23560.000000
10659 -23756.000000
10660 -23708.000000
10661 -23436.000000
10662 -23060.000000
10663 -23140.000000
10664 -23412.000000
10665 -23380.000000
10666 -23368.000000
10667 -23420.000000
10668 -23512.000000
10669 -23796.000000
10670 -23688.000000
10671 -23848.000000
10672 -23572.000000
10673 -23768.000000
10674 -24248.000000
10675 -23712.000000
10676 -24268.000000
10677 -24368.000000
10678 -23924.000000
10679 -24368.000000
10680 -24276.000000
10681 -24024.000000
10682 -24048.000000
10683 -23800.000000
10684 -23964.000000
10685 -23768.000000
10686 -24028.000000
10687 -23776.000000
10688 -23872.000000
10689 -23928.000000
10690 -24444.000000
10691 -24328.000000
10692 -23784.000000
10693 -23608.000000
10694 -23368.000000
10695 -23792.000000
10696 -23876.000000
10697 -23396.000000
10698 -23604.000000
10699 -23920.000000
10700 -23720.000000
10701 -24196.000000
10702 -24120.000000
10703 -23444.000000
10704 -23628.000000
10705 -23072.000000
10706 -23588.000000
10707 -23876.000000
10708 -23668.000000
10709 -23684.000000
10710 -23968.000000
10711 -23784.000000
10712 -23768.000000
10713 -23964.000000
10714 -23980.000000
10715 -23736.000000
10716 -23896.000000
10717 -23964.000000
10718 -24092.000000
10719 -23744.000000
10720 -23624.000000
10721 -23768.000000
10722 -24028.000000
10723 -23900.000000
10724 -24296.000000
10725 -24468.000000
10726 -24164.000000
10727 -23560.000000
10728 -23900.000000
10729 -23576.000000
10730 -23408.000000
10731 -23460.000000
10732 -23164.000000
10733 -23416.000000
10734 -23760.000000
10735 -23516.000000
10736 -23968.000000
10737 -23916.000000
10738 -24000.000000
10739 -24056.000000
10740 -23632.000000
10741 -23752.000000
10742 -23560.000000
10743 -23960.000000
10744 -23932.000000
10745 -23536.000000
10746 -23216.000000
10747 -22928.000000
10748 -22840.000000
10749 -23232.000000
10750 -23292.000000
10751 -23268.000000
10752 -23320.000000
10753 -23184.000000
10754 -23672.000000
10755 -23752.000000
10756 -23644.000000
10757 -23856.000000
10758 -23920.000000
10759 -23852.000000
10760 -23588.000000
10761 -23932.000000
10762 -23740.000000
10763 -23360.000000
10764 -23652.000000
10765 -24196.000000
10766 -24192.000000
10767 -24108.000000
10768 -24136.000000
10769 -23696.000000
10770 -23968.000000
10771 -23480.000000
10772 -23164.000000
10773 -23220.000000
10774 -23676.000000
10775 -23448.000000
10776 -23456.000000
10777 -23356.000000
10778 -23496.000000
10779 -23524.000000
10780 -23888.000000
10781 -23888.000000
10782 -23928.000000
10783 -23620.000000
10784 -23900.000000
10785 -24104.000000
10786 -24200.000000
10787 -24016.000000
10788 -24312.000000
10789 -24464.000000
10790 -23856.000000
10791 -23932.000000
10792 -23752.000000
10793 -23612.000000
10794 -23948.000000
10795 -23904.000000
10796 -23904.000000
10797 -23808.000000
10798 -23360.000000
10799 -24032.000000
10800 -23960.000000
10801 -24088.000000
10802 -23796.000000
10803 -23756.000000
10804 -23968.000000
10805 -23540.000000
10806 -23436.000000
10807 -23812.000000
10808 -24064.000000
10809 -23584.000000
10810 -23656.000000
10811 -23432.000000
10812 -23632.000000
10813 -23548.000000
10814 -24144.000000
10815 -23940.000000
10816 -23884.000000
10817 -23868.000000
10818 -24236.000000
10819 -24568.000000
10820 -24368.000000
10821 -24268.000000
10822 -24196.000000
10823 -24240.000000
10824 -24160.000000
10825 -24192.000000
10826 -23988.000000
10827 -23916.000000
10828 -24264.000000
10829 -23988.000000
10830 -23820.000000
10831 -23828.000000
10832 -23892.000000
10833 -23872.000000
10834 -23668.000000
10835 -23652.000000
10836 -24028.000000
10837 -24212.000000
10838 -23856.000000
10839 -24300.000000
10840 -23696.000000
10841 -24208.000000
10842 -24276.000000
10843 -23936.000000
10844 -23728.000000
10845 -24056.000000
10846 -23840.000000
10847 -24224.000000
10848 -23984.000000
10849 -23920.000000
10850 -23896.000000
10851 -24072.000000
10852 -23820.000000
10853 -23996.000000
10854 -23928.000000
10855 -24224.000000
10856 -23916.000000
10857 -23904.000000
10858 -23904.000000
10859 -24152.000000
10860 -23952.000000
10861 -23636.000000
10862 -23400.000000
10863 -23728.000000
10864 -23748.000000
10865 -23924.000000
10866 -23792.000000
10867 -23620.000000
10868 -23400.000000
10869 -23572.000000
10870 -23772.000000
10871 -23688.000000
10872 -23316.000000
10873 -23508.000000
10874 -23240.000000
10875 -23216.000000
10876 -23232.000000
10877 -22876.000000
10878 -23228.000000
10879 -23488.000000
10880 -23584.000000
10881 -23788.000000
10882 -23552.000000
10883 -24040.000000
10884 -24264.000000
10885 -23640.000000
10886 -23636.000000
10887 -24152.000000
10888 -23980.000000
10889 -24024.000000
10890 -23776.000000
10891 -23520.000000
10892 -23748.000000
10893 -24056.000000
10894 -23644.000000
10895 -24088.000000
10896 -23820.000000
10897 -23888.000000
10898 -24120.000000
10899 -24252.000000
10900 -23828.000000
10901 -23392.000000
10902 -23400.000000
10903 -23584.000000
10904 -23652.000000
10905 -23396.000000
10906 -23608.000000
10907 -23220.000000
10908 -23848.000000
10909 -23848.000000
10910 -23680.000000
10911 -23992.000000
10912 -23668.000000
10913 -23588.000000
10914 -23728.000000
10915 -23900.000000
10916 -24076.000000
10917 -24160.000000
10918 -23728.000000
10919 -23716.000000
10920 -24312.000000
10921 -23988.000000
10922 -24320.000000
10923 -23988.000000
10924 -24076.000000
10925 -23884.000000
10926 -24172.000000
10927 -23952.000000
10928 -24116.000000
10929 -24500.000000
10930 -24600.000000
10931 -24832.000000
10932 -24648.000000
10933 -24668.000000
10934 -24272.000000
10935 -24188.000000
10936 -24240.000000
10937 -23984.000000
10938 -23880.000000
10939 -24040.000000
10940 -24056.000000
10941 -24296.000000
10942 -24284.000000
10943 -24400.000000
10944 -24276.000000
10945 -23872.000000
10946 -23948.000000
10947 -23824.000000
10948 -24104.000000
10949 -24004.000000
10950 -23948.000000
10951 -23708.000000
10952 -24012.000000
10953 -24144.000000
10954 -24396.000000
10955 -24380.000000
10956 -23988.000000
10957 -24332.000000
10958 -23924.000000
10959 -23584.000000
10960 -23456.000000
10961 -23984.000000
10962 -24056.000000
10963 -24024.000000
10964 -24188.000000
10965 -23988.000000
10966 -24096.000000
10967 -24176.000000
10968 -23996.000000
10969 -23872.000000
10970 -23976.000000
10971 -23772.000000
10972 -23748.000000
10973 -23960.000000
10974 -24128.000000
10975 -24104.000000
10976 -24132.000000
10977 -23804.000000
10978 -23612.000000
10979 -23336.000000
10980 -23592.000000
10981 -24092.000000
10982 -24276.000000
10983 -23588.000000
10984 -23188.000000
10985 -22944.000000
10986 -23208.000000
10987 -23292.000000
10988 -23576.000000
10989 -23388.000000
10990 -23708.000000
10991 -23812.000000
10992 -23860.000000
10993 -23844.000000
10994 -23720.000000
10995 -24012.000000
10996 -23820.000000
10997 -23836.000000
10998 -23936.000000
10999 -23608.000000
11000 -23444.000000
11001 -23216.000000
11002 -23532.000000
11003 -23940.000000
11004 -23672.000000
11005 -24044.000000
11006 -24124.000000
11007 -23768.000000
11008 -23560.000000
11009 -23912.000000
11010 -23880.000000
11011 -24016.000000
11012 -24280.000000
11013 -23984.000000
11014 -23900.000000
11015 -24080.000000
11016 -23804.000000
11017 -23936.000000
11018 -23756.000000
11019 -23464.000000
11020 -23992.000000
11021 -23724.000000
11022 -24044.000000
11023 -23672.000000
11024 -23772.000000
11025 -23740.000000
11026 -23672.000000
11027 -23992.000000
11028 -24012.000000
11029 -24176.000000
11030 -23840.000000
11031 -23804.000000
11032 -23724.000000
11033 -23592.000000
11034 -23840.000000
11035 -23748.000000
11036 -23844.000000
11037 -23472.000000
11038 -23604.000000
11039 -23400.000000
11040 -23848.000000
11041 -23396.000000
11042 -23136.000000
11043 -22736.000000
11044 -22792.000000
11045 -23232.000000
11046 -23412.000000
11047 -23544.000000
11048 -23940.000000
11049 -23864.000000
11050 -23748.000000
11051 -23372.000000
11052 -23908.000000
11053 -23820.000000
11054 -24068.000000
11055 -24000.000000
11056 -23720.000000
11057 -23868.000000
11058 -24148.000000
11059 -23800.000000
11060 -23844.000000
11061 -23824.000000
11062 -24220.000000
11063 -23856.000000
11064 -23960.000000
11065 -23868.000000
11066 -23856.000000
11067 -23912.000000
11068 -23520.000000
11069 -23656.000000
11070 -23612.000000
11071 -23704.000000
11072 -23792.000000
11073 -23976.000000
11074 -23612.000000
11075 -23444.000000
11076 -23676.000000
11077 -23572.000000
11078 -23800.000000
11079 -24088.000000
11080 -24264.000000
11081 -24252.000000
11082 -23940.000000
11083 -23908.000000
11084 -24176.000000
11085 -24176.000000
11086 -23796.000000
11087 -23980.000000
11088 -23988.000000
11089 -23648.000000
11090 -23448.000000
11091 -23632.000000
11092 -23628.000000
11093 -23788.000000
11094 -23356.000000
11095 -23524.000000
11096 -23552.000000
11097 -23848.000000
11098 -23756.000000
11099 -23952.000000
11100 -23668.000000
11101 -23928.000000
11102 -23604.000000
11103 -23864.000000
11104 -23280.000000
11105 -23904.000000
11106 -23836.000000
11107 -23612.000000
11108 -23672.000000
11109 -23656.000000
11110 -23972.000000
11111 -24040.000000
11112 -23796.000000
11113 -23408.000000
11114 -23304.000000
11115 -23936.000000
11116 -23916.000000
11117 -23808.000000
11118 -24032.000000
11119 -24088.000000
11120 -24168.000000
11121 -24088.000000
11122 -23760.000000
11123 -23716.000000
11124 -23424.000000
11125 -23400.000000
11126 -23292.000000
11127 -23536.000000
11128 -23868.000000
11129 -23692.000000
11130 -23592.000000
11131 -23836.000000
11132 -24000.000000
11133 -24128.000000
11134 -24312.000000
11135 -23876.000000
11136 -23980.000000
11137 -23912.000000
11138 -24168.000000
11139 -24324.000000
11140 -24172.000000
11141 -24180.000000
11142 -24088.000000
11143 -24116.000000
11144 -23556.000000
11145 -23164.000000
11146 -23136.000000
11147 -23736.000000
11148 -23336.000000
11149 -23160.000000
11150 -23524.000000
11151 -23504.000000
11152 -23612.000000
11153 -23852.000000
11154 -23548.000000
11155 -23736.000000
11156 -23804.000000
11157 -23604.000000
11158 -23696.000000
11159 -23700.000000
11160 -23932.000000
11161 -23816.000000
11162 -23424.000000
11163 -23868.000000
11164 -24072.000000
11165 -23952.000000
11166 -23792.000000
11167 -23852.000000
11168 -23716.000000
11169 -23932.000000
11170 -24112.000000
11171 -24216.000000
11172 -23948.000000
11173 -23836.000000
11174 -23768.000000
11175 -23876.000000
11176 -23408.000000
11177 -23464.000000
11178 -23356.000000
11179 -23508.000000
11180 -23548.000000
11181 -23472.000000
11182 -23772.000000
11183 -23808.000000
11184 -23844.000000
11185 -23696.000000
11186 -23964.000000
11187 -23952.000000
11188 -24032.000000
11189 -23572.000000
11190 -23796.000000
11191 -23976.000000
11192 -23956.000000
11193 -23780.000000
11194 -23516.000000
11195 -23728.000000
11196 -23632.000000
11197 -23652.000000
11198 -23672.000000
11199 -23896.000000
11200 -24032.000000
11201 -23856.000000
11202 -23908.000000
11203 -24188.000000
11204 -24196.000000
11205 -24116.000000
11206 -23636.000000
11207 -24104.000000
11208 -23836.000000
11209 -23392.000000
11210 -23424.000000
11211 -23800.000000
11212 -23884.000000
11213 -23532.000000
11214 -23772.000000
11215 -23592.000000
11216 -23268.000000
11217 -23320.000000
11218 -22916.000000
11219 -23452.000000
11220 -24100.000000
11221 -23956.000000
11222 -23932.000000
11223 -23176.000000
11224 -23284.000000
11225 -23168.000000
11226 -23332.000000
11227 -23428.000000
11228 -23232.000000
11229 -23464.000000
11230 -22844.000000
11231 -23260.000000
11232 -23256.000000
11233 -23328.000000
11234 -22768.000000
11235 -22832.000000
11236 -23328.000000
11237 -23244.000000
11238 -23480.000000
11239 -23468.000000
11240 -23912.000000
11241 -23820.000000
11242 -23684.000000
11243 -23748.000000
11244 -23732.000000
11245 -23928.000000
11246 -23480.000000
11247 -23632.000000
11248 -23420.000000
11249 -23112.000000
11250 -23636.000000
11251 -23468.000000
11252 -23368.000000
11253 -23404.000000
11254 -23520.000000
11255 -23428.000000
11256 -23656.000000
11257 -23348.000000
11258 -23612.000000
11259 -23440.000000
11260 -23352.000000
11261 -22872.000000
11262 -23236.000000
11263 -23336.000000
11264 -23716.000000
11265 -23516.000000
11266 -23476.000000
11267 -23448.000000
11268 -23700.000000
11269 -23784.000000
11270 -23756.000000
11271 -23884.000000
11272 -23816.000000
11273 -23640.000000
11274 -23520.000000
11275 -23216.000000
11276 -23384.000000
11277 -23436.000000
11278 -23852.000000
11279 -23176.000000
11280 -23260.000000
11281 -23220.000000
11282 -23032.000000
11283 -23476.000000
11284 -23756.000000
11285 -23696.000000
11286 -23616.000000
11287 -23616.000000
11288 -23660.000000
11289 -23672.000000
11290 -23060.000000
11291 -22900.000000
11292 -22888.000000
11293 -22908.000000
11294 -22908.000000
11295 -22984.000000
11296 -23048.000000
11297 -23320.000000
11298 -23628.000000
11299 -23632.000000
11300 -23680.000000
11301 -23496.000000
11302 -23356.000000
11303 -23568.000000
11304 -23708.000000
11305 -23600.000000
11306 -23452.000000
11307 -23956.000000
11308 -23928.000000
11309 -23652.000000
11310 -23468.000000
11311 -23836.000000
11312 -24200.000000
11313 -24104.000000
11314 -23876.000000
11315 -24164.000000
11316 -23868.000000
11317 -23712.000000
11318 -23708.000000
11319 -23904.000000
11320 -23628.000000
11321 -23412.000000
11322 -23168.000000
11323 -23396.000000
11324 -23272.000000
11325 -23292.000000
11326 -23376.000000
11327 -23604.000000
11328 -23824.000000
11329 -23688.000000
11330 -23496.000000
11331 -23488.000000
11332 -23492.000000
11333 -23900.000000
11334 -23276.000000
11335 -23368.000000
11336 -23276.000000
11337 -23020.000000
11338 -22864.000000
11339 -23192.000000
11340 -23356.000000
11341 -23664.000000
11342 -23724.000000
11343 -23668.000000
11344 -23508.000000
11345 -23872.000000
11346 -23572.000000
11347 -23172.000000
11348 -23076.000000
11349 -23328.000000
11350 -23572.000000
11351 -23524.000000
11352 -23600.000000
11353 -23264.000000
11354 -23100.000000
11355 -23628.000000
11356 -23648.000000
11357 -23236.000000
11358 -23316.000000
11359 -23260.000000
11360 -23468.000000
11361 -23776.000000
11362 -23588.000000
11363 -23796.000000
11364 -23684.000000
11365 -23848.000000
11366 -23428.000000
11367 -23372.000000
11368 -23816.000000
11369 -23056.000000
11370 -23300.000000
11371 -22720.000000
11372 -22952.000000
11373 -23484.000000
11374 -23284.000000
11375 -23256.000000
11376 -23304.000000
11377 -23256.000000
11378 -23284.000000
11379 -23164.000000
11380 -23472.000000
11381 -23368.000000
11382 -23576.000000
11383 -23520.000000
11384 -23484.000000
11385 -23760.000000
11386 -23888.000000
11387 -24188.000000
11388 -24364.000000
11389 -24128.000000
11390 -23788.000000
11391 -23332.000000
11392 -23764.000000
11393 -23892.000000
11394 -23892.000000
11395 -24060.000000
11396 -23744.000000
11397 -23740.000000
11398 -23560.000000
11399 -23412.000000
11400 -23356.000000
11401 -23512.000000
11402 -23444.000000
11403 -23192.000000
11404 -23544.000000
11405 -23688.000000
11406 -23460.000000
11407 -23728.000000
11408 -23424.000000
11409 -23656.000000
11410 -23292.000000
11411 -22944.000000
11412 -23868.000000
11413 -23056.000000
11414 -23548.000000
11415 -23584.000000
11416 -23248.000000
11417 -22972.000000
11418 -23132.000000
11419 -22960.000000
11420 -23404.000000
11421 -23140.000000
11422 -23184.000000
11423 -23196.000000
11424 -23316.000000
11425 -22908.000000
11426 -23452.000000
11427 -24240.000000
11428 -24264.000000
11429 -23992.000000
11430 -23656.000000
11431 -23756.000000
11432 -24064.000000
11433 -24244.000000
11434 -24280.000000
11435 -24072.000000
11436 -23792.000000
11437 -23704.000000
11438 -23628.000000
11439 -23708.000000
11440 -23680.000000
11441 -24048.000000
11442 -23936.000000
11443 -23804.000000
11444 -23704.000000
11445 -24148.000000
11446 -23544.000000
11447 -23240.000000
11448 -23200.000000
11449 -23428.000000
11450 -23364.000000
11451 -23072.000000
11452 -23020.000000
11453 -23064.000000
11454 -23360.000000
11455 -23092.000000
11456 -23448.000000
11457 -23348.000000
11458 -23716.000000
11459 -23960.000000
11460 -23872.000000
11461 -23392.000000
11462 -23372.000000
11463 -23156.000000
11464 -22828.000000
11465 -22976.000000
11466 -22868.000000
11467 -23088.000000
11468 -23296.000000
11469 -23388.000000
11470 -22940.000000
11471 -22856.000000
11472 -22800.000000
11473 -23352.000000
11474 -23756.000000
11475 -23676.000000
11476 -23852.000000
11477 -23852.000000
11478 -23668.000000
11479 -23732.000000
11480 -23824.000000
11481 -23664.000000
11482 -24004.000000
11483 -23896.000000
11484 -23744.000000
11485 -23768.000000
11486 -23980.000000
11487 -23732.000000
11488 -23444.000000
11489 -23292.000000
11490 -23148.000000
11491 -23268.000000
11492 -23344.000000
11493 -23420.000000
11494 -23416.000000
11495 -23500.000000
11496 -23172.000000
11497 -23324.000000
11498 -22872.000000
11499 -23316.000000
11500 -23284.000000
11501 -23652.000000
11502 -23252.000000
11503 -23072.000000
11504 -22936.000000
11505 -22844.000000
11506 -23084.000000
11507 -23416.000000
11508 -23112.000000
11509 -23160.000000
11510 -23496.000000
11511 -23228.000000
11512 -23016.000000
11513 -23396.000000
11514 -23056.000000
11515 -22984.000000
11516 -22680.000000
11517 -22716.000000
11518 -23080.000000
11519 -23336.000000
11520 -23160.000000
11521 -23544.000000
11522 -23888.000000
11523 -24116.000000
11524 -23920.000000
11525 -23860.000000
11526 -24052.000000
11527 -24028.000000
11528 -23696.000000
11529 -23536.000000
11530 -23524.000000
11531 -23600.000000
11532 -23756.000000
11533 -23900.000000
11534 -23668.000000
11535 -23792.000000
11536 -23748.000000
11537 -23416.000000
11538 -23076.000000
11539 -23504.000000
11540 -23640.000000
11541 -23320.000000
11542 -22980.000000
11543 -23384.000000
11544 -23776.000000
11545 -23336.000000
11546 -23404.000000
11547 -23328.000000
11548 -23372.000000
11549 -23132.000000
11550 -23592.000000
11551 -23360.000000
11552 -23588.000000
11553 -23904.000000
11554 -23108.000000
11555 -23212.000000
11556 -23320.000000
11557 -23072.000000
11558 -23160.000000
11559 -23336.000000
11560 -23388.000000
11561 -23148.000000
11562 -23116.000000
11563 -23000.000000
11564 -23304.000000
11565 -23432.000000
11566 -22960.000000
11567 -23720.000000
11568 -23900.000000
11569 -23848.000000
11570 -24428.000000
11571 -24092.000000
11572 -23948.000000
11573 -23604.000000
11574 -23132.000000
11575 -22868.000000
11576 -22668.000000
11577 -23352.000000
11578 -23580.000000
11579 -23756.000000
11580 -23472.000000
11581 -23340.000000
11582 -23552.000000
11583 -22996.000000
11584 -23464.000000
11585 -23980.000000
11586 -24060.000000
11587 -23988.000000
11588 -23692.000000
11589 -23952.000000
11590 -23816.000000
11591 -23752.000000
11592 -23740.000000
11593 -23396.000000
11594 -23340.000000
11595 -23484.000000
11596 -23692.000000
11597 -23312.000000
11598 -23568.000000
11599 -23600.000000
11600 -23940.000000
11601 -23796.000000
11602 -23184.000000
11603 -23008.000000
11604 -23208.000000
11605 -23432.000000
11606 -23104.000000
11607 -23412.000000
11608 -23664.000000
11609 -23812.000000
11610 -23648.000000
11611 -23512.000000
11612 -22628.000000
11613 -22932.000000
11614 -23120.000000
11615 -23700.000000
11616 -23312.000000
11617 -23304.000000
11618 -23380.000000
11619 -23276.000000
11620 -23068.000000
11621 -23524.000000
11622 -23272.000000
11623 -23388.000000
11624 -23628.000000
11625 -23244.000000
11626 -23120.000000
11627 -23036.000000
11628 -22808.000000
11629 -22836.000000
11630 -22992.000000
11631 -23108.000000
11632 -23292.000000
11633 -23428.000000
11634 -22980.000000
11635 -23324.000000
11636 -23468.000000
11637 -23544.000000
11638 -23844.000000
11639 -23492.000000
11640 -22940.000000
11641 -22616.000000
11642 -22756.000000
11643 -22664.000000
11644 -22948.000000
11645 -22888.000000
11646 -23032.000000
11647 -23024.000000
11648 -22804.000000
11649 -23256.000000
11650 -23372.000000
11651 -22992.000000
11652 -22900.000000
11653 -22692.000000
11654 -22868.000000
11655 -23340.000000
11656 -23260.000000
11657 -23296.000000
11658 -23068.000000
11659 -23240.000000
11660 -22924.000000
11661 -23100.000000
11662 -23164.000000
11663 -23312.000000
11664 -23156.000000
11665 -23084.000000
11666 -23196.000000
11667 -22900.000000
11668 -22872.000000
11669 -22760.000000
11670 -23060.000000
11671 -23392.000000
11672 -23364.000000
11673 -23256.000000
11674 -23008.000000
11675 -23140.000000
11676 -23508.000000
11677 -23140.000000
11678 -23124.000000
11679 -23168.000000
11680 -23108.000000
11681 -23136.000000
11682 -23228.000000
11683 -23116.000000
11684 -23964.000000
11685 -23780.000000
11686 -23508.000000
11687 -23152.000000
11688 -23496.000000
11689 -23528.000000
11690 -23344.000000
11691 -23600.000000
11692 -23424.000000
11693 -23164.000000
11694 -22888.000000
11695 -23040.000000
11696 -22988.000000
11697 -22884.000000
11698 -22812.000000
11699 -22848.000000
11700 -23232.000000
11701 -23604.000000
11702 -23216.000000
11703 -23644.000000
11704 -23640.000000
11705 -23812.000000
11706 -23460.000000
11707 -23172.000000
11708 -23476.000000
11709 -23228.000000
11710 -23160.000000
11711 -23124.000000
11712 -23032.000000
11713 -23352.000000
11714 -23664.000000
11715 -23416.000000
11716 -23164.000000
11717 -23508.000000
11718 -23688.000000
11719 -23644.000000
11720 -23384.000000
11721 -23424.000000
11722 -23704.000000
11723 -23564.000000
11724 -23456.000000
11725 -23044.000000
11726 -23408.000000
11727 -23436.000000
11728 -23292.000000
11729 -23624.000000
11730 -23572.000000
11731 -23608.000000
11732 -23512.000000
11733 -23184.000000
11734 -23176.000000
11735 -23284.000000
11736 -23276.000000
11737 -23760.000000
11738 -23396.000000
11739 -23404.000000
11740 -23144.000000
11741 -23288.000000
11742 -23576.000000
11743 -23488.000000
11744 -22904.000000
11745 -22960.000000
11746 -23188.000000
11747 -23500.000000
11748 -23292.000000
11749 -23204.000000
11750 -23520.000000
11751 -23728.000000
11752 -23804.000000
11753 -23668.000000
11754 -23464.000000
11755 -23368.000000
11756 -22768.000000
11757 -22872.000000
11758 -22800.000000
11759 -22620.000000
11760 -22660.000000
11761 -23124.000000
11762 -23344.000000
11763 -23184.000000
11764 -23452.000000
11765 -23396.000000
11766 -23104.000000
11767 -23196.000000
11768 -23088.000000
11769 -23488.000000
11770 -22952.000000
11771 -23204.000000
11772 -23168.000000
11773 -23332.000000
11774 -23732.000000
11775 -23536.000000
11776 -23660.000000
11777 -22944.000000
11778 -23236.000000
11779 -23792.000000
11780 -23252.000000
11781 -23348.000000
11782 -23492.000000
11783 -23304.000000
11784 -23596.000000
11785 -23464.000000
11786 -23708.000000
11787 -23128.000000
11788 -23520.000000
11789 -23148.000000
11790 -22980.000000
11791 -22636.000000
11792 -23080.000000
11793 -23016.000000
11794 -23132.000000
11795 -23048.000000
11796 -23644.000000
11797 -23308.000000
11798 -23352.000000
11799 -23600.000000
11800 -23848.000000
11801 -23476.000000
11802 -23476.000000
11803 -23696.000000
11804 -23716.000000
11805 -23616.000000
11806 -23880.000000
11807 -23728.000000
11808 -23668.000000
11809 -23876.000000
11810 -23664.000000
11811 -23892.000000
11812 -23672.000000
11813 -23504.000000
11814 -23376.000000
11815 -23764.000000
11816 -23736.000000
11817 -23536.000000
11818 -23256.000000
11819 -23284.000000
11820 -23716.000000
11821 -23464.000000
11822 -23756.000000
11823 -23840.000000
11824 -23936.000000
11825 -23328.000000
11826 -23912.000000
11827 -23492.000000
11828 -23284.000000
11829 -23036.000000
11830 -22808.000000
11831 -23104.000000
11832 -23396.000000
11833 -23440.000000
11834 -23684.000000
11835 -23028.000000
11836 -23220.000000
11837 -23376.000000
11838 -23476.000000
11839 -23388.000000
11840 -23852.000000
11841 -23412.000000
11842 -23380.000000
11843 -24056.000000
11844 -23188.000000
11845 -23640.000000
11846 -23608.000000
11847 -23504.000000
11848 -23728.000000
11849 -23336.000000
11850 -23824.000000
11851 -23484.000000
11852 -23324.000000
11853 -23328.000000
11854 -23128.000000
11855 -22912.000000
11856 -23212.000000
11857 -23724.000000
11858 -23892.000000
11859 -23908.000000
11860 -23532.000000
11861 -24132.000000
11862 -24004.000000
11863 -23824.000000
11864 -23980.000000
11865 -24308.000000
11866 -23904.000000
11867 -23880.000000
11868 -23660.000000
11869 -23724.000000
11870 -23852.000000
11871 -24024.000000
11872 -23980.000000
11873 -23920.000000
11874 -23716.000000
11875 -23780.000000
11876 -23836.000000
11877 -23692.000000
11878 -23796.000000
11879 -24132.000000
11880 -24036.000000
11881 -23500.000000
11882 -23656.000000
11883 -23612.000000
11884 -23640.000000
11885 -23404.000000
11886 -23228.000000
11887 -23384.000000
11888 -23960.000000
11889 -23620.000000
11890 -23684.000000
11891 -23836.000000
11892 -23892.000000
11893 -23972.000000
11894 -23616.000000
11895 -23796.000000
11896 -23664.000000
11897 -23768.000000
11898 -23804.000000
11899 -23920.000000
11900 -24132.000000
11901 -24316.000000
11902 -24364.000000
11903 -23916.000000
11904 -23836.000000
11905 -23916.000000
11906 -23752.000000
11907 -23700.000000
11908 -23760.000000
11909 -23268.000000
11910 -23312.000000
11911 -23352.000000
11912 -23708.000000
11913 -23536.000000
11914 -23408.000000
11915 -23440.000000
11916 -23404.000000
11917 -23192.000000
11918 -22920.000000
11919 -23160.000000
11920 -23280.000000
11921 -23572.000000
11922 -23388.000000
11923 -23444.000000
11924 -22816.000000
11925 -23388.000000
11926 -23188.000000
11927 -22980.000000
11928 -23028.000000
11929 -22952.000000
11930 -23216.000000
11931 -23248.000000
11932 -23368.000000
11933 -23264.000000
11934 -23312.000000
11935 -23724.000000
11936 -23608.000000
11937 -23784.000000
11938 -23776.000000
11939 -24104.000000
11940 -24012.000000
11941 -23740.000000
11942 -24268.000000
11943 -23756.000000
11944 -23808.000000
11945 -23820.000000
11946 -24244.000000
11947 -23736.000000
11948 -24024.000000
11949 -23820.000000
11950 -23548.000000
11951 -23620.000000
11952 -23624.000000
11953 -23552.000000
11954 -23496.000000
11955 -23748.000000
11956 -23524.000000
11957 -23364.000000
11958 -23504.000000
11959 -23728.000000
11960 -23832.000000
11961 -23644.000000
11962 -23852.000000
11963 -23720.000000
11964 -23260.000000
11965 -23532.000000
11966 -23196.000000
11967 -23220.000000
11968 -23512.000000
11969 -23376.000000
11970 -23464.000000
11971 -23416.000000
11972 -23532.000000
11973 -23340.000000
11974 -24020.000000
11975 -24040.000000
11976 -23940.000000
11977 -23484.000000
11978 -23428.000000
11979 -23504.000000
11980 -23696.000000
11981 -23628.000000
11982 -23136.000000
11983 -23880.000000
11984 -24416.000000
11985 -24068.000000
11986 -23832.000000
11987 -23540.000000
11988 -23588.000000
11989 -23708.000000
11990 -23720.000000
11991 -23916.000000
11992 -24096.000000
11993 -23820.000000
11994 -24220.000000
11995 -24428.000000
11996 -24236.000000
11997 -24148.000000
11998 -24020.000000
11999 -24028.000000
12000 -23816.000000
12001 -23768.000000
12002 -23768.000000
12003 -23832.000000
12004 -23612.000000
12005 -23948.000000
12006 -23828.000000
12007 -24120.000000
12008 -23664.000000
12009 -23716.000000
12010 -23628.000000
12011 -23788.000000
12012 -24028.000000
12013 -24088.000000
12014 -23672.000000
12015 -24092.000000
12016 -24148.000000
12017 -24212.000000
12018 -24248.000000
12019 -23980.000000
12020 -23692.000000
12021 -23568.000000
12022 -23524.000000
12023 -23648.000000
12024 -23728.000000
12025 -23648.000000
12026 -23836.000000
12027 -23960.000000
12028 -23620.000000
12029 -23556.000000
12030 -23804.000000
12031 -23848.000000
12032 -23448.000000
12033 -23268.000000
12034 -23180.000000
12035 -23172.000000
12036 -23704.000000
12037 -23436.000000
12038 -23616.000000
12039 -23836.000000
12040 -24116.000000
12041 -23368.000000
12042 -23944.000000
12043 -24020.000000
12044 -23724.000000
12045 -23484.000000
12046 -23696.000000
12047 -23576.000000
12048 -23272.000000
12049 -23208.000000
12050 -23928.000000
12051 -23652.000000
12052 -23980.000000
12053 -24380.000000
12054 -23924.000000
12055 -23388.000000
12056 -23664.000000
12057 -23236.000000
12058 -23624.000000
12059 -23624.000000
12060 -23592.000000
12061 -23512.000000
12062 -23492.000000
12063 -23696.000000
12064 -24152.000000
12065 -24448.000000
12066 -24168.000000
12067 -24108.000000
12068 -23996.000000
12069 -24012.000000
12070 -24228.000000
12071 -23592.000000
12072 -23936.000000
12073 -24432.000000
12074 -23956.000000
12075 -23988.000000
12076 -24160.000000
12077 -24308.000000
12078 -23948.000000
12079 -24012.000000
12080 -23740.000000
12081 -23104.000000
12082 -23800.000000
12083 -24016.000000
12084 -23872.000000
12085 -24380.000000
12086 -24436.000000
12087 -24124.000000
12088 -23896.000000
12089 -24068.000000
12090 -23996.000000
12091 -23616.000000
12092 -23428.000000
12093 -23736.000000
12094 -23988.000000
12095 -23876.000000
12096 -23696.000000
12097 -23880.000000
12098 -24072.000000
12099 -23828.000000
12100 -24276.000000
12101 -23948.000000
12102 -23948.000000
12103 -24108.000000
12104 -24132.000000
12105 -24044.000000
12106 -23780.000000
12107 -23808.000000
12108 -24024.000000
12109 -23300.000000
12110 -23644.000000
12111 -23300.000000
12112 -23620.000000
12113 -23672.000000
12114 -23852.000000
12115 -23908.000000
12116 -23504.000000
12117 -23524.000000
12118 -23940.000000
12119 -23756.000000
12120 -24096.000000
12121 -23748.000000
12122 -23648.000000
12123 -23848.000000
12124 -24148.000000
12125 -23860.000000
12126 -24120.000000
12127 -24180.000000
12128 -24348.000000
12129 -23952.000000
12130 -24192.000000
12131 -24100.000000
12132 -24176.000000
12133 -24744.000000
12134 -24728.000000
12135 -24124.000000
12136 -24208.000000
12137 -24324.000000
12138 -24480.000000
12139 -24432.000000
12140 -24332.000000
12141 -24020.000000
12142 -24016.000000
12143 -23924.000000
12144 -23488.000000
12145 -23248.000000
12146 -23292.000000
12147 -23048.000000
12148 -23400.000000
12149 -23700.000000
12150 -23972.000000
12151 -24196.000000
12152 -24212.000000
12153 -23972.000000
12154 -23760.000000
12155 -24108.000000
12156 -23972.000000
12157 -23600.000000
12158 -23524.000000
12159 -24164.000000
12160 -24080.000000
12161 -24448.000000
12162 -24120.000000
12163 -23968.000000
12164 -24000.000000
12165 -23204.000000
12166 -23572.000000
12167 -23376.000000
12168 -23020.000000
12169 -23424.000000
12170 -23632.000000
12171 -23744.000000
12172 -23756.000000
12173 -24280.000000
12174 -24212.000000
12175 -23844.000000
12176 -24104.000000
12177 -23636.000000
12178 -23244.000000
12179 -23016.000000
12180 -23456.000000
12181 -23092.000000
12182 -23100.000000
12183 -23604.000000
12184 -23716.000000
12185 -23440.000000
12186 -23112.000000
12187 -23728.000000
12188 -23504.000000
12189 -23580.000000
12190 -23472.000000
12191 -23680.000000
12192 -23660.000000
12193 -24004.000000
12194 -24036.000000
12195 -23876.000000
12196 -23940.000000
12197 -24236.000000
12198 -24160.000000
12199 -24576.000000
12200 -24156.000000
12201 -24436.000000
12202 -24100.000000
12203 -23868.000000
12204 -23964.000000
12205 -23932.000000
12206 -23740.000000
12207 -23820.000000
12208 -23436.000000
12209 -23492.000000
12210 -23844.000000
12211 -23548.000000
12212 -23248.000000
12213 -23916.000000
12214 -24004.000000
12215 -23644.000000
12216 -24044.000000
12217 -23936.000000
12218 -23716.000000
12219 -23860.000000
12220 -23632.000000
12221 -24180.000000
12222 -24128.000000
12223 -23780.000000
12224 -23932.000000
12225 -23288.000000
12226 -23384.000000
12227 -23880.000000
12228 -24196.000000
12229 -24196.000000
12230 -23936.000000
12231 -23780.000000
12232 -23704.000000
12233 -23656.000000
12234 -23632.000000
12235 -23680.000000
12236 -23696.000000
12237 -24204.000000
12238 -23808.000000
12239 -24036.000000
12240 -23604.000000
12241 -23616.000000
12242 -23572.000000
12243 -23820.000000
12244 -23576.000000
12245 -23836.000000
12246 -23760.000000
12247 -24436.000000
12248 -24260.000000
12249 -24108.000000
12250 -23580.000000
12251 -23828.000000
12252 -23232.000000
12253 -23356.000000
12254 -23320.000000
12255 -23388.000000
12256 -23408.000000
12257 -23708.000000
12258 -23448.000000
12259 -23372.000000
12260 -23380.000000
12261 -23768.000000
12262 -23752.000000
12263 -23296.000000
12264 -23800.000000
12265 -24232.000000
12266 -23812.000000
12267 -23848.000000
12268 -23656.000000
12269 -24040.000000
12270 -24024.000000
12271 -24284.000000
12272 -23716.000000
12273 -24072.000000
12274 -23684.000000
12275 -23848.000000
12276 -23716.000000
12277 -23760.000000
12278 -24264.000000
12279 -24180.000000
12280 -23880.000000
12281 -23868.000000
12282 -23876.000000
12283 -23576.000000
12284 -23636.000000
12285 -23604.000000
12286 -23664.000000
12287 -23808.000000
12288 -24000.000000
12289 -23752.000000
12290 -23708.000000
12291 -23788.000000
12292 -23360.000000
12293 -23208.000000
12294 -23416.000000
12295 -23244.000000
12296 -23280.000000
12297 -23424.000000
12298 -23588.000000
12299 -23592.000000
12300 -23780.000000
12301 -23932.000000
12302 -23884.000000
12303 -23816.000000
12304 -23920.000000
12305 -23620.000000
12306 -23764.000000
12307 -23784.000000
12308 -23580.000000
12309 -23816.000000
12310 -23836.000000
12311 -23900.000000
12312 -24132.000000
12313 -24664.000000
12314 -24184.000000
12315 -24164.000000
12316 -24080.000000
12317 -24388.000000
12318 -24328.000000
12319 -24168.000000
12320 -23864.000000
12321 -24044.000000
12322 -24224.000000
12323 -23860.000000
12324 -23976.000000
12325 -23600.000000
12326 -23396.000000
12327 -23600.000000
12328 -23172.000000
12329 -23612.000000
12330 -24156.000000
12331 -24240.000000
12332 -24108.000000
12333 -23948.000000
12334 -23888.000000
12335 -24024.000000
12336 -23744.000000
12337 -23820.000000
12338 -23468.000000
12339 -23200.000000
12340 -23476.000000
12341 -23096.000000
12342 -23552.000000
12343 -23692.000000
12344 -23432.000000
12345 -22784.000000
12346 -23048.000000
12347 -23492.000000
12348 -23784.000000
12349 -23388.000000
12350 -23444.000000
12351 -23288.000000
12352 -23564.000000
12353 -23496.000000
12354 -23676.000000
12355 -23552.000000
12356 -23704.000000
12357 -23716.000000
12358 -23576.000000
12359 -24104.000000
12360 -23688.000000
12361 -23652.000000
12362 -23692.000000
12363 -23624.000000
12364 -23772.000000
12365 -23668.000000
12366 -23972.000000
12367 -23884.000000
12368 -23668.000000
12369 -23456.000000
12370 -23424.000000
12371 -23528.000000
12372 -23840.000000
12373 -24076.000000
12374 -23744.000000
12375 -23444.000000
12376 -23628.000000
12377 -23480.000000
12378 -23488.000000
12379 -23336.000000
12380 -23364.000000
12381 -23272.000000
12382 -23088.000000
12383 -23236.000000
12384 -23708.000000
12385 -23720.000000
12386 -23636.000000
12387 -23952.000000
12388 -23568.000000
12389 -23624.000000
12390 -23496.000000
12391 -23484.000000
12392 -23712.000000
12393 -23708.000000
12394 -23772.000000
12395 -23652.000000
12396 -23896.000000
12397 -23724.000000
12398 -24080.000000
12399 -23680.000000
12400 -23796.000000
12401 -23676.000000
12402 -23492.000000
12403 -24072.000000
12404 -24000.000000
12405 -23596.000000
12406 -23472.000000
12407 -23316.000000
12408 -23244.000000
12409 -23464.000000
12410 -23536.000000
12411 -23648.000000
12412 -23048.000000
12413 -23252.000000
12414 -22948.000000
12415 -22652.000000
12416 -22672.000000
12417 -22708.000000
12418 -22700.000000
12419 -22684.000000
12420 -23144.000000
12421 -23560.000000
12422 -23340.000000
12423 -23484.000000
12424 -23168.000000
12425 -23388.000000
12426 -23356.000000
12427 -23232.000000
12428 -22976.000000
12429 -22824.000000
12430 -22924.000000
12431 -23656.000000
12432 -23608.000000
12433 -23400.000000
12434 -22964.000000
12435 -23204.000000
12436 -22736.000000
12437 -22632.000000
12438 -22376.000000
12439 -22624.000000
12440 -22912.000000
12441 -22804.000000
12442 -23120.000000
12443 -23000.000000
12444 -22924.000000
12445 -23428.000000
12446 -23480.000000
12447 -23256.000000
12448 -23208.000000
12449 -22876.000000
12450 -23360.000000
12451 -23540.000000
12452 -23332.000000
12453 -23856.000000
12454 -23884.000000
12455 -23708.000000
12456 -23308.000000
12457 -23480.000000
12458 -23768.000000
12459 -23592.000000
12460 -23580.000000
12461 -23204.000000
12462 -23236.000000
12463 -23680.000000
12464 -23160.000000
12465 -23460.000000
12466 -24096.000000
12467 -24104.000000
12468 -24004.000000
12469 -23544.000000
12470 -23732.000000
12471 -24000.000000
12472 -23792.000000
12473 -23896.000000
12474 -23668.000000
12475 -23536.000000
12476 -23388.000000
12477 -23540.000000
12478 -23444.000000
12479 -23868.000000
12480 -23724.000000
12481 -23696.000000
12482 -23844.000000
12483 -23500.000000
12484 -23416.000000
12485 -23416.000000
12486 -23188.000000
12487 -22992.000000
12488 -22760.000000
12489 -23056.000000
12490 -23304.000000
12491 -23484.000000
12492 -23240.000000
12493 -23476.000000
12494 -23888.000000
12495 -23980.000000
12496 -24236.000000
12497 -24024.000000
12498 -23892.000000
12499 -23984.000000
12500 -23916.000000
12501 -23936.000000
12502 -23584.000000
12503 -23352.000000
12504 -23120.000000
12505 -23004.000000
12506 -23584.000000
12507 -23836.000000
12508 -23648.000000
12509 -23628.000000
12510 -24076.000000
12511 -24228.000000
12512 -23680.000000
12513 -23904.000000
12514 -23684.000000
12515 -23392.000000
12516 -23656.000000
12517 -23916.000000
12518 -24068.000000
12519 -23908.000000
12520 -24084.000000
12521 -23872.000000
12522 -23952.000000
12523 -23684.000000
12524 -23808.000000
12525 -23768.000000
12526 -24248.000000
12527 -24456.000000
12528 -24448.000000
12529 -23888.000000
12530 -24112.000000
12531 -24016.000000
12532 -24032.000000
12533 -24488.000000
12534 -24428.000000
12535 -24648.000000
12536 -24444.000000
12537 -24928.000000
12538 -24616.000000
12539 -24568.000000
12540 -24776.000000
12541 -24196.000000
12542 -24096.000000
12543 -24004.000000
12544 -24056.000000
12545 -23916.000000
12546 -23924.000000
12547 -23928.000000
12548 -24248.000000
12549 -24340.000000
12550 -24284.000000
12551 -24068.000000
12552 -24200.000000
12553 -24200.000000
12554 -24372.000000
12555 -24256.000000
12556 -23872.000000
12557 -24136.000000
12558 -24332.000000
12559 -24360.000000
12560 -24140.000000
12561 -24164.000000
12562 -24076.000000
12563 -24152.000000
12564 -23648.000000
12565 -24136.000000
12566 -24068.000000
12567 -23912.000000
12568 -23668.000000
12569 -23396.000000
12570 -23936.000000
12571 -24180.000000
12572 -23568.000000
12573 -24252.000000
12574 -23968.000000
12575 -24060.000000
12576 -24020.000000
12577 -23844.000000
12578 -23816.000000
12579 -23852.000000
12580 -23924.000000
12581 -23880.000000
12582 -24172.000000
12583 -24308.000000
12584 -24000.000000
12585 -24084.000000
12586 -24240.000000
12587 -24160.000000
12588 -23944.000000
12589 -23816.000000
12590 -23840.000000
12591 -23792.000000
12592 -23632.000000
12593 -23928.000000
12594 -24016.000000
12595 -23928.000000
12596 -23604.000000
12597 -23960.000000
12598 -23668.000000
12599 -23572.000000
12600 -23388.000000
12601 -23064.000000
12602 -23328.000000
12603 -22976.000000
12604 -23132.000000
12605 -23380.000000
12606 -23508.000000
12607 -23536.000000
12608 -23796.000000
12609 -23800.000000
12610 -23936.000000
12611 -23832.000000
12612 -23732.000000
12613 -23804.000000
12614 -23540.000000
12615 -23308.000000
12616 -23688.000000
12617 -23972.000000
12618 -23600.000000
12619 -23660.000000
12620 -23928.000000
12621 -23628.000000
12622 -23792.000000
12623 -23304.000000
12624 -23488.000000
12625 -23356.000000
12626 -23336.000000
12627 -23320.000000
12628 -22844.000000
12629 -23312.000000
12630 -23384.000000
12631 -23872.000000
12632 -23668.000000
12633 -23616.000000
12634 -23372.000000
12635 -23700.000000
12636 -23488.000000
12637 -23496.000000
12638 -23204.000000
12639 -23508.000000
12640 -23756.000000
12641 -23824.000000
12642 -23624.000000
12643 -23460.000000
12644 -23192.000000
12645 -23152.000000
12646 -23364.000000
12647 -23796.000000
12648 -23784.000000
12649 -23984.000000
12650 -23488.000000
12651 -23648.000000
12652 -23792.000000
12653 -24064.000000
12654 -24088.000000
12655 -23980.000000
12656 -23952.000000
12657 -23516.000000
12658 -24128.000000
12659 -24112.000000
12660 -24032.000000
12661 -23528.000000
12662 -23808.000000
12663 -24372.000000
12664 -24040.000000
12665 -23504.000000
12666 -23912.000000
12667 -23524.000000
12668 -23372.000000
12669 -23356.000000
12670 -23284.000000
12671 -23352.000000
12672 -23164.000000
12673 -23128.000000
12674 -23092.000000
12675 -23224.000000
12676 -23732.000000
12677 -23388.000000
12678 -23044.000000
12679 -23008.000000
12680 -23516.000000
12681 -23880.000000
12682 -23608.000000
12683 -23528.000000
12684 -23460.000000
12685 -23020.000000
12686 -22932.000000
12687 -23056.000000
12688 -23116.000000
12689 -23328.000000
12690 -23140.000000
12691 -23068.000000
12692 -23160.000000
12693 -22940.000000
12694 -23544.000000
12695 -23856.000000
12696 -24140.000000
12697 -23572.000000
12698 -23492.000000
12699 -23528.000000
12700 -23800.000000
12701 -23240.000000
12702 -23672.000000
12703 -24344.000000
12704 -23632.000000
12705 -23368.000000
12706 -24048.000000
12707 -23676.000000
12708 -23616.000000
12709 -23756.000000
12710 -23784.000000
12711 -23820.000000
12712 -23572.000000
12713 -23376.000000
12714 -23184.000000
12715 -23316.000000
12716 -23260.000000
12717 -23372.000000
12718 -23180.000000
12719 -23308.000000
12720 -23184.000000
12721 -23172.000000
12722 -23212.000000
12723 -23436.000000
12724 -23520.000000
12725 -23224.000000
12726 -23648.000000
12727 -23192.000000
12728 -23508.000000
12729 -23368.000000
12730 -23764.000000
12731 -23620.000000
12732 -23568.000000
12733 -23900.000000
12734 -23284.000000
12735 -23308.000000
12736 -22840.000000
12737 -23428.000000
12738 -23364.000000
12739 -23300.000000
12740 -23436.000000
12741 -23300.000000
12742 -23396.000000
12743 -23492.000000
12744 -23288.000000
12745 -23628.000000
12746 -23644.000000
12747 -23124.000000
12748 -23348.000000
12749 -23400.000000
12750 -23348.000000
12751 -23040.000000
12752 -22952.000000
12753 -23148.000000
12754 -23000.000000
12755 -23132.000000
12756 -23440.000000
12757 -23548.000000
12758 -23260.000000
12759 -23556.000000
12760 -23000.000000
12761 -22916.000000
12762 -22972.000000
12763 -23188.000000
12764 -23280.000000
12765 -23288.000000
12766 -23476.000000
12767 -23388.000000
12768 -23244.000000
12769 -23612.000000
12770 -23436.000000
12771 -23252.000000
12772 -23172.000000
12773 -22736.000000
12774 -22788.000000
12775 -23240.000000
12776 -23044.000000
12777 -23152.000000
12778 -23432.000000
12779 -23076.000000
12780 -23552.000000
12781 -23416.000000
12782 -23324.000000
12783 -23420.000000
12784 -23628.000000
12785 -23240.000000
12786 -23504.000000
12787 -23460.000000
12788 -23256.000000
12789 -23468.000000
12790 -23512.000000
12791 -22904.000000
12792 -23004.000000
12793 -22692.000000
12794 -22940.000000
12795 -22928.000000
12796 -22932.000000
12797 -22992.000000
12798 -23404.000000
12799 -23616.000000
12800 -23688.000000
12801 -23480.000000
12802 -23512.000000
12803 -23520.000000
12804 -23616.000000
12805 -23360.000000
12806 -23580.000000
12807 -23876.000000
12808 -23332.000000
12809 -23588.000000
12810 -23896.000000
12811 -23556.000000
12812 -23496.000000
12813 -23132.000000
12814 -23388.000000
12815 -23424.000000
12816 -23168.000000
12817 -23412.000000
12818 -23156.000000
12819 -23220.000000
12820 -23136.000000
12821 -23564.000000
12822 -23140.000000
12823 -23828.000000
12824 -23756.000000
12825 -23652.000000
12826 -23304.000000
12827 -23816.000000
12828 -23300.000000
12829 -23328.000000
12830 -23044.000000
12831 -23256.000000
12832 -23472.000000
12833 -23340.000000
12834 -23480.000000
12835 -23664.000000
12836 -23784.000000
12837 -23508.000000
12838 -23388.000000
12839 -22952.000000
12840 -22804.000000
12841 -23216.000000
12842 -23208.000000
12843 -23272.000000
12844 -23396.000000
12845 -23468.000000
12846 -23448.000000
12847 -23512.000000
12848 -23504.000000
12849 -23636.000000
12850 -23656.000000
12851 -23092.000000
12852 -23340.000000
12853 -23244.000000
12854 -23116.000000
12855 -23100.000000
12856 -23700.000000
12857 -23652.000000
12858 -23592.000000
12859 -23516.000000
12860 -23720.000000
12861 -23624.000000
12862 -23640.000000
12863 -23476.000000
12864 -23656.000000
12865 -23752.000000
12866 -23256.000000
12867 -24024.000000
12868 -23496.000000
12869 -23688.000000
12870 -23556.000000
12871 -23344.000000
12872 -23232.000000
12873 -23460.000000
12874 -23076.000000
12875 -23196.000000
12876 -23412.000000
12877 -23384.000000
12878 -22968.000000
12879 -23028.000000
12880 -23684.000000
12881 -23252.000000
12882 -23072.000000
12883 -23288.000000
12884 -23380.000000
12885 -23368.000000
12886 -23488.000000
12887 -23368.000000
12888 -23220.000000
12889 -23104.000000
12890 -23260.000000
12891 -22896.000000
12892 -23192.000000
12893 -22916.000000
12894 -23236.000000
12895 -23132.000000
12896 -23300.000000
12897 -23300.000000
12898 -23980.000000
12899 -23644.000000
12900 -23672.000000
12901 -23476.000000
12902 -23372.000000
12903 -23604.000000
12904 -23448.000000
12905 -23560.000000
12906 -23820.000000
12907 -23332.000000
12908 -23404.000000
12909 -23636.000000
12910 -23164.000000
12911 -23380.000000
12912 -22832.000000
12913 -22868.000000
12914 -23152.000000
12915 -23404.000000
12916 -23320.000000
12917 -23344.000000
12918 -23684.000000
12919 -23880.000000
12920 -23568.000000
12921 -23428.000000
12922 -23264.000000
12923 -23420.000000
12924 -23488.000000
12925 -23664.000000
12926 -23036.000000
12927 -23268.000000
12928 -22956.000000
12929 -23240.000000
12930 -23376.000000
12931 -23452.000000
12932 -23508.000000
12933 -22632.000000
12934 -22624.000000
12935 -22908.000000
12936 -23080.000000
12937 -22992.000000
12938 -22692.000000
12939 -22836.000000
12940 -23028.000000
12941 -23360.000000
12942 -23720.000000
12943 -23604.000000
12944 -23232.000000
12945 -23212.000000
12946 -23088.000000
12947 -23504.000000
12948 -23656.000000
12949 -23440.000000
12950 -23448.000000
12951 -23308.000000
12952 -23384.000000
12953 -23004.000000
12954 -23148.000000
12955 -23212.000000
12956 -23328.000000
12957 -23676.000000
12958 -23568.000000
12959 -23656.000000
12960 -23524.000000
12961 -23852.000000
12962 -23612.000000
12963 -23728.000000
12964 -23732.000000
12965 -23324.000000
12966 -23636.000000
12967 -23156.000000
12968 -23536.000000
12969 -23772.000000
12970 -23884.000000
12971 -23976.000000
12972 -23716.000000
12973 -23880.000000
12974 -23628.000000
12975 -23596.000000
12976 -23720.000000
12977 -24040.000000
12978 -23752.000000
12979 -23676.000000
12980 -23656.000000
12981 -23580.000000
12982 -23568.000000
12983 -23368.000000
12984 -23432.000000
12985 -22928.000000
12986 -22840.000000
12987 -23052.000000
12988 -23340.000000
12989 -23704.000000
12990 -23548.000000
12991 -23328.000000
12992 -23924.000000
12993 -23724.000000
12994 -23360.000000
12995 -23424.000000
12996 -23304.000000
12997 -23704.000000
12998 -23828.000000
12999 -23700.000000
13000 -23540.000000
13001 -23016.000000
13002 -22840.000000
13003 -23380.000000
13004 -23440.000000
13005 -23428.000000
13006 -23484.000000
13007 -23492.000000
13008 -23272.000000
13009 -23600.000000
13010 -23356.000000
13011 -23556.000000
13012 -23480.000000
13013 -23520.000000
13014 -23520.000000
13015 -23832.000000
13016 -23748.000000
13017 -24092.000000
13018 -23728.000000
13019 -23932.000000
13020 -24096.000000
13021 -24152.000000
13022 -23928.000000
13023 -24152.000000
13024 -23628.000000
13025 -23744.000000
13026 -23752.000000
13027 -23496.000000
13028 -23276.000000
13029 -23056.000000
13030 -23308.000000
13031 -23576.000000
13032 -23052.000000
13033 -23140.000000
13034 -22920.000000
13035 -23312.000000
13036 -22924.000000
13037 -22752.000000
13038 -22908.000000
13039 -23616.000000
13040 -23664.000000
13041 -23712.000000
13042 -23524.000000
13043 -23672.000000
13044 -23496.000000
13045 -23696.000000
13046 -23772.000000
13047 -23896.000000
13048 -24220.000000
13049 -23896.000000
13050 -23660.000000
13051 -23712.000000
13052 -23616.000000
13053 -23764.000000
13054 -24244.000000
13055 -23920.000000
13056 -23840.000000
13057 -23460.000000
13058 -23692.000000
13059 -23456.000000
13060 -23432.000000
13061 -23592.000000
13062 -23620.000000
13063 -24036.000000
13064 -24228.000000
13065 -23760.000000
13066 -23868.000000
13067 -23752.000000
13068 -23996.000000
13069 -23908.000000
13070 -23760.000000
13071 -23760.000000
13072 -23572.000000
13073 -23588.000000
13074 -23604.000000
13075 -24188.000000
13076 -23896.000000
13077 -23516.000000
13078 -23292.000000
13079 -23792.000000
13080 -23712.000000
13081 -23684.000000
13082 -23604.000000
13083 -23296.000000
13084 -23876.000000
13085 -23540.000000
13086 -23684.000000
13087 -23412.000000
13088 -23432.000000
13089 -23652.000000
13090 -24184.000000
13091 -24000.000000
13092 -23872.000000
13093 -23576.000000
13094 -23632.000000
13095 -23996.000000
13096 -23620.000000
13097 -23564.000000
13098 -23684.000000
13099 -23828.000000
13100 -23532.000000
13101 -23880.000000
13102 -23276.000000
13103 -23504.000000
13104 -23400.000000
13105 -23244.000000
13106 -23256.000000
13107 -22796.000000
13108 -22776.000000
13109 -23436.000000
13110 -23512.000000
13111 -23392.000000
13112 -23704.000000
13113 -23400.000000
13114 -23056.000000
13115 -22880.000000
13116 -23108.000000
13117 -22900.000000
13118 -23308.000000
13119 -23488.000000
13120 -23200.000000
13121 -23176.000000
13122 -23756.000000
13123 -24008.000000
13124 -23644.000000
13125 -23884.000000
13126 -24036.000000
13127 -24072.000000
13128 -24172.000000
13129 -23660.000000
13130 -24136.000000
13131 -24252.000000
13132 -23960.000000
13133 -23756.000000
13134 -24024.000000
13135 -24016.000000
13136 -23748.000000
13137 -23768.000000
13138 -23736.000000
13139 -23696.000000
13140 -23360.000000
13141 -23688.000000
13142 -23876.000000
13143 -23436.000000
13144 -23520.000000
13145 -23484.000000
13146 -23644.000000
13147 -23504.000000
13148 -23832.000000
13149 -23644.000000
13150 -24076.000000
13151 -23392.000000
13152 -22952.000000
13153 -23364.000000
13154 -23624.000000
13155 -23640.000000
13156 -23744.000000
13157 -23576.000000
13158 -23268.000000
13159 -23524.000000
13160 -23764.000000
13161 -23652.000000
13162 -23424.000000
13163 -23388.000000
13164 -23344.000000
13165 -23696.000000
13166 -23248.000000
13167 -23608.000000
13168 -23596.000000
13169 -23576.000000
13170 -23728.000000
13171 -23324.000000
13172 -23660.000000
13173 -23708.000000
13174 -23448.000000
13175 -23136.000000
13176 -23028.000000
13177 -23096.000000
13178 -23044.000000
13179 -23468.000000
13180 -23408.000000
13181 -23552.000000
13182 -23320.000000
13183 -23700.000000
13184 -24084.000000
13185 -24288.000000
13186 -24104.000000
13187 -24396.000000
13188 -23768.000000
13189 -23816.000000
13190 -23860.000000
13191 -24120.000000
13192 -23700.000000
13193 -23048.000000
13194 -23180.000000
13195 -23676.000000
13196 -23772.000000
13197 -23444.000000
13198 -23684.000000
13199 -23820.000000
13200 -23676.000000
13201 -23532.000000
13202 -23452.000000
13203 -22936.000000
13204 -23228.000000
13205 -23216.000000
13206 -23364.000000
13207 -23536.000000
13208 -23640.000000
13209 -23272.000000
13210 -23356.000000
13211 -23272.000000
13212 -23536.000000
13213 -23780.000000
13214 -23724.000000
13215 -24060.000000
13216 -23808.000000
13217 -23736.000000
13218 -24072.000000
13219 -23744.000000
13220 -23776.000000
13221 -23904.000000
13222 -23548.000000
13223 -23264.000000
13224 -23936.000000
13225 -24040.000000
13226 -23792.000000
13227 -23540.000000
13228 -23520.000000
13229 -23640.000000
13230 -23568.000000
13231 -23644.000000
13232 -23564.000000
13233 -24072.000000
13234 -23804.000000
13235 -23712.000000
13236 -23784.000000
13237 -24112.000000
13238 -24228.000000
13239 -24104.000000
13240 -24204.000000
13241 -24292.000000
13242 -23860.000000
13243 -23600.000000
13244 -23592.000000
13245 -23564.000000
13246 -23716.000000
13247 -23648.000000
13248 -23832.000000
13249 -24192.000000
13250 -24092.000000
13251 -23928.000000
13252 -23800.000000
13253 -24280.000000
13254 -23880.000000
13255 -23968.000000
13256 -24028.000000
13257 -24088.000000
13258 -23864.000000
13259 -23684.000000
13260 -23908.000000
13261 -24116.000000
13262 -23852.000000
13263 -24176.000000
13264 -24496.000000
13265 -24260.000000
13266 -24196.000000
13267 -24128.000000
13268 -23956.000000
13269 -23764.000000
13270 -23696.000000
13271 -23796.000000
13272 -23980.000000
13273 -24112.000000
13274 -24012.000000
13275 -24112.000000
13276 -24284.000000
13277 -24012.000000
13278 -24164.000000
13279 -24056.000000
13280 -23888.000000
13281 -24044.000000
13282 -23924.000000
13283 -23960.000000
13284 -24140.000000
13285 -23828.000000
13286 -24056.000000
13287 -24124.000000
13288 -23788.000000
13289 -23756.000000
13290 -23948.000000
13291 -23760.000000
13292 -23616.000000
13293 -23752.000000
13294 -24176.000000
13295 -24300.000000
13296 -24008.000000
13297 -24260.000000
13298 -23900.000000
13299 -24032.000000
13300 -23912.000000
13301 -23612.000000
13302 -23452.000000
13303 -23540.000000
13304 -23564.000000
13305 -23216.000000
13306 -23672.000000
13307 -24112.000000
13308 -24124.000000
13309 -23480.000000
13310 -23524.000000
13311 -24032.000000
13312 -23908.000000
13313 -23684.000000
13314 -24040.000000
13315 -23596.000000
13316 -23948.000000
13317 -23448.000000
13318 -23504.000000
13319 -23384.000000
13320 -23736.000000
13321 -24000.000000
13322 -24020.000000
13323 -24088.000000
13324 -23980.000000
13325 -23976.000000
13326 -23856.000000
13327 -24720.000000
13328 -24156.000000
13329 -23744.000000
13330 -23432.000000
13331 -23796.000000
13332 -23452.000000
13333 -23644.000000
13334 -23412.000000
13335 -23732.000000
13336 -23472.000000
13337 -23308.000000
13338 -23288.000000
13339 -23824.000000
13340 -24032.000000
13341 -23608.000000
13342 -23832.000000
13343 -23484.000000
13344 -23556.000000
13345 -23328.000000
13346 -24140.000000
13347 -24044.000000
13348 -24104.000000
13349 -23416.000000
13350 -23340.000000
13351 -23612.000000
13352 -24160.000000
13353 -24048.000000
13354 -24108.000000
13355 -24180.000000
13356 -24580.000000
13357 -24536.000000
13358 -24328.000000
13359 -24392.000000
13360 -24172.000000
13361 -24256.000000
13362 -24080.000000
13363 -24240.000000
13364 -23956.000000
13365 -23672.000000
13366 -23844.000000
13367 -23524.000000
13368 -23520.000000
13369 -23220.000000
13370 -23352.000000
13371 -23656.000000
13372 -23528.000000
13373 -23528.000000
13374 -23524.000000
13375 -23152.000000
13376 -23372.000000
13377 -23500.000000
13378 -24000.000000
13379 -23792.000000
13380 -24300.000000
13381 -24472.000000
13382 -24076.000000
13383 -23988.000000
13384 -24172.000000
13385 -24592.000000
13386 -24436.000000
13387 -24168.000000
13388 -24076.000000
13389 -24160.000000
13390 -24324.000000
13391 -24444.000000
13392 -23980.000000
13393 -23972.000000
13394 -24416.000000
13395 -24244.000000
13396 -24216.000000
13397 -23640.000000
13398 -23600.000000
13399 -23556.000000
13400 -23316.000000
13401 -23508.000000
13402 -23488.000000
13403 -23828.000000
13404 -23732.000000
13405 -23600.000000
13406 -24132.000000
13407 -24092.000000
13408 -23888.000000
13409 -23908.000000
13410 -23816.000000
13411 -23976.000000
13412 -23648.000000
13413 -24004.000000
13414 -23880.000000
13415 -23404.000000
13416 -23388.000000
13417 -23556.000000
13418 -23488.000000
13419 -23352.000000
13420 -23212.000000
13421 -23320.000000
13422 -23432.000000
13423 -23232.000000
13424 -23444.000000
13425 -24060.000000
13426 -24088.000000
13427 -24204.000000
13428 -23864.000000
13429 -24312.000000
13430 -23780.000000
13431 -24188.000000
13432 -24532.000000
13433 -24472.000000
13434 -24552.000000
13435 -23952.000000
13436 -24136.000000
13437 -23952.000000
13438 -23564.000000
13439 -23644.000000
13440 -23796.000000
13441 -23984.000000
13442 -24284.000000
13443 -24060.000000
13444 -24156.000000
13445 -24184.000000
13446 -24128.000000
13447 -24200.000000
13448 -24424.000000
13449 -24108.000000
13450 -23900.000000
13451 -23784.000000
13452 -24220.000000
13453 -24196.000000
13454 -24024.000000
13455 -24368.000000
13456 -24252.000000
13457 -24008.000000
13458 -24236.000000
13459 -24348.000000
13460 -24192.000000
13461 -24360.000000
13462 -24148.000000
13463 -24176.000000
13464 -24192.000000
13465 -24136.000000
13466 -23548.000000
13467 -23712.000000
13468 -23760.000000
13469 -23484.000000
13470 -23324.000000
13471 -23460.000000
13472 -23488.000000
13473 -23916.000000
13474 -23832.000000
13475 -23824.000000
13476 -23744.000000
13477 -23624.000000
13478 -23556.000000
13479 -23576.000000
13480 -23340.000000
13481 -23836.000000
13482 -23668.000000
13483 -23472.000000
13484 -23588.000000
13485 -23548.000000
13486 -23728.000000
13487 -23712.000000
13488 -24056.000000
13489 -23932.000000
13490 -23848.000000
13491 -23400.000000
13492 -23424.000000
13493 -23696.000000
13494 -23348.000000
13495 -23368.000000
13496 -23564.000000
13497 -23788.000000
13498 -23612.000000
13499 -23976.000000
13500 -23644.000000
13501 -23740.000000
13502 -23244.000000
13503 -23256.000000
13504 -23604.000000
13505 -23696.000000
13506 -23512.000000
13507 -24128.000000
13508 -24224.000000
13509 -24180.000000
13510 -23936.000000
13511 -24028.000000
13512 -23860.000000
13513 -23652.000000
13514 -23740.000000
13515 -23888.000000
13516 -23872.000000
13517 -23692.000000
13518 -23840.000000
13519 -23752.000000
13520 -23992.000000
13521 -23980.000000
13522 -23656.000000
13523 -23620.000000
13524 -23748.000000
13525 -24308.000000
13526 -24152.000000
13527 -23920.000000
13528 -23908.000000
13529 -23660.000000
13530 -23492.000000
13531 -23328.000000
13532 -23624.000000
13533 -23840.000000
13534 -23696.000000
13535 -23992.000000
13536 -23912.000000
13537 -23860.000000
13538 -23972.000000
13539 -23552.000000
13540 -23660.000000
13541 -24100.000000
13542 -24168.000000
13543 -23772.000000
13544 -23880.000000
13545 -23668.000000
13546 -23868.000000
13547 -23648.000000
13548 -23564.000000
13549 -23428.000000
13550 -24444.000000
13551 -24456.000000
13552 -24256.000000
13553 -24012.000000
13554 -23736.000000
13555 -23824.000000
13556 -23892.000000
13557 -23948.000000
13558 -24048.000000
13559 -23700.000000
13560 -23924.000000
13561 -24156.000000
13562 -23840.000000
13563 -23816.000000
13564 -23828.000000
13565 -23744.000000
13566 -24284.000000
13567 -23628.000000
13568 -23960.000000
13569 -24168.000000
13570 -24448.000000
13571 -24252.000000
13572 -23852.000000
13573 -23996.000000
13574 -23876.000000
13575 -23856.000000
13576 -24036.000000
13577 -24128.000000
13578 -24376.000000
13579 -24420.000000
13580 -24272.000000
13581 -24212.000000
13582 -23824.000000
13583 -23892.000000
13584 -23780.000000
13585 -23108.000000
13586 -23620.000000
13587 -23828.000000
13588 -23688.000000
13589 -23656.000000
13590 -23688.000000
13591 -23632.000000
13592 -24180.000000
13593 -24476.000000
13594 -23768.000000
13595 -24128.000000
13596 -23712.000000
13597 -23260.000000
13598 -24104.000000
13599 -24064.000000
13600 -24308.000000
13601 -24320.000000
13602 -23464.000000
13603 -23704.000000
13604 -23760.000000
13605 -23556.000000
13606 -23168.000000
13607 -23460.000000
13608 -23676.000000
13609 -23604.000000
13610 -23620.000000
13611 -23488.000000
13612 -23260.000000
13613 -23784.000000
13614 -23260.000000
13615 -23796.000000
13616 -23728.000000
13617 -23820.000000
13618 -23476.000000
13619 -23528.000000
13620 -23516.000000
13621 -23832.000000
13622 -23712.000000
13623 -24112.000000
13624 -24016.000000
13625 -23740.000000
13626 -23888.000000
13627 -23556.000000
13628 -23492.000000
13629 -23536.000000
13630 -23520.000000
13631 -23376.000000
13632 -23336.000000
13633 -23404.000000
13634 -23356.000000
13635 -23312.000000
13636 -23304.000000
13637 -23276.000000
13638 -23772.000000
13639 -23888.000000
13640 -23716.000000
13641 -23516.000000
13642 -23756.000000
13643 -23632.000000
13644 -23692.000000
13645 -23604.000000
13646 -23972.000000
13647 -23868.000000
13648 -23496.000000
13649 -23760.000000
13650 -23844.000000
13651 -24088.000000
13652 -24108.000000
13653 -23536.000000
13654 -23648.000000
13655 -23808.000000
13656 -24300.000000
13657 -23684.000000
13658 -23100.000000
13659 -23880.000000
13660 -23472.000000
13661 -23712.000000
13662 -23456.000000
13663 -23460.000000
13664 -23452.000000
13665 -23612.000000
13666 -23904.000000
13667 -23252.000000
13668 -23436.000000
13669 -23208.000000
13670 -23036.000000
13671 -23424.000000
13672 -23524.000000
13673 -24044.000000
13674 -23796.000000
13675 -24292.000000
13676 -24212.000000
13677 -23588.000000
13678 -24040.000000
13679 -23764.000000
13680 -24104.000000
13681 -23764.000000
13682 -23736.000000
13683 -24452.000000
13684 -24008.000000
13685 -23960.000000
13686 -24052.000000
13687 -23520.000000
13688 -23956.000000
13689 -24236.000000
13690 -24156.000000
13691 -23856.000000
13692 -24240.000000
13693 -24436.000000
13694 -24440.000000
13695 -24272.000000
13696 -24040.000000
13697 -24092.000000
13698 -23752.000000
13699 -23664.000000
13700 -23788.000000
13701 -23984.000000
13702 -24188.000000
13703 -24224.000000
13704 -23816.000000
13705 -24256.000000
13706 -24020.000000
13707 -23848.000000
13708 -24072.000000
13709 -23600.000000
13710 -23824.000000
13711 -24028.000000
13712 -24328.000000
13713 -23728.000000
13714 -23800.000000
13715 -23728.000000
13716 -24036.000000
13717 -23544.000000
13718 -23640.000000
13719 -23796.000000
13720 -24036.000000
13721 -23896.000000
13722 -23416.000000
13723 -23356.000000
13724 -23560.000000
13725 -23544.000000
13726 -23536.000000
13727 -23784.000000
13728 -24072.000000
13729 -23732.000000
13730 -23916.000000
13731 -23836.000000
13732 -23716.000000
13733 -23488.000000
13734 -23544.000000
13735 -23772.000000
13736 -23764.000000
13737 -23456.000000
13738 -23648.000000
13739 -23924.000000
13740 -24000.000000
13741 -23240.000000
13742 -23256.000000
13743 -23468.000000
13744 -23852.000000
13745 -23860.000000
13746 -23652.000000
13747 -23652.000000
13748 -24024.000000
13749 -24032.000000
13750 -23820.000000
13751 -24116.000000
13752 -23880.000000
13753 -23460.000000
13754 -23320.000000
13755 -22932.000000
13756 -23352.000000
13757 -23060.000000
13758 -23288.000000
13759 -23644.000000
13760 -23600.000000
13761 -23676.000000
13762 -23876.000000
13763 -23820.000000
13764 -23188.000000
13765 -23840.000000
13766 -23620.000000
13767 -23424.000000
13768 -23548.000000
13769 -23488.000000
13770 -23612.000000
13771 -23292.000000
13772 -23104.000000
13773 -23420.000000
13774 -23288.000000
13775 -23404.000000
13776 -23532.000000
13777 -23460.000000
13778 -23328.000000
13779 -23400.000000
13780 -23208.000000
13781 -23144.000000
13782 -23052.000000
13783 -23236.000000
13784 -22896.000000
13785 -22904.000000
13786 -23060.000000
13787 -22660.000000
13788 -22832.000000
13789 -22488.000000
13790 -22320.000000
13791 -23024.000000
13792 -23380.000000
13793 -23300.000000
13794 -23576.000000
13795 -23436.000000
13796 -23276.000000
13797 -23300.000000
13798 -23200.000000
13799 -22888.000000
13800 -23164.000000
13801 -23040.000000
13802 -23092.000000
13803 -22412.000000
13804 -22904.000000
13805 -23420.000000
13806 -23368.000000
13807 -23360.000000
13808 -23124.000000
13809 -23328.000000
13810 -23500.000000
13811 -23840.000000
13812 -23844.000000
13813 -24112.000000
13814 -23752.000000
13815 -23792.000000
13816 -23744.000000
13817 -24096.000000
13818 -23792.000000
13819 -23788.000000
13820 -23564.000000
13821 -23940.000000
13822 -24376.000000
13823 -23908.000000
13824 -24092.000000
13825 -23696.000000
13826 -23684.000000
13827 -23628.000000
13828 -23672.000000
13829 -23344.000000
13830 -23936.000000
13831 -23652.000000
13832 -24096.000000
13833 -24064.000000
13834 -23664.000000
13835 -23548.000000
13836 -23088.000000
13837 -23480.000000
13838 -23612.000000
13839 -24028.000000
13840 -23572.000000
13841 -23820.000000
13842 -24100.000000
13843 -24544.000000
13844 -23904.000000
13845 -23752.000000
13846 -23980.000000
13847 -23612.000000
13848 -23680.000000
13849 -23800.000000
13850 -23844.000000
13851 -23272.000000
13852 -23360.000000
13853 -23300.000000
13854 -23412.000000
13855 -23668.000000
13856 -23536.000000
13857 -23612.000000
13858 -24088.000000
13859 -23696.000000
13860 -23688.000000
13861 -23992.000000
13862 -23668.000000
13863 -23644.000000
13864 -23680.000000
13865 -23540.000000
13866 -23096.000000
13867 -23560.000000
13868 -23252.000000
13869 -23636.000000
13870 -23292.000000
13871 -23580.000000
13872 -23620.000000
13873 -23756.000000
13874 -23660.000000
13875 -23712.000000
13876 -23872.000000
13877 -23968.000000
13878 -23840.000000
13879 -23972.000000
13880 -24104.000000
13881 -24100.000000
13882 -23500.000000
13883 -23664.000000
13884 -23952.000000
13885 -23492.000000
13886 -23728.000000
13887 -23552.000000
13888 -23692.000000
13889 -23648.000000
13890 -23508.000000
13891 -23608.000000
13892 -23656.000000
13893 -23892.000000
13894 -23968.000000
13895 -23480.000000
13896 -23496.000000
13897 -24088.000000
13898 -23588.000000
13899 -23440.000000
13900 -23392.000000
13901 -23548.000000
13902 -23612.000000
13903 -23492.000000
13904 -23268.000000
13905 -23368.000000
13906 -23728.000000
13907 -23636.000000
13908 -23788.000000
13909 -23408.000000
13910 -23576.000000
13911 -23816.000000
13912 -24140.000000
13913 -23988.000000
13914 -23824.000000
13915 -23992.000000
13916 -23956.000000
13917 -23824.000000
13918 -23892.000000
13919 -24016.000000
13920 -24272.000000
13921 -24252.000000
13922 -23660.000000
13923 -23776.000000
13924 -24080.000000
13925 -23888.000000
13926 -24100.000000
13927 -23984.000000
13928 -23940.000000
13929 -23684.000000
13930 -23444.000000
13931 -23532.000000
13932 -23972.000000
13933 -23744.000000
13934 -23936.000000
13935 -23980.000000
13936 -23860.000000
13937 -23676.000000
13938 -23572.000000
13939 -23932.000000
13940 -23884.000000
13941 -23804.000000
13942 -23412.000000
13943 -23464.000000
13944 -23748.000000
13945 -23648.000000
13946 -23136.000000
13947 -23028.000000
13948 -23416.000000
13949 -23464.000000
13950 -23444.000000
13951 -23612.000000
13952 -23832.000000
13953 -23316.000000
13954 -23428.000000
13955 -23076.000000
13956 -23208.000000
13957 -23060.000000
13958 -23244.000000
13959 -23244.000000
13960 -23204.000000
13961 -23348.000000
13962 -23088.000000
13963 -23408.000000
13964 -23272.000000
13965 -23816.000000
13966 -23384.000000
13967 -23320.000000
13968 -23400.000000
13969 -23380.000000
13970 -23400.000000
13971 -23488.000000
13972 -23412.000000
13973 -23236.000000
13974 -23112.000000
13975 -23244.000000
13976 -23288.000000
13977 -23520.000000
13978 -23216.000000
13979 -23132.000000
13980 -23636.000000
13981 -23352.000000
13982 -23336.000000
13983 -23552.000000
13984 -23852.000000
13985 -23852.000000
13986 -23840.000000
13987 -23760.000000
13988 -24000.000000
13989 -24228.000000
13990 -23808.000000
13991 -23584.000000
13992 -23332.000000
13993 -23836.000000
13994 -24148.000000
13995 -23984.000000
13996 -24040.000000
13997 -24036.000000
13998 -24236.000000
13999 -24040.000000
14000 -24188.000000
14001 -24092.000000
14002 -23576.000000
14003 -23204.000000
14004 -23812.000000
14005 -23812.000000
14006 -23448.000000
14007 -23768.000000
14008 -23764.000000
14009 -23804.000000
14010 -23612.000000
14011 -23836.000000
14012 -23840.000000
14013 -23868.000000
14014 -23648.000000
14015 -24116.000000
14016 -23892.000000
14017 -23628.000000
14018 -23476.000000
14019 -23572.000000
14020 -23228.000000
14021 -23820.000000
14022 -23712.000000
14023 -23436.000000
14024 -23256.000000
14025 -23392.000000
14026 -23516.000000
14027 -23232.000000
14028 -23572.000000
14029 -23544.000000
14030 -23636.000000
14031 -23652.000000
14032 -23952.000000
14033 -23920.000000
14034 -24080.000000
14035 -24108.000000
14036 -24264.000000
14037 -23832.000000
14038 -23524.000000
14039 -23452.000000
14040 -23816.000000
14041 -24120.000000
14042 -23796.000000
14043 -23532.000000
14044 -23748.000000
14045 -23552.000000
14046 -23672.000000
14047 -23372.000000
14048 -23512.000000
14049 -23428.000000
14050 -24428.000000
14051 -24040.000000
14052 -23776.000000
14053 -23476.000000
14054 -23676.000000
14055 -23868.000000
14056 -23696.000000
14057 -23932.000000
14058 -23712.000000
14059 -23408.000000
14060 -23156.000000
14061 -23532.000000
14062 -23960.000000
14063 -23704.000000
14064 -23936.000000
14065 -23716.000000
14066 -24056.000000
14067 -23768.000000
14068 -24140.000000
14069 -24452.000000
14070 -24456.000000
14071 -24312.000000
14072 -24120.000000
14073 -23952.000000
14074 -23636.000000
14075 -23648.000000
14076 -23816.000000
14077 -23952.000000
14078 -24176.000000
14079 -24008.000000
14080 -24236.000000
14081 -24300.000000
14082 -24744.000000
14083 -24484.000000
14084 -24056.000000
14085 -24240.000000
14086 -23980.000000
14087 -24292.000000
14088 -24364.000000
14089 -23980.000000
14090 -24032.000000
14091 -23900.000000
14092 -23604.000000
14093 -23864.000000
14094 -23536.000000
14095 -23676.000000
14096 -23764.000000
14097 -24060.000000
14098 -24176.000000
14099 -24536.000000
14100 -24340.000000
14101 -24460.000000
14102 -24176.000000
14103 -23888.000000
14104 -23856.000000
14105 -24532.000000
14106 -24420.000000
14107 -24340.000000
14108 -24200.000000
14109 -23960.000000
14110 -24312.000000
14111 -24020.000000
14112 -23840.000000
14113 -23532.000000
14114 -23536.000000
14115 -23568.000000
14116 -23552.000000
14117 -23912.000000
14118 -23520.000000
14119 -23948.000000
14120 -24316.000000
14121 -24236.000000
14122 -24292.000000
14123 -23896.000000
14124 -23716.000000
14125 -23676.000000
14126 -24000.000000
14127 -24184.000000
14128 -24264.000000
14129 -24400.000000
14130 -24376.000000
14131 -24412.000000
14132 -24372.000000
14133 -24160.000000
14134 -24304.000000
14135 -24192.000000
14136 -23876.000000
14137 -23996.000000
14138 -23956.000000
14139 -24144.000000
14140 -24372.000000
14141 -24512.000000
14142 -24072.000000
14143 -24188.000000
14144 -24520.000000
14145 -24420.000000
14146 -24032.000000
14147 -24148.000000
14148 -24444.000000
14149 -24320.000000
14150 -24200.000000
14151 -24560.000000
14152 -24576.000000
14153 -24444.000000
14154 -24868.000000
14155 -24124.000000
14156 -23668.000000
14157 -24220.000000
14158 -24152.000000
14159 -24100.000000
14160 -23748.000000
14161 -23956.000000
14162 -23720.000000
14163 -23596.000000
14164 -23712.000000
14165 -23776.000000
14166 -23768.000000
14167 -24120.000000
14168 -23744.000000
14169 -24048.000000
14170 -24216.000000
14171 -24072.000000
14172 -24088.000000
14173 -23996.000000
14174 -23944.000000
14175 -23920.000000
14176 -23792.000000
14177 -23472.000000
14178 -23768.000000
14179 -23836.000000
14180 -23904.000000
14181 -23744.000000
14182 -24012.000000
14183 -23900.000000
14184 -23576.000000
14185 -23660.000000
14186 -23632.000000
14187 -23400.000000
14188 -23468.000000
14189 -23368.000000
14190 -23528.000000
14191 -23976.000000
14192 -24152.000000
14193 -24172.000000
14194 -24252.000000
14195 -24260.000000
14196 -24024.000000
14197 -24208.000000
14198 -24372.000000
14199 -24540.000000
14200 -24664.000000
14201 -24440.000000
14202 -24560.000000
14203 -24284.000000
14204 -24316.000000
14205 -23936.000000
14206 -23856.000000
14207 -24208.000000
14208 -24224.000000
14209 -24132.000000
14210 -24336.000000
14211 -24212.000000
14212 -24444.000000
14213 -24400.000000
14214 -24268.000000
14215 -23924.000000
14216 -23868.000000
14217 -23896.000000
14218 -23508.000000
14219 -23504.000000
14220 -23232.000000
14221 -23568.000000
14222 -22908.000000
14223 -23452.000000
14224 -23720.000000
14225 -23844.000000
14226 -23516.000000
14227 -23836.000000
14228 -23780.000000
14229 -23880.000000
14230 -24116.000000
14231 -24128.000000
14232 -24064.000000
14233 -23608.000000
14234 -23544.000000
14235 -23720.000000
14236 -24008.000000
14237 -23780.000000
14238 -24004.000000
14239 -24076.000000
14240 -23848.000000
14241 -24144.000000
14242 -23524.000000
14243 -23856.000000
14244 -24284.000000
14245 -24216.000000
14246 -24344.000000
14247 -24200.000000
14248 -24344.000000
14249 -24192.000000
14250 -24140.000000
14251 -24016.000000
14252 -24288.000000
14253 -24084.000000
14254 -23964.000000
14255 -23648.000000
14256 -23660.000000
14257 -23848.000000
14258 -24140.000000
14259 -23816.000000
14260 -23796.000000
14261 -23780.000000
14262 -23568.000000
14263 -23724.000000
14264 -23804.000000
14265 -24208.000000
14266 -24128.000000
14267 -23748.000000
14268 -23660.000000
14269 -23496.000000
14270 -23228.000000
14271 -23716.000000
14272 -23716.000000
14273 -23880.000000
14274 -24272.000000
14275 -24512.000000
14276 -24140.000000
14277 -24228.000000
14278 -24176.000000
14279 -23860.000000
14280 -23904.000000
14281 -24144.000000
14282 -24352.000000
14283 -23836.000000
14284 -23376.000000
14285 -23748.000000
14286 -23896.000000
14287 -23568.000000
14288 -23528.000000
14289 -23828.000000
14290 -23860.000000
14291 -23600.000000
14292 -23844.000000
14293 -23736.000000
14294 -23552.000000
14295 -23508.000000
14296 -23760.000000
14297 -23368.000000
14298 -23388.000000
14299 -23148.000000
14300 -23244.000000
14301 -23508.000000
14302 -23368.000000
14303 -23112.000000
14304 -23500.000000
14305 -23780.000000
14306 -23820.000000
14307 -23788.000000
14308 -23732.000000
14309 -23620.000000
14310 -24196.000000
14311 -24216.000000
14312 -23856.000000
14313 -23664.000000
14314 -23896.000000
14315 -23664.000000
14316 -23696.000000
14317 -23972.000000
14318 -23660.000000
14319 -24032.000000
14320 -23752.000000
14321 -23468.000000
14322 -23584.000000
14323 -23808.000000
14324 -23768.000000
14325 -23792.000000
14326 -23920.000000
14327 -24132.000000
14328 -24424.000000
14329 -24252.000000
14330 -23936.000000
14331 -24120.000000
14332 -24664.000000
14333 -24948.000000
14334 -24084.000000
14335 -24552.000000
14336 -24216.000000
14337 -24196.000000
14338 -24308.000000
14339 -24372.000000
14340 -24272.000000
14341 -23760.000000
14342 -24004.000000
14343 -23656.000000
14344 -23580.000000
14345 -23916.000000
14346 -23932.000000
14347 -23152.000000
14348 -23380.000000
14349 -23704.000000
14350 -23524.000000
14351 -24056.000000
14352 -24404.000000
14353 -24064.000000
14354 -23984.000000
14355 -23656.000000
14356 -24292.000000
14357 -24196.000000
14358 -23852.000000
14359 -23392.000000
14360 -23288.000000
14361 -23720.000000
14362 -23568.000000
14363 -23708.000000
14364 -24152.000000
14365 -24408.000000
14366 -24124.000000
14367 -24104.000000
14368 -24096.000000
14369 -24284.000000
14370 -24148.000000
14371 -23496.000000
14372 -23540.000000
14373 -23568.000000
14374 -23484.000000
14375 -23652.000000
14376 -23948.000000
14377 -24288.000000
14378 -23940.000000
14379 -23752.000000
14380 -23728.000000
14381 -23964.000000
14382 -24120.000000
14383 -23884.000000
14384 -23856.000000
14385 -23652.000000
14386 -23412.000000
14387 -23500.000000
14388 -24124.000000
14389 -23840.000000
14390 -23752.000000
14391 -23732.000000
14392 -23812.000000
14393 -23616.000000
14394 -23868.000000
14395 -23560.000000
14396 -24024.000000
14397 -24356.000000
14398 -24428.000000
14399 -24036.000000
14400 -23880.000000
14401 -24132.000000
14402 -24052.000000
14403 -23512.000000
14404 -23412.000000
14405 -23668.000000
14406 -23756.000000
14407 -23956.000000
14408 -24016.000000
14409 -23936.000000
14410 -24092.000000
14411 -23832.000000
14412 -24172.000000
14413 -24096.000000
14414 -23624.000000
14415 -23564.000000
14416 -23668.000000
14417 -24156.000000
14418 -24088.000000
14419 -24004.000000
14420 -23692.000000
14421 -23388.000000
14422 -23320.000000
14423 -23800.000000
14424 -24224.000000
14425 -23800.000000
14426 -23704.000000
14427 -23944.000000
14428 -23320.000000
14429 -23644.000000
14430 -23784.000000
14431 -23412.000000
14432 -23592.000000
14433 -23296.000000
14434 -23600.000000
14435 -23648.000000
14436 -23832.000000
14437 -24068.000000
14438 -24240.000000
14439 -24212.000000
14440 -23860.000000
14441 -24116.000000
14442 -24112.000000
14443 -24084.000000
14444 -23968.000000
14445 -23852.000000
14446 -24184.000000
14447 -24324.000000
14448 -24388.000000
14449 -23924.000000
14450 -24468.000000
14451 -24332.000000
14452 -24048.000000
14453 -23784.000000
14454 -24012.000000
14455 -24044.000000
14456 -24268.000000
14457 -24216.000000
14458 -23792.000000
14459 -23892.000000
14460 -23920.000000
14461 -24092.000000
14462 -24288.000000
14463 -24576.000000
14464 -24364.000000
14465 -24228.000000
14466 -24708.000000
14467 -24608.000000
14468 -24296.000000
14469 -24124.000000
14470 -23996.000000
14471 -23792.000000
14472 -23572.000000
14473 -23700.000000
14474 -23336.000000
14475 -23656.000000
14476 -23860.000000
14477 -23656.000000
14478 -23920.000000
14479 -23812.000000
14480 -23560.000000
14481 -24052.000000
14482 -23980.000000
14483 -24364.000000
14484 -24364.000000
14485 -24360.000000
14486 -24380.000000
14487 -24484.000000
14488 -24692.000000
14489 -24336.000000
14490 -24076.000000
14491 -23904.000000
14492 -24064.000000
14493 -24040.000000
14494 -23720.000000
14495 -24064.000000
14496 -24196.000000
14497 -24508.000000
14498 -23968.000000
14499 -23940.000000
14500 -23748.000000
14501 -24004.000000
14502 -23680.000000
14503 -24196.000000
14504 -23552.000000
14505 -23932.000000
14506 -24012.000000
14507 -23936.000000
14508 -23268.000000
14509 -23584.000000
14510 -23356.000000
14511 -23672.000000
14512 -24244.000000
14513 -24116.000000
14514 -23852.000000
14515 -23928.000000
14516 -24052.000000
14517 -23800.000000
14518 -23396.000000
14519 -23672.000000
14520 -23608.000000
14521 -23244.000000
14522 -23468.000000
14523 -24116.000000
14524 -24196.000000
14525 -24108.000000
14526 -23848.000000
14527 -24200.000000
14528 -23784.000000
14529 -23928.000000
14530 -23888.000000
14531 -23692.000000
14532 -23944.000000
14533 -23632.000000
14534 -23508.000000
14535 -23248.000000
14536 -23440.000000
14537 -23600.000000
14538 -23860.000000
14539 -23840.000000
14540 -23932.000000
14541 -24448.000000
14542 -23904.000000
14543 -23384.000000
14544 -23520.000000
14545 -23520.000000
14546 -23676.000000
14547 -23928.000000
14548 -23948.000000
14549 -23388.000000
14550 -23432.000000
14551 -24104.000000
14552 -24184.000000
14553 -24088.000000
14554 -24224.000000
14555 -23956.000000
14556 -23732.000000
14557 -23756.000000
14558 -23568.000000
14559 -23764.000000
14560 -23884.000000
14561 -23972.000000
14562 -23444.000000
14563 -23744.000000
14564 -24108.000000
14565 -24100.000000
14566 -24356.000000
14567 -24004.000000
14568 -23980.000000
14569 -24092.000000
14570 -24176.000000
14571 -23952.000000
14572 -23816.000000
14573 -24152.000000
14574 -24456.000000
14575 -23916.000000
14576 -23548.000000
14577 -23804.000000
14578 -23644.000000
14579 -23684.000000
14580 -23872.000000
14581 -23960.000000
14582 -24012.000000
14583 -24116.000000
14584 -24776.000000
14585 -24548.000000
14586 -24280.000000
14587 -24624.000000
14588 -24268.000000
14589 -23796.000000
14590 -23928.000000
14591 -23912.000000
14592 -23904.000000
14593 -23856.000000
14594 -24060.000000
14595 -24164.000000
14596 -24072.000000
14597 -23828.000000
14598 -23860.000000
14599 -24000.000000
14600 -23680.000000
14601 -24100.000000
14602 -24364.000000
14603 -24472.000000
14604 -24700.000000
14605 -24008.000000
14606 -23880.000000
14607 -24148.000000
14608 -23588.000000
14609 -23592.000000
14610 -23612.000000
14611 -24028.000000
14612 -23584.000000
14613 -23936.000000
14614 -24020.000000
14615 -23692.000000
14616 -23616.000000
14617 -23712.000000
14618 -23296.000000
14619 -23512.000000
14620 -23820.000000
14621 -23868.000000
14622 -23376.000000
14623 -23784.000000
14624 -23440.000000
14625 -23672.000000
14626 -23556.000000
14627 -23992.000000
14628 -23296.000000
14629 -23452.000000
14630 -23640.000000
14631 -23284.000000
14632 -23416.000000
14633 -23332.000000
14634 -23276.000000
14635 -23268.000000
14636 -23256.000000
14637 -23336.000000
14638 -23140.000000
14639 -23224.000000
14640 -23280.000000
14641 -23656.000000
14642 -23208.000000
14643 -23500.000000
14644 -23680.000000
14645 -23840.000000
14646 -23540.000000
14647 -23440.000000
14648 -23992.000000
14649 -23960.000000
14650 -23820.000000
14651 -23536.000000
14652 -23916.000000
14653 -24136.000000
14654 -24536.000000
14655 -24260.000000
14656 -24088.000000
14657 -23992.000000
14658 -23928.000000
14659 -24004.000000
14660 -23788.000000
14661 -24072.000000
14662 -23840.000000
14663 -23748.000000
14664 -23780.000000
14665 -23692.000000
14666 -23580.000000
14667 -23592.000000
14668 -23672.000000
14669 -23844.000000
14670 -24168.000000
14671 -24164.000000
14672 -23808.000000
14673 -24128.000000
14674 -23876.000000
14675 -24192.000000
14676 -23440.000000
14677 -23348.000000
14678 -23716.000000
14679 -23404.000000
14680 -23428.000000
14681 -23588.000000
14682 -23636.000000
14683 -23552.000000
14684 -23532.000000
14685 -23404.000000
14686 -23428.000000
14687 -23576.000000
14688 -23780.000000
14689 -23644.000000
14690 -23604.000000
14691 -23500.000000
14692 -23744.000000
14693 -23672.000000
14694 -23488.000000
14695 -23716.000000
14696 -23640.000000
14697 -23272.000000
14698 -23416.000000
14699 -23020.000000
14700 -23352.000000
14701 -23516.000000
14702 -23560.000000
14703 -23584.000000
14704 -23800.000000
14705 -23664.000000
14706 -24016.000000
14707 -24028.000000
14708 -24300.000000
14709 -24464.000000
14710 -23828.000000
14711 -24248.000000
14712 -24168.000000
14713 -24316.000000
14714 -24088.000000
14715 -23708.000000
14716 -24076.000000
14717 -24104.000000
14718 -23904.000000
14719 -24012.000000
14720 -24116.000000
14721 -23964.000000
14722 -23900.000000
14723 -24080.000000
14724 -23476.000000
14725 -23892.000000
14726 -24000.000000
14727 -24340.000000
14728 -24748.000000
14729 -24572.000000
14730 -23972.000000
14731 -23848.000000
14732 -23728.000000
14733 -24068.000000
14734 -24052.000000
14735 -23680.000000
14736 -24236.000000
14737 -23832.000000
14738 -24040.000000
14739 -24204.000000
14740 -23696.000000
14741 -23604.000000
14742 -23720.000000
14743 -23796.000000
14744 -23848.000000
14745 -23996.000000
14746 -24216.000000
14747 -24420.000000
14748 -24464.000000
14749 -24324.000000
14750 -24472.000000
14751 -24356.000000
14752 -24340.000000
14753 -24616.000000
14754 -24308.000000
14755 -24336.000000
14756 -24212.000000
14757 -24208.000000
14758 -24352.000000
14759 -24464.000000
14760 -24200.000000
14761 -24564.000000
14762 -24588.000000
14763 -24128.000000
14764 -24152.000000
14765 -23872.000000
14766 -23872.000000
14767 -23720.000000
14768 -23864.000000
14769 -24004.000000
14770 -23532.000000
14771 -23380.000000
14772 -23364.000000
14773 -23524.000000
14774 -23528.000000
14775 -24124.000000
14776 -24064.000000
14777 -24120.000000
14778 -23772.000000
14779 -24028.000000
14780 -24092.000000
14781 -24112.000000
14782 -24320.000000
14783 -24452.000000
14784 -24404.000000
14785 -23996.000000
14786 -23856.000000
14787 -23816.000000
14788 -23952.000000
14789 -24064.000000
14790 -24196.000000
14791 -24040.000000
14792 -23912.000000
14793 -23804.000000
14794 -23444.000000
14795 -23744.000000
14796 -23940.000000
14797 -24328.000000
14798 -24044.000000
14799 -24088.000000
14800 -24280.000000
14801 -24260.000000
14802 -23720.000000
14803 -23872.000000
14804 -24048.000000
14805 -24200.000000
14806 -24700.000000
14807 -24504.000000
14808 -24660.000000
14809 -24732.000000
14810 -24676.000000
14811 -24396.000000
14812 -24244.000000
14813 -23992.000000
14814 -24460.000000
14815 -24632.000000
14816 -24188.000000
14817 -24208.000000
14818 -23876.000000
14819 -24120.000000
14820 -23888.000000
14821 -24404.000000
14822 -24044.000000
14823 -23884.000000
14824 -23800.000000
14825 -23804.000000
14826 -24056.000000
14827 -23976.000000
14828 -23444.000000
14829 -23324.000000
14830 -23208.000000
14831 -23620.000000
14832 -23480.000000
14833 -24092.000000
14834 -23620.000000
14835 -23864.000000
14836 -24092.000000
14837 -23676.000000
14838 -23900.000000
14839 -23448.000000
14840 -23552.000000
14841 -23388.000000
14842 -23148.000000
14843 -23096.000000
14844 -22876.000000
14845 -23252.000000
14846 -23440.000000
14847 -23312.000000
14848 -23324.000000
14849 -23572.000000
14850 -23500.000000
14851 -23284.000000
14852 -23568.000000
14853 -23592.000000
14854 -23792.000000
14855 -23300.000000
14856 -23692.000000
14857 -23660.000000
14858 -23636.000000
14859 -23704.000000
14860 -23636.000000
14861 -23872.000000
14862 -24056.000000
14863 -23904.000000
14864 -23648.000000
14865 -23832.000000
14866 -23728.000000
14867 -24084.000000
14868 -23820.000000
14869 -23624.000000
14870 -23904.000000
14871 -23696.000000
14872 -23688.000000
14873 -23484.000000
14874 -23732.000000
14875 -23160.000000
14876 -23712.000000
14877 -24100.000000
14878 -23948.000000
14879 -24176.000000
14880 -24328.000000
14881 -24068.000000
14882 -23916.000000
14883 -24316.000000
14884 -24024.000000
14885 -23800.000000
14886 -24056.000000
14887 -23688.000000
14888 -23272.000000
14889 -23640.000000
14890 -24004.000000
14891 -24208.000000
14892 -23976.000000
14893 -23560.000000
14894 -23668.000000
14895 -23812.000000
14896 -23816.000000
14897 -24112.000000
14898 -24312.000000
14899 -23652.000000
14900 -23968.000000
14901 -24084.000000
14902 -24616.000000
14903 -24232.000000
14904 -24184.000000
14905 -24024.000000
14906 -24376.000000
14907 -24636.000000
14908 -24408.000000
14909 -24180.000000
14910 -23828.000000
14911 -24124.000000
14912 -24152.000000
14913 -24080.000000
14914 -24064.000000
14915 -24348.000000
14916 -24176.000000
14917 -24408.000000
14918 -23916.000000
14919 -24104.000000
14920 -23732.000000
14921 -24124.000000
14922 -24212.000000
14923 -24128.000000
14924 -24064.000000
14925 -24360.000000
14926 -24328.000000
14927 -24756.000000
14928 -24216.000000
14929 -23960.000000
14930 -24364.000000
14931 -24372.000000
14932 -24584.000000
14933 -24212.000000
14934 -24032.000000
14935 -24288.000000
14936 -24440.000000
14937 -24360.000000
14938 -24068.000000
14939 -24256.000000
14940 -24396.000000
14941 -23936.000000
14942 -24364.000000
14943 -24224.000000
14944 -24144.000000
14945 -23996.000000
14946 -23688.000000
14947 -24152.000000
14948 -24400.000000
14949 -24224.000000
14950 -24576.000000
14951 -24032.000000
14952 -23936.000000
14953 -23528.000000
14954 -23572.000000
14955 -23576.000000
14956 -23744.000000
14957 -23776.000000
14958 -23484.000000
14959 -24048.000000
14960 -24676.000000
14961 -24372.000000
14962 -24016.000000
14963 -23864.000000
14964 -23936.000000
14965 -24108.000000
14966 -24072.000000
14967 -23700.000000
14968 -24220.000000
14969 -23684.000000
14970 -23936.000000
14971 -24556.000000
14972 -24104.000000
14973 -23636.000000
14974 -23808.000000
14975 -24428.000000
14976 -24548.000000
14977 -24312.000000
14978 -24300.000000
14979 -24248.000000
14980 -23948.000000
14981 -24128.000000
14982 -24188.000000
14983 -23480.000000
14984 -23756.000000
14985 -23560.000000
14986 -23636.000000
14987 -23464.000000
14988 -23752.000000
14989 -23840.000000
14990 -23892.000000
14991 -23736.000000
14992 -23688.000000
14993 -23444.000000
14994 -23232.000000
14995 -23240.000000
14996 -23308.000000
14997 -22704.000000
14998 -23540.000000
14999 -23880.000000
15000 -24044.000000
15001 -23604.000000
15002 -24008.000000
15003 -23664.000000
15004 -23644.000000
15005 -23916.000000
15006 -23664.000000
15007 -23504.000000
15008 -23580.000000
15009 -23776.000000
15010 -23908.000000
15011 -23796.000000
15012 -23652.000000
15013 -23804.000000
15014 -23816.000000
15015 -23272.000000
15016 -23256.000000
15017 -23588.000000
15018 -24292.000000
15019 -24120.000000
15020 -24284.000000
15021 -24288.000000
15022 -24152.000000
15023 -24036.000000
15024 -23740.000000
15025 -23872.000000
15026 -23524.000000
15027 -23284.000000
15028 -23644.000000
15029 -23804.000000
15030 -23776.000000
15031 -23688.000000
15032 -23636.000000
15033 -23940.000000
15034 -24080.000000
15035 -23880.000000
15036 -23860.000000
15037 -23584.000000
15038 -23852.000000
15039 -23676.000000
15040 -23572.000000
15041 -24088.000000
15042 -24020.000000
15043 -23688.000000
15044 -23620.000000
15045 -23588.000000
15046 -23776.000000
15047 -23804.000000
15048 -23868.000000
15049 -23900.000000
15050 -23912.000000
15051 -23612.000000
15052 -23476.000000
15053 -23388.000000
15054 -23164.000000
15055 -23212.000000
15056 -22752.000000
15057 -22980.000000
15058 -23040.000000
15059 -22960.000000
15060 -23400.000000
15061 -23164.000000
15062 -22648.000000
15063 -22716.000000
15064 -22816.000000
15065 -22600.000000
15066 -22588.000000
15067 -23028.000000
15068 -23100.000000
15069 -23004.000000
15070 -22832.000000
15071 -22756.000000
15072 -22816.000000
15073 -22748.000000
15074 -23240.000000
15075 -23436.000000
15076 -23100.000000
15077 -23536.000000
15078 -23612.000000
15079 -23504.000000
15080 -23508.000000
15081 -23452.000000
15082 -23444.000000
15083 -22992.000000
15084 -23444.000000
15085 -23348.000000
15086 -23448.000000
15087 -23312.000000
15088 -23132.000000
15089 -22900.000000
15090 -22856.000000
15091 -22852.000000
15092 -22992.000000
15093 -23044.000000
15094 -23276.000000
15095 -23636.000000
15096 -23404.000000
15097 -23460.000000
15098 -23672.000000
15099 -23324.000000
15100 -23264.000000
15101 -23468.000000
15102 -23508.000000
15103 -23304.000000
15104 -22992.000000
15105 -23048.000000
15106 -23236.000000
15107 -23112.000000
15108 -22820.000000
15109 -23120.000000
15110 -23132.000000
15111 -23008.000000
15112 -23348.000000
15113 -23276.000000
15114 -23476.000000
15115 -23720.000000
15116 -23664.000000
15117 -23560.000000
15118 -23684.000000
15119 -23436.000000
15120 -23092.000000
15121 -23796.000000
15122 -23452.000000
15123 -23604.000000
15124 -23184.000000
15125 -23300.000000
15126 -23920.000000
15127 -23696.000000
15128 -23828.000000
15129 -23656.000000
15130 -23828.000000
15131 -23912.000000
15132 -23636.000000
15133 -23668.000000
15134 -23760.000000
15135 -23724.000000
15136 -23680.000000
15137 -23068.000000
15138 -23532.000000
15139 -23968.000000
15140 -23980.000000
15141 -23548.000000
15142 -23652.000000
15143 -23572.000000
15144 -23748.000000
15145 -23660.000000
15146 -23804.000000
15147 -23568.000000
15148 -23852.000000
15149 -23864.000000
15150 -24056.000000
15151 -23636.000000
15152 -23676.000000
15153 -22952.000000
15154 -23392.000000
15155 -23360.000000
15156 -22980.000000
15157 -23344.000000
15158 -23816.000000
15159 -23532.000000
15160 -23400.000000
15161 -23692.000000
15162 -23628.000000
15163 -23724.000000
15164 -23512.000000
15165 -23780.000000
15166 -23588.000000
15167 -23772.000000
15168 -23936.000000
15169 -23956.000000
15170 -24412.000000
15171 -24152.000000
15172 -23924.000000
15173 -23932.000000
15174 -23880.000000
15175 -23752.000000
15176 -23692.000000
15177 -23728.000000
15178 -24000.000000
15179 -23756.000000
15180 -24044.000000
15181 -23828.000000
15182 -24152.000000
15183 -23796.000000
15184 -23284.000000
15185 -24356.000000
15186 -24376.000000
15187 -24568.000000
15188 -24480.000000
15189 -24072.000000
15190 -23900.000000
15191 -23772.000000
15192 -23240.000000
15193 -23660.000000
15194 -23920.000000
15195 -23556.000000
15196 -23248.000000
15197 -23504.000000
15198 -23572.000000
15199 -23968.000000
15200 -23528.000000
15201 -23616.000000
15202 -23624.000000
15203 -23948.000000
15204 -23856.000000
15205 -23384.000000
15206 -23708.000000
15207 -24296.000000
15208 -24484.000000
15209 -24124.000000
15210 -24168.000000
15211 -23900.000000
15212 -23760.000000
15213 -23724.000000
15214 -24188.000000
15215 -24624.000000
15216 -24200.000000
15217 -24224.000000
15218 -24152.000000
15219 -23764.000000
15220 -23712.000000
15221 -23996.000000
15222 -24080.000000
15223 -23848.000000
15224 -23752.000000
15225 -23876.000000
15226 -24120.000000
15227 -24084.000000
15228 -24028.000000
15229 -24036.000000
15230 -23860.000000
15231 -23900.000000
15232 -23396.000000
15233 -23660.000000
15234 -23872.000000
15235 -24064.000000
15236 -23952.000000
15237 -24192.000000
15238 -24332.000000
15239 -24008.000000
15240 -24328.000000
15241 -24228.000000
15242 -23572.000000
15243 -23552.000000
15244 -23596.000000
15245 -23124.000000
15246 -23620.000000
15247 -23888.000000
15248 -24244.000000
15249 -23972.000000
15250 -23604.000000
15251 -23172.000000
15252 -23668.000000
15253 -24040.000000
15254 -24116.000000
15255 -23588.000000
15256 -23428.000000
15257 -23632.000000
15258 -23352.000000
15259 -23988.000000
15260 -23976.000000
15261 -23800.000000
15262 -23744.000000
15263 -23828.000000
15264 -23360.000000
15265 -23548.000000
15266 -23740.000000
15267 -23476.000000
15268 -23748.000000
15269 -23572.000000
15270 -23572.000000
15271 -23688.000000
15272 -23504.000000
15273 -23532.000000
15274 -23904.000000
15275 -23652.000000
15276 -23712.000000
15277 -23912.000000
15278 -24080.000000
15279 -23532.000000
15280 -23604.000000
15281 -23508.000000
15282 -23236.000000
15283 -23388.000000
15284 -23424.000000
15285 -23900.000000
15286 -23952.000000
15287 -23948.000000
15288 -23644.000000
15289 -23360.000000
15290 -23604.000000
15291 -23644.000000
15292 -23936.000000
15293 -23700.000000
15294 -23840.000000
15295 -23884.000000
15296 -24112.000000
15297 -23844.000000
15298 -23664.000000
15299 -23648.000000
15300 -23636.000000
15301 -23652.000000
15302 -23536.000000
15303 -23512.000000
15304 -23504.000000
15305 -23840.000000
15306 -23672.000000
15307 -24144.000000
15308 -23796.000000
15309 -24104.000000
15310 -24172.000000
15311 -24268.000000
15312 -24536.000000
15313 -23960.000000
15314 -24128.000000
15315 -24284.000000
15316 -24268.000000
15317 -24120.000000
15318 -23776.000000
15319 -24244.000000
15320 -24044.000000
15321 -24448.000000
15322 -24492.000000
15323 -24224.000000
15324 -24400.000000
15325 -24552.000000
15326 -24212.000000
15327 -24044.000000
15328 -23932.000000
15329 -23752.000000
15330 -23780.000000
15331 -23604.000000
15332 -23896.000000
15333 -24240.000000
15334 -23696.000000
15335 -23504.000000
15336 -24032.000000
15337 -23556.000000
15338 -23772.000000
15339 -24224.000000
15340 -23920.000000
15341 -23796.000000
15342 -23900.000000
15343 -23996.000000
15344 -23968.000000
15345 -24024.000000
15346 -23672.000000
15347 -24184.000000
15348 -23744.000000
15349 -23580.000000
15350 -24024.000000
15351 -23888.000000
15352 -24128.000000
15353 -24044.000000
15354 -24000.000000
15355 -23664.000000
15356 -23744.000000
15357 -23360.000000
15358 -23508.000000
15359 -23476.000000
15360 -23448.000000
15361 -23752.000000
15362 -24028.000000
15363 -23836.000000
15364 -23812.000000
15365 -23648.000000
15366 -23596.000000
15367 -23180.000000
15368 -23200.000000
15369 -23420.000000
15370 -23348.000000
15371 -23284.000000
15372 -23172.000000
15373 -23516.000000
15374 -23824.000000
15375 -23688.000000
15376 -23692.000000
15377 -23764.000000
15378 -23384.000000
15379 -23528.000000
15380 -23732.000000
15381 -24064.000000
15382 -23984.000000
15383 -23844.000000
15384 -23768.000000
15385 -23852.000000
15386 -23932.000000
15387 -24148.000000
15388 -24096.000000
15389 -24304.000000
15390 -23824.000000
15391 -24232.000000
15392 -24496.000000
15393 -24356.000000
15394 -24608.000000
15395 -24080.000000
15396 -23792.000000
15397 -24016.000000
15398 -23984.000000
15399 -23932.000000
15400 -24088.000000
15401 -24028.000000
15402 -23876.000000
15403 -23536.000000
15404 -23504.000000
15405 -23960.000000
15406 -24156.000000
15407 -23792.000000
15408 -24224.000000
15409 -24056.000000
15410 -24144.000000
15411 -24172.000000
15412 -24216.000000
15413 -24308.000000
15414 -24464.000000
15415 -24368.000000
15416 -24452.000000
15417 -24384.000000
15418 -24608.000000
15419 -23868.000000
15420 -24316.000000
15421 -24064.000000
15422 -24172.000000
15423 -24268.000000
15424 -23816.000000
15425 -23716.000000
15426 -24148.000000
15427 -23860.000000
15428 -24056.000000
15429 -23916.000000
15430 -23476.000000
15431 -23732.000000
15432 -23356.000000
15433 -24096.000000
15434 -23680.000000
15435 -23484.000000
15436 -24024.000000
15437 -23888.000000
15438 -23888.000000
15439 -23624.000000
15440 -24268.000000
15441 -23952.000000
15442 -24392.000000
15443 -24080.000000
15444 -24004.000000
15445 -24092.000000
15446 -23940.000000
15447 -23768.000000
15448 -23644.000000
15449 -23540.000000
15450 -23952.000000
15451 -23632.000000
15452 -23688.000000
15453 -24020.000000
15454 -24304.000000
15455 -24148.000000
15456 -24084.000000
15457 -23756.000000
15458 -23300.000000
15459 -23432.000000
15460 -23652.000000
15461 -23736.000000
15462 -23588.000000
15463 -23640.000000
15464 -23440.000000
15465 -23452.000000
15466 -23824.000000
15467 -24072.000000
15468 -23884.000000
15469 -23984.000000
15470 -24016.000000
15471 -23712.000000
15472 -23844.000000
15473 -24000.000000
15474 -24432.000000
15475 -24100.000000
15476 -23948.000000
15477 -23700.000000
15478 -23280.000000
15479 -23708.000000
15480 -24120.000000
15481 -24304.000000
15482 -24400.000000
15483 -24512.000000
15484 -24268.000000
15485 -24116.000000
15486 -24040.000000
15487 -24500.000000
15488 -24036.000000
15489 -23928.000000
15490 -24036.000000
15491 -23924.000000
15492 -24184.000000
15493 -23984.000000
15494 -24524.000000
15495 -24312.000000
15496 -24572.000000
15497 -24156.000000
15498 -24028.000000
15499 -24364.000000
15500 -24160.000000
15501 -24012.000000
15502 -23728.000000
15503 -23836.000000
15504 -24292.000000
15505 -24064.000000
15506 -23596.000000
15507 -23524.000000
15508 -23504.000000
15509 -23576.000000
15510 -23516.000000
15511 -23796.000000
15512 -23612.000000
15513 -23872.000000
15514 -23816.000000
15515 -23820.000000
15516 -23836.000000
15517 -23912.000000
15518 -23828.000000
15519 -23172.000000
15520 -22984.000000
15521 -23356.000000
15522 -23552.000000
15523 -23524.000000
15524 -23568.000000
15525 -23548.000000
15526 -23464.000000
15527 -23444.000000
15528 -23884.000000
15529 -24176.000000
15530 -23892.000000
15531 -23812.000000
15532 -23016.000000
15533 -23664.000000
15534 -23744.000000
15535 -23344.000000
15536 -23552.000000
15537 -23480.000000
15538 -23756.000000
15539 -24020.000000
15540 -24096.000000
15541 -23924.000000
15542 -23828.000000
15543 -23584.000000
15544 -23828.000000
15545 -23876.000000
15546 -23424.000000
15547 -23716.000000
15548 -23608.000000
15549 -23648.000000
15550 -23672.000000
15551 -23604.000000
15552 -23428.000000
15553 -23488.000000
15554 -23548.000000
15555 -24112.000000
15556 -23856.000000
15557 -23544.000000
15558 -23324.000000
15559 -23536.000000
15560 -23632.000000
15561 -23648.000000
15562 -24072.000000
15563 -23928.000000
15564 -23616.000000
15565 -23888.000000
15566 -24208.000000
15567 -23852.000000
15568 -23132.000000
15569 -23704.000000
15570 -24000.000000
15571 -23860.000000
15572 -24200.000000
15573 -24156.000000
15574 -24224.000000
15575 -24068.000000
15576 -24308.000000
15577 -24172.000000
15578 -24332.000000
15579 -24048.000000
15580 -24328.000000
15581 -24012.000000
15582 -23768.000000
15583 -23900.000000
15584 -24080.000000
15585 -23536.000000
15586 -23512.000000
15587 -23544.000000
15588 -23216.000000
15589 -23372.000000
15590 -23456.000000
15591 -23176.000000
15592 -23600.000000
15593 -23564.000000
15594 -23272.000000
15595 -23784.000000
15596 -24004.000000
15597 -23572.000000
15598 -23916.000000
15599 -23604.000000
15600 -24032.000000
15601 -24068.000000
15602 -24180.000000
15603 -23892.000000
15604 -23832.000000
15605 -23976.000000
15606 -23908.000000
15607 -23444.000000
15608 -23620.000000
15609 -24056.000000
15610 -23860.000000
15611 -24216.000000
15612 -24448.000000
15613 -23956.000000
15614 -23796.000000
15615 -23892.000000
15616 -24040.000000
15617 -24168.000000
15618 -23728.000000
15619 -23852.000000
15620 -24460.000000
15621 -24416.000000
15622 -24096.000000
15623 -23656.000000
15624 -23948.000000
15625 -23832.000000
15626 -24244.000000
15627 -24376.000000
15628 -24856.000000
15629 -24748.000000
15630 -24384.000000
15631 -24256.000000
15632 -24052.000000
15633 -23792.000000
15634 -23616.000000
15635 -23704.000000
15636 -23440.000000
15637 -23284.000000
15638 -23048.000000
15639 -23520.000000
15640 -23520.000000
15641 -23412.000000
15642 -23624.000000
15643 -23476.000000
15644 -23636.000000
15645 -23528.000000
15646 -23416.000000
15647 -23312.000000
15648 -23160.000000
15649 -23600.000000
15650 -23256.000000
15651 -23732.000000
15652 -23588.000000
15653 -24052.000000
15654 -23860.000000
15655 -24092.000000
15656 -24116.000000
15657 -24004.000000
15658 -23680.000000
15659 -23644.000000
15660 -23280.000000
15661 -23616.000000
15662 -23724.000000
15663 -23544.000000
15664 -23444.000000
15665 -23880.000000
15666 -24224.000000
15667 -24288.000000
15668 -23944.000000
15669 -24300.000000
15670 -24292.000000
15671 -24004.000000
15672 -24244.000000
15673 -24364.000000
15674 -24388.000000
15675 -24140.000000
15676 -24140.000000
15677 -23640.000000
15678 -23564.000000
15679 -23544.000000
15680 -23728.000000
15681 -23572.000000
15682 -23856.000000
15683 -23956.000000
15684 -24160.000000
15685 -23608.000000
15686 -23804.000000
15687 -23776.000000
15688 -24172.000000
15689 -24036.000000
15690 -24180.000000
15691 -23856.000000
15692 -23748.000000
15693 -23956.000000
15694 -23872.000000
15695 -24128.000000
15696 -24424.000000
15697 -24284.000000
15698 -24228.000000
15699 -24492.000000
15700 -24084.000000
15701 -24620.000000
15702 -24232.000000
15703 -24004.000000
15704 -23840.000000
15705 -23896.000000
15706 -23952.000000
15707 -23956.000000
15708 -23336.000000
15709 -24072.000000
15710 -24336.000000
15711 -23948.000000
15712 -23772.000000
15713 -23600.000000
15714 -23692.000000
15715 -23640.000000
15716 -24032.000000
15717 -24316.000000
15718 -24012.000000
15719 -23740.000000
15720 -23468.000000
15721 -23636.000000
15722 -24048.000000
15723 -23784.000000
15724 -23780.000000
15725 -23828.000000
15726 -23520.000000
15727 -23976.000000
15728 -23868.000000
15729 -23836.000000
15730 -23280.000000
15731 -23388.000000
15732 -23356.000000
15733 -23664.000000
15734 -23520.000000
15735 -23384.000000
15736 -23752.000000
15737 -24216.000000
15738 -24288.000000
15739 -23956.000000
15740 -23560.000000
15741 -23672.000000
15742 -23484.000000
15743 -23676.000000
15744 -24032.000000
15745 -24256.000000
15746 -24248.000000
15747 -24200.000000
15748 -24608.000000
15749 -24100.000000
15750 -23728.000000
15751 -23784.000000
15752 -23648.000000
15753 -23604.000000
15754 -23976.000000
15755 -23432.000000
15756 -23760.000000
15757 -23568.000000
15758 -23604.000000
15759 -23468.000000
15760 -23840.000000
15761 -23564.000000
15762 -23816.000000
15763 -23916.000000
15764 -23568.000000
15765 -23916.000000
15766 -23736.000000
15767 -23876.000000
15768 -23888.000000
15769 -24416.000000
15770 -24312.000000
15771 -23804.000000
15772 -24072.000000
15773 -23700.000000
15774 -23736.000000
15775 -23812.000000
15776 -23944.000000
15777 -23792.000000
15778 -23896.000000
15779 -24240.000000
15780 -23872.000000
15781 -23712.000000
15782 -24048.000000
15783 -23928.000000
15784 -23664.000000
15785 -24324.000000
15786 -23760.000000
15787 -23596.000000
15788 -23908.000000
15789 -23860.000000
15790 -23452.000000
15791 -23900.000000
15792 -24024.000000
15793 -23892.000000
15794 -24364.000000
15795 -24596.000000
15796 -24260.000000
15797 -24232.000000
15798 -23896.000000
15799 -23712.000000
15800 -24072.000000
15801 -24188.000000
15802 -24192.000000
15803 -24076.000000
15804 -24400.000000
15805 -24316.000000
15806 -24508.000000
15807 -24452.000000
15808 -24944.000000
15809 -24652.000000
15810 -24372.000000
15811 -24552.000000
15812 -24512.000000
15813 -24464.000000
15814 -24336.000000
15815 -24408.000000
15816 -23852.000000
15817 -23920.000000
15818 -23916.000000
15819 -23560.000000
15820 -23388.000000
15821 -23796.000000
15822 -23284.000000
15823 -23424.000000
15824 -23492.000000
15825 -23700.000000
15826 -23552.000000
15827 -23980.000000
15828 -23976.000000
15829 -23856.000000
15830 -23904.000000
15831 -23792.000000
15832 -24068.000000
15833 -24108.000000
15834 -24072.000000
15835 -24124.000000
15836 -23936.000000
15837 -23916.000000
15838 -24184.000000
15839 -23536.000000
15840 -23684.000000
15841 -23636.000000
15842 -23820.000000
15843 -23656.000000
15844 -23964.000000
15845 -23788.000000
15846 -23700.000000
15847 -23472.000000
15848 -23820.000000
15849 -23676.000000
15850 -23752.000000
15851 -23608.000000
15852 -23908.000000
15853 -23580.000000
15854 -23736.000000
15855 -23512.000000
15856 -23448.000000
15857 -23528.000000
15858 -23472.000000
15859 -23612.000000
15860 -23296.000000
15861 -23164.000000
15862 -23300.000000
15863 -23384.000000
15864 -23660.000000
15865 -23668.000000
15866 -23212.000000
15867 -23832.000000
15868 -23520.000000
15869 -23324.000000
15870 -23176.000000
15871 -22956.000000
15872 -23092.000000
15873 -23032.000000
15874 -23148.000000
15875 -23524.000000
15876 -23520.000000
15877 -23496.000000
15878 -23380.000000
15879 -23776.000000
15880 -23576.000000
15881 -23776.000000
15882 -23676.000000
15883 -24012.000000
15884 -23676.000000
15885 -23788.000000
15886 -23876.000000
15887 -23460.000000
15888 -23732.000000
15889 -24076.000000
15890 -24216.000000
15891 -23964.000000
15892 -24164.000000
15893 -24236.000000
15894 -23812.000000
15895 -23944.000000
15896 -24320.000000
15897 -24140.000000
15898 -24008.000000
15899 -24340.000000
15900 -24600.000000
15901 -24344.000000
15902 -24500.000000
15903 -23736.000000
15904 -23688.000000
15905 -23508.000000
15906 -23548.000000
15907 -23596.000000
15908 -23964.000000
15909 -23924.000000
15910 -24200.000000
15911 -24268.000000
15912 -23816.000000
15913 -23880.000000
15914 -24044.000000
15915 -23736.000000
15916 -23924.000000
15917 -23884.000000
15918 -23472.000000
15919 -23904.000000
15920 -23308.000000
15921 -23196.000000
15922 -23056.000000
15923 -23492.000000
15924 -23260.000000
15925 -23616.000000
15926 -23352.000000
15927 -23924.000000
15928 -23848.000000
15929 -23980.000000
15930 -23540.000000
15931 -23684.000000
15932 -23588.000000
15933 -23728.000000
15934 -23464.000000
15935 -23996.000000
15936 -23568.000000
15937 -23620.000000
15938 -23644.000000
15939 -24008.000000
15940 -23732.000000
15941 -23416.000000
15942 -23336.000000
15943 -23828.000000
15944 -23692.000000
15945 -23952.000000
15946 -24220.000000
15947 -24152.000000
15948 -23768.000000
15949 -23540.000000
15950 -23932.000000
15951 -24108.000000
15952 -23928.000000
15953 -23900.000000
15954 -23484.000000
15955 -23860.000000
15956 -24084.000000
15957 -23612.000000
15958 -23468.000000
15959 -23476.000000
15960 -23424.000000
15961 -23104.000000
15962 -23084.000000
15963 -23188.000000
15964 -22888.000000
15965 -23412.000000
15966 -23220.000000
15967 -23204.000000
15968 -23112.000000
15969 -23064.000000
15970 -23416.000000
15971 -23460.000000
15972 -23744.000000
15973 -23356.000000
15974 -23316.000000
15975 -23596.000000
15976 -23192.000000
15977 -23892.000000
15978 -23560.000000
15979 -23780.000000
15980 -23948.000000
15981 -24316.000000
15982 -24260.000000
15983 -23884.000000
15984 -24072.000000
15985 -23700.000000
15986 -23964.000000
15987 -23944.000000
15988 -24224.000000
15989 -23736.000000
15990 -23700.000000
15991 -24120.000000
15992 -24032.000000
15993 -24056.000000
15994 -24112.000000
15995 -24084.000000
15996 -24088.000000
15997 -23684.000000
15998 -23956.000000
15999 -23876.000000
16000 -24072.000000
16001 -23888.000000
16002 -24108.000000
16003 -23736.000000
16004 -23696.000000
16005 -23368.000000
16006 -23120.000000
16007 -23096.000000
16008 -23228.000000
16009 -23144.000000
16010 -22996.000000
16011 -22984.000000
16012 -23332.000000
16013 -23272.000000
16014 -23380.000000
16015 -23340.000000
16016 -23180.000000
16017 -23368.000000
16018 -23792.000000
16019 -23648.000000
16020 -23924.000000
16021 -23456.000000
16022 -23664.000000
16023 -23568.000000
16024 -23924.000000
16025 -24116.000000
16026 -23916.000000
16027 -23296.000000
16028 -23372.000000
16029 -23600.000000
16030 -23720.000000
16031 -23356.000000
16032 -23872.000000
16033 -23108.000000
16034 -23080.000000
16035 -23316.000000
16036 -23404.000000
16037 -23144.000000
16038 -23400.000000
16039 -23432.000000
16040 -23388.000000
16041 -23768.000000
16042 -23692.000000
16043 -23900.000000
16044 -24040.000000
16045 -23912.000000
16046 -23384.000000
16047 -23304.000000
16048 -23408.000000
16049 -23544.000000
16050 -23948.000000
16051 -24228.000000
16052 -24176.000000
16053 -23948.000000
16054 -23880.000000
16055 -24240.000000
16056 -24284.000000
16057 -24068.000000
16058 -24420.000000
16059 -24040.000000
16060 -23960.000000
16061 -23704.000000
16062 -24496.000000
16063 -24488.000000
16064 -24404.000000
16065 -24096.000000
16066 -24088.000000
16067 -24104.000000
16068 -23956.000000
16069 -24068.000000
16070 -23784.000000
16071 -24116.000000
16072 -24520.000000
16073 -24044.000000
16074 -23944.000000
16075 -24112.000000
16076 -24284.000000
16077 -24208.000000
16078 -24316.000000
16079 -24372.000000
16080 -24196.000000
16081 -23932.000000
16082 -24048.000000
16083 -24304.000000
16084 -24500.000000
16085 -24684.000000
16086 -24176.000000
16087 -24088.000000
16088 -24080.000000
16089 -24076.000000
16090 -24256.000000
16091 -24224.000000
16092 -23712.000000
16093 -23492.000000
16094 -23720.000000
16095 -23876.000000
16096 -23904.000000
16097 -23648.000000
16098 -23924.000000
16099 -24208.000000
16100 -24024.000000
16101 -23976.000000
16102 -23640.000000
16103 -24140.000000
16104 -23952.000000
16105 -23924.000000
16106 -23820.000000
16107 -23880.000000
16108 -23844.000000
16109 -24176.000000
16110 -24292.000000
16111 -24268.000000
16112 -24152.000000
16113 -24508.000000
16114 -23976.000000
16115 -23812.000000
16116 -23624.000000
16117 -23780.000000
16118 -23936.000000
16119 -23828.000000
16120 -23912.000000
16121 -23964.000000
16122 -24348.000000
16123 -24524.000000
16124 -24384.000000
16125 -23880.000000
16126 -23348.000000
16127 -23436.000000
16128 -23320.000000
16129 -24164.000000
16130 -24088.000000
16131 -24252.000000
16132 -23896.000000
16133 -24000.000000
16134 -24016.000000
16135 -23444.000000
16136 -23944.000000
16137 -23732.000000
16138 -24044.000000
16139 -24180.000000
16140 -24280.000000
16141 -24056.000000
16142 -23860.000000
16143 -23732.000000
16144 -23844.000000
16145 -23684.000000
16146 -23744.000000
16147 -23836.000000
16148 -23220.000000
16149 -23672.000000
16150 -23564.000000
16151 -23520.000000
16152 -23316.000000
16153 -23228.000000
16154 -23264.000000
16155 -23512.000000
16156 -23456.000000
16157 -23520.000000
16158 -23528.000000
16159 -23524.000000
16160 -23660.000000
16161 -23320.000000
16162 -23312.000000
16163 -23224.000000
16164 -23680.000000
16165 -24100.000000
16166 -24144.000000
16167 -24136.000000
16168 -24332.000000
16169 -24420.000000
16170 -24396.000000
16171 -24236.000000
16172 -24220.000000
16173 -24316.000000
16174 -24320.000000
16175 -24304.000000
16176 -23808.000000
16177 -24128.000000
16178 -23956.000000
16179 -23640.000000
16180 -23828.000000
16181 -23936.000000
16182 -23808.000000
16183 -23964.000000
16184 -23956.000000
16185 -23972.000000
16186 -23712.000000
16187 -23700.000000
16188 -23444.000000
16189 -23180.000000
16190 -23544.000000
16191 -23900.000000
16192 -23612.000000
16193 -23652.000000
16194 -23520.000000
16195 -23748.000000
16196 -23568.000000
16197 -23604.000000
16198 -23228.000000
16199 -23080.000000
16200 -23580.000000
16201 -23952.000000
16202 -23616.000000
16203 -23700.000000
16204 -23784.000000
16205 -24048.000000
16206 -23752.000000
16207 -23964.000000
16208 -23776.000000
16209 -23624.000000
16210 -23496.000000
16211 -23284.000000
16212 -24148.000000
16213 -24032.000000
16214 -23868.000000
16215 -24164.000000
16216 -24060.000000
16217 -24116.000000
16218 -23760.000000
16219 -23928.000000
16220 -23744.000000
16221 -24036.000000
16222 -23700.000000
16223 -23976.000000
16224 -24108.000000
16225 -23644.000000
16226 -23548.000000
16227 -23556.000000
16228 -22956.000000
16229 -23392.000000
16230 -23260.000000
16231 -23584.000000
16232 -23816.000000
16233 -23476.000000
16234 -23376.000000
16235 -23168.000000
16236 -23436.000000
16237 -23496.000000
16238 -24016.000000
16239 -24124.000000
16240 -24104.000000
16241 -24376.000000
16242 -24392.000000
16243 -24388.000000
16244 -24056.000000
16245 -24036.000000
16246 -24168.000000
16247 -24120.000000
16248 -23864.000000
16249 -24344.000000
16250 -24212.000000
16251 -24192.000000
16252 -24376.000000
16253 -24440.000000
16254 -24012.000000
16255 -23760.000000
16256 -24260.000000
16257 -24108.000000
16258 -24028.000000
16259 -24080.000000
16260 -24816.000000
16261 -24484.000000
16262 -24528.000000
16263 -24456.000000
16264 -24148.000000
16265 -24108.000000
16266 -24980.000000
16267 -24580.000000
16268 -24896.000000
16269 -24416.000000
16270 -24392.000000
16271 -24340.000000
16272 -24308.000000
16273 -24076.000000
16274 -23928.000000
16275 -23916.000000
16276 -24104.000000
16277 -24488.000000
16278 -24640.000000
16279 -24360.000000
16280 -23960.000000
16281 -23780.000000
16282 -23816.000000
16283 -24380.000000
16284 -24540.000000
16285 -24216.000000
16286 -24748.000000
16287 -24596.000000
16288 -24576.000000
16289 -24320.000000
16290 -24144.000000
16291 -24572.000000
16292 -24012.000000
16293 -23748.000000
16294 -23852.000000
16295 -23828.000000
16296 -23796.000000
16297 -23380.000000
16298 -23472.000000
16299 -23212.000000
16300 -23428.000000
16301 -23908.000000
16302 -23460.000000
16303 -23584.000000
16304 -23852.000000
16305 -23524.000000
16306 -23556.000000
16307 -23716.000000
16308 -23524.000000
16309 -23616.000000
16310 -24056.000000
16311 -23768.000000
16312 -23584.000000
16313 -23752.000000
16314 -24016.000000
16315 -23924.000000
16316 -23604.000000
16317 -24144.000000
16318 -23704.000000
16319 -23960.000000
16320 -23684.000000
16321 -23568.000000
16322 -23504.000000
16323 -23272.000000
16324 -23468.000000
16325 -23680.000000
16326 -23040.000000
16327 -23428.000000
16328 -23760.000000
16329 -23752.000000
16330 -24128.000000
16331 -23840.000000
16332 -23532.000000
16333 -23924.000000
16334 -23956.000000
16335 -23832.000000
16336 -24020.000000
16337 -23860.000000
16338 -24584.000000
16339 -24172.000000
16340 -24308.000000
16341 -24156.000000
16342 -23916.000000
16343 -23716.000000
16344 -23944.000000
16345 -23868.000000
16346 -23820.000000
16347 -23652.000000
16348 -23760.000000
16349 -23776.000000
16350 -23880.000000
16351 -24040.000000
16352 -23808.000000
16353 -23424.000000
16354 -24124.000000
16355 -23860.000000
16356 -23740.000000
16357 -23808.000000
16358 -24240.000000
16359 -24148.000000
16360 -24268.000000
16361 -24776.000000
16362 -23928.000000
16363 -24104.000000
16364 -24076.000000
16365 -23756.000000
16366 -23928.000000
16367 -23804.000000
16368 -23604.000000
16369 -23344.000000
16370 -23476.000000
16371 -23116.000000
16372 -23152.000000
16373 -23252.000000
16374 -23540.000000
16375 -23392.000000
16376 -23524.000000
16377 -23116.000000
16378 -22892.000000
16379 -23216.000000
16380 -23356.000000
16381 -23320.000000
16382 -23420.000000
16383 -23268.000000
16384 -23552.000000
16385 -23300.000000
16386 -23636.000000
16387 -23920.000000
16388 -23888.000000
16389 -23736.000000
16390 -23672.000000
16391 -23364.000000
16392 -23128.000000
16393 -22792.000000
16394 -22756.000000
16395 -22880.000000
16396 -22708.000000
16397 -22992.000000
16398 -23164.000000
16399 -23176.000000
16400 -23572.000000
16401 -23840.000000
16402 -23896.000000
16403 -23672.000000
16404 -23824.000000
16405 -23360.000000
16406 -23400.000000
16407 -23628.000000
16408 -23388.000000
16409 -23796.000000
16410 -23256.000000
16411 -23008.000000
16412 -23244.000000
16413 -23588.000000
16414 -23096.000000
16415 -23288.000000
16416 -23500.000000
16417 -23620.000000
16418 -23724.000000
16419 -23852.000000
16420 -23616.000000
16421 -24080.000000
16422 -23820.000000
16423 -23776.000000
16424 -23564.000000
16425 -23448.000000
16426 -23416.000000
16427 -23484.000000
16428 -23272.000000
16429 -23424.000000
16430 -23460.000000
16431 -23660.000000
16432 -24036.000000
16433 -23612.000000
16434 -23664.000000
16435 -23704.000000
16436 -23220.000000
16437 -23456.000000
16438 -23344.000000
16439 -23376.000000
16440 -23620.000000
16441 -23528.000000
16442 -23620.000000
16443 -23456.000000
16444 -23336.000000
16445 -23536.000000
16446 -23720.000000
16447 -23948.000000
16448 -23536.000000
16449 -23108.000000
16450 -23116.000000
16451 -23180.000000
16452 -23116.000000
16453 -23264.000000
16454 -23136.000000
16455 -23276.000000
16456 -23820.000000
16457 -24008.000000
16458 -23688.000000
16459 -23748.000000
16460 -23536.000000
16461 -23728.000000
16462 -23836.000000
16463 -23328.000000
16464 -23704.000000
16465 -23684.000000
16466 -23292.000000
16467 -23596.000000
16468 -23900.000000
16469 -23316.000000
16470 -23548.000000
16471 -23776.000000
16472 -23900.000000
16473 -23740.000000
16474 -24044.000000
16475 -23900.000000
16476 -23488.000000
16477 -23320.000000
16478 -23356.000000
16479 -23604.000000
16480 -23288.000000
16481 -22832.000000
16482 -23156.000000
16483 -23344.000000
16484 -23392.000000
16485 -23544.000000
16486 -23220.000000
16487 -23408.000000
16488 -23828.000000
16489 -23380.000000
16490 -23648.000000
16491 -23416.000000
16492 -22956.000000
16493 -23448.000000
16494 -23556.000000
16495 -23504.000000
16496 -23356.000000
16497 -23140.000000
16498 -23792.000000
16499 -23848.000000
16500 -24080.000000
16501 -23712.000000
16502 -23772.000000
16503 -23328.000000
16504 -23460.000000
16505 -23296.000000
16506 -23404.000000
16507 -23716.000000
16508 -23620.000000
16509 -23776.000000
16510 -23660.000000
16511 -23232.000000
16512 -23260.000000
16513 -22988.000000
16514 -23204.000000
16515 -23300.000000
16516 -23576.000000
16517 -23624.000000
16518 -23172.000000
16519 -23144.000000
16520 -23008.000000
16521 -23140.000000
16522 -22968.000000
16523 -22872.000000
16524 -23088.000000
16525 -23200.000000
16526 -23112.000000
16527 -23236.000000
16528 -23440.000000
16529 -23532.000000
16530 -23532.000000
16531 -23612.000000
16532 -23912.000000
16533 -23416.000000
16534 -24040.000000
16535 -24280.000000
16536 -23784.000000
16537 -23428.000000
16538 -23608.000000
16539 -23600.000000
16540 -23548.000000
16541 -23732.000000
16542 -23284.000000
16543 -23100.000000
16544 -23284.000000
16545 -22972.000000
16546 -23104.000000
16547 -23236.000000
16548 -23012.000000
16549 -23436.000000
16550 -23436.000000
16551 -23464.000000
16552 -23480.000000
16553 -23600.000000
16554 -23704.000000
16555 -23620.000000
16556 -23840.000000
16557 -23572.000000
16558 -23760.000000
16559 -23112.000000
16560 -23164.000000
16561 -23796.000000
16562 -24352.000000
16563 -24152.000000
16564 -24080.000000
16565 -24336.000000
16566 -23908.000000
16567 -23800.000000
16568 -23592.000000
16569 -23728.000000
16570 -23608.000000
16571 -23524.000000
16572 -23620.000000
16573 -24036.000000
16574 -23672.000000
16575 -23916.000000
16576 -23452.000000
16577 -23352.000000
16578 -23772.000000
16579 -23608.000000
16580 -24076.000000
16581 -24008.000000
16582 -23820.000000
16583 -23532.000000
16584 -23964.000000
16585 -23760.000000
16586 -23780.000000
16587 -23784.000000
16588 -24048.000000
16589 -23664.000000
16590 -23440.000000
16591 -23644.000000
16592 -24008.000000
16593 -23988.000000
16594 -23956.000000
16595 -24412.000000
16596 -24052.000000
16597 -24184.000000
16598 -23912.000000
16599 -24032.000000
16600 -24080.000000
16601 -23584.000000
16602 -23796.000000
16603 -23700.000000
16604 -23356.000000
16605 -23456.000000
16606 -23496.000000
16607 -23564.000000
16608 -23328.000000
16609 -23572.000000
16610 -23804.000000
16611 -23580.000000
16612 -23800.000000
16613 -23668.000000
16614 -23124.000000
16615 -23292.000000
16616 -23560.000000
16617 -23748.000000
16618 -23528.000000
16619 -23860.000000
16620 -23324.000000
16621 -23676.000000
16622 -23248.000000
16623 -23604.000000
16624 -23328.000000
16625 -23844.000000
16626 -24044.000000
16627 -24284.000000
16628 -23748.000000
16629 -23812.000000
16630 -23920.000000
16631 -23812.000000
16632 -23964.000000
16633 -23936.000000
16634 -23772.000000
16635 -24196.000000
16636 -24040.000000
16637 -23980.000000
16638 -23840.000000
16639 -23576.000000
16640 -23484.000000
16641 -23416.000000
16642 -23652.000000
16643 -23816.000000
16644 -23832.000000
16645 -23960.000000
16646 -23988.000000
16647 -24152.000000
16648 -24440.000000
16649 -24552.000000
16650 -24132.000000
16651 -24012.000000
16652 -23984.000000
16653 -24148.000000
16654 -23448.000000
16655 -24068.000000
16656 -24092.000000
16657 -23952.000000
16658 -24032.000000
16659 -24188.000000
16660 -24036.000000
16661 -23940.000000
16662 -23424.000000
16663 -23880.000000
16664 -23840.000000
16665 -23516.000000
16666 -23640.000000
16667 -23888.000000
16668 -24192.000000
16669 -23784.000000
16670 -23844.000000
16671 -24000.000000
16672 -24024.000000
16673 -24368.000000
16674 -24488.000000
16675 -24156.000000
16676 -23656.000000
16677 -23572.000000
16678 -23380.000000
16679 -23768.000000
16680 -23888.000000
16681 -23992.000000
16682 -24176.000000
16683 -24088.000000
16684 -23972.000000
16685 -23964.000000
16686 -24404.000000
16687 -24136.000000
16688 -24128.000000
16689 -23612.000000
16690 -23748.000000
16691 -23960.000000
16692 -24348.000000
16693 -23840.000000
16694 -23872.000000
16695 -23616.000000
16696 -23912.000000
16697 -24036.000000
16698 -23912.000000
16699 -23832.000000
16700 -23884.000000
16701 -24000.000000
16702 -23820.000000
16703 -23652.000000
16704 -23744.000000
16705 -23408.000000
16706 -23620.000000
16707 -23832.000000
16708 -23700.000000
16709 -23692.000000
16710 -23892.000000
16711 -24204.000000
16712 -24164.000000
16713 -24412.000000
16714 -24256.000000
16715 -24704.000000
16716 -24520.000000
16717 -24452.000000
16718 -24248.000000
16719 -23924.000000
16720 -23872.000000
16721 -24148.000000
16722 -24148.000000
16723 -23684.000000
16724 -24040.000000
16725 -23600.000000
16726 -24276.000000
16727 -24052.000000
16728 -23564.000000
16729 -23336.000000
16730 -23632.000000
16731 -23712.000000
16732 -24144.000000
16733 -23552.000000
16734 -23620.000000
16735 -23744.000000
16736 -23888.000000
16737 -24100.000000
16738 -24128.000000
16739 -23844.000000
16740 -23184.000000
16741 -23496.000000
16742 -23836.000000
16743 -24144.000000
16744 -23560.000000
16745 -23524.000000
16746 -23720.000000
16747 -23908.000000
16748 -24008.000000
16749 -23904.000000
16750 -24000.000000
16751 -24208.000000
16752 -24124.000000
16753 -24332.000000
16754 -24096.000000
16755 -23732.000000
16756 -23312.000000
16757 -23688.000000
16758 -23060.000000
16759 -23372.000000
16760 -23648.000000
16761 -23608.000000
16762 -23980.000000
16763 -23728.000000
16764 -24116.000000
16765 -24168.000000
16766 -24088.000000
16767 -24244.000000
16768 -24544.000000
16769 -23616.000000
16770 -23756.000000
16771 -23624.000000
16772 -23728.000000
16773 -23496.000000
16774 -23004.000000
16775 -22936.000000
16776 -22880.000000
16777 -23096.000000
16778 -22824.000000
16779 -22788.000000
16780 -22812.000000
16781 -23372.000000
16782 -23456.000000
16783 -23388.000000
16784 -23516.000000
16785 -23744.000000
16786 -23852.000000
16787 -23760.000000
16788 -23392.000000
16789 -23324.000000
16790 -23188.000000
16791 -23836.000000
16792 -23748.000000
16793 -23648.000000
16794 -23656.000000
16795 -23600.000000
16796 -23444.000000
16797 -23668.000000
16798 -24128.000000
16799 -23844.000000
16800 -23988.000000
16801 -23944.000000
16802 -23992.000000
16803 -23992.000000
16804 -23732.000000
16805 -23724.000000
16806 -23696.000000
16807 -23768.000000
16808 -23728.000000
16809 -23864.000000
16810 -24000.000000
16811 -23956.000000
16812 -23988.000000
16813 -23984.000000
16814 -23956.000000
16815 -23780.000000
16816 -23532.000000
16817 -23624.000000
16818 -23744.000000
16819 -23496.000000
16820 -23924.000000
16821 -23368.000000
16822 -23660.000000
16823 -23348.000000
16824 -23568.000000
16825 -23528.000000
16826 -23388.000000
16827 -23448.000000
16828 -23520.000000
16829 -23080.000000
16830 -23320.000000
16831 -23844.000000
16832 -23860.000000
16833 -23648.000000
16834 -23924.000000
16835 -23560.000000
16836 -23264.000000
16837 -23600.000000
16838 -24040.000000
16839 -23928.000000
16840 -24152.000000
16841 -24296.000000
16842 -24356.000000
16843 -24260.000000
16844 -24248.000000
16845 -23928.000000
16846 -24368.000000
16847 -24148.000000
16848 -24056.000000
16849 -24008.000000
16850 -23756.000000
16851 -24260.000000
16852 -23952.000000
16853 -23928.000000
16854 -23844.000000
16855 -23892.000000
16856 -24288.000000
16857 -23472.000000
16858 -23852.000000
16859 -24028.000000
16860 -24084.000000
16861 -23900.000000
16862 -23964.000000
16863 -24024.000000
16864 -23936.000000
16865 -23912.000000
16866 -23676.000000
16867 -23752.000000
16868 -23700.000000
16869 -23804.000000
16870 -24260.000000
16871 -24548.000000
16872 -24196.000000
16873 -23916.000000
16874 -24296.000000
16875 -24736.000000
16876 -24764.000000
16877 -24512.000000
16878 -24524.000000
16879 -24552.000000
16880 -24428.000000
16881 -24076.000000
16882 -24036.000000
16883 -23896.000000
16884 -23980.000000
16885 -24436.000000
16886 -24048.000000
16887 -24104.000000
16888 -24024.000000
16889 -23920.000000
16890 -23888.000000
16891 -23276.000000
16892 -23736.000000
16893 -23720.000000
16894 -24136.000000
16895 -24228.000000
16896 -23756.000000
16897 -23612.000000
16898 -23908.000000
16899 -24020.000000
16900 -23652.000000
16901 -23804.000000
16902 -23456.000000
16903 -23380.000000
16904 -23608.000000
16905 -23748.000000
16906 -23464.000000
16907 -23484.000000
16908 -23344.000000
16909 -23700.000000
16910 -24172.000000
16911 -23796.000000
16912 -24092.000000
16913 -24236.000000
16914 -23840.000000
16915 -23396.000000
16916 -23696.000000
16917 -23872.000000
16918 -23816.000000
16919 -23636.000000
16920 -23872.000000
16921 -23892.000000
16922 -24408.000000
16923 -24276.000000
16924 -24004.000000
16925 -23948.000000
16926 -23916.000000
16927 -23588.000000
16928 -23988.000000
16929 -24076.000000
16930 -24092.000000
16931 -23728.000000
16932 -23852.000000
16933 -23780.000000
16934 -23512.000000
16935 -23560.000000
16936 -23620.000000
16937 -23816.000000
16938 -23748.000000
16939 -23600.000000
16940 -23552.000000
16941 -23468.000000
16942 -23332.000000
16943 -23720.000000
16944 -23896.000000
16945 -24140.000000
16946 -24100.000000
16947 -24300.000000
16948 -24076.000000
16949 -24228.000000
16950 -24348.000000
16951 -23780.000000
16952 -23980.000000
16953 -23968.000000
16954 -23852.000000
16955 -23580.000000
16956 -23828.000000
16957 -24004.000000
16958 -23984.000000
16959 -23752.000000
16960 -23992.000000
16961 -23600.000000
16962 -23360.000000
16963 -23808.000000
16964 -23744.000000
16965 -23908.000000
16966 -23992.000000
16967 -23772.000000
16968 -24016.000000
16969 -24024.000000
16970 -23924.000000
16971 -24312.000000
16972 -24184.000000
16973 -23840.000000
16974 -23812.000000
16975 -23604.000000
16976 -23432.000000
16977 -23608.000000
16978 -23932.000000
16979 -23904.000000
16980 -23464.000000
16981 -23916.000000
16982 -24076.000000
16983 -23788.000000
16984 -23856.000000
16985 -23828.000000
16986 -23580.000000
16987 -23656.000000
16988 -23716.000000
16989 -23572.000000
16990 -23436.000000
16991 -23420.000000
16992 -23624.000000
16993 -23908.000000
16994 -23592.000000
16995 -23836.000000
16996 -23804.000000
16997 -23836.000000
16998 -23856.000000
16999 -24032.000000
17000 -23988.000000
17001 -23816.000000
17002 -23624.000000
17003 -24052.000000
17004 -23860.000000
17005 -23644.000000
17006 -23936.000000
17007 -24072.000000
17008 -23868.000000
17009 -23908.000000
17010 -23604.000000
17011 -23796.000000
17012 -23928.000000
17013 -24116.000000
17014 -24116.000000
17015 -24136.000000
17016 -24120.000000
17017 -24036.000000
17018 -23888.000000
17019 -24096.000000
17020 -24076.000000
17021 -23972.000000
17022 -23828.000000
17023 -24184.000000
17024 -24016.000000
17025 -23916.000000
17026 -23884.000000
17027 -24056.000000
17028 -24112.000000
17029 -24256.000000
17030 -24132.000000
17031 -23976.000000
17032 -23928.000000
17033 -23936.000000
17034 -23644.000000
17035 -24060.000000
17036 -24220.000000
17037 -24128.000000
17038 -23724.000000
17039 -24036.000000
17040 -24128.000000
17041 -24100.000000
17042 -23760.000000
17043 -24000.000000
17044 -24068.000000
17045 -23936.000000
17046 -23632.000000
17047 -24060.000000
17048 -23640.000000
17049 -24156.000000
17050 -23852.000000
17051 -23844.000000
17052 -23800.000000
17053 -23888.000000
17054 -23724.000000
17055 -23772.000000
17056 -23800.000000
17057 -23848.000000
17058 -23412.000000
17059 -23516.000000
17060 -23772.000000
17061 -23468.000000
17062 -23236.000000
17063 -23452.000000
17064 -23236.000000
17065 -23520.000000
17066 -23456.000000
17067 -23392.000000
17068 -23768.000000
17069 -23260.000000
17070 -23108.000000
17071 -23604.000000
17072 -23552.000000
17073 -23700.000000
17074 -23520.000000
17075 -23420.000000
17076 -23348.000000
17077 -23856.000000
17078 -23848.000000
17079 -23780.000000
17080 -23604.000000
17081 -23496.000000
17082 -23444.000000
17083 -23568.000000
17084 -23416.000000
17085 -23516.000000
17086 -23520.000000
17087 -23412.000000
17088 -23456.000000
17089 -23576.000000
17090 -23128.000000
17091 -23524.000000
17092 -24036.000000
17093 -23776.000000
17094 -23884.000000
17095 -24024.000000
17096 -24336.000000
17097 -24268.000000
17098 -23584.000000
17099 -23328.000000
17100 -23252.000000
17101 -23496.000000
17102 -23680.000000
17103 -23984.000000
17104 -24032.000000
17105 -23864.000000
17106 -24256.000000
17107 -23852.000000
17108 -23648.000000
17109 -23724.000000
17110 -23880.000000
17111 -23700.000000
17112 -23796.000000
17113 -23712.000000
17114 -23632.000000
17115 -23520.000000
17116 -23812.000000
17117 -24280.000000
17118 -24208.000000
17119 -23432.000000
17120 -24144.000000
17121 -23884.000000
17122 -23856.000000
17123 -23808.000000
17124 -23676.000000
17125 -24036.000000
17126 -24120.000000
17127 -24100.000000
17128 -23344.000000
17129 -23816.000000
17130 -23764.000000
17131 -23432.000000
17132 -23828.000000
17133 -23868.000000
17134 -23748.000000
17135 -24020.000000
17136 -23716.000000
17137 -23884.000000
17138 -23588.000000
17139 -23696.000000
17140 -24144.000000
17141 -24060.000000
17142 -23868.000000
17143 -23764.000000
17144 -23592.000000
17145 -23576.000000
17146 -23392.000000
17147 -23644.000000
17148 -23496.000000
17149 -23572.000000
17150 -24000.000000
17151 -24140.000000
17152 -24332.000000
17153 -24484.000000
17154 -24348.000000
17155 -24440.000000
17156 -24332.000000
17157 -24044.000000
17158 -24560.000000
17159 -24632.000000
17160 -24888.000000
17161 -24540.000000
17162 -24472.000000
17163 -24572.000000
17164 -24584.000000
17165 -24384.000000
17166 -24468.000000
17167 -24152.000000
17168 -24672.000000
17169 -24756.000000
17170 -24520.000000
17171 -24348.000000
17172 -24240.000000
17173 -24260.000000
17174 -24232.000000
17175 -24272.000000
17176 -24012.000000
17177 -23840.000000
17178 -24204.000000
17179 -24356.000000
17180 -24448.000000
17181 -23980.000000
17182 -23748.000000
17183 -23828.000000
17184 -24024.000000
17185 -23932.000000
17186 -23812.000000
17187 -24116.000000
17188 -24196.000000
17189 -24584.000000
17190 -24352.000000
17191 -24528.000000
17192 -24296.000000
17193 -24144.000000
17194 -23660.000000
17195 -24060.000000
17196 -23800.000000
17197 -23876.000000
17198 -23700.000000
17199 -23440.000000
17200 -23624.000000
17201 -23232.000000
17202 -23796.000000
17203 -23740.000000
17204 -23788.000000
17205 -23296.000000
17206 -23244.000000
17207 -23048.000000
17208 -23536.000000
17209 -23264.000000
17210 -23296.000000
17211 -23284.000000
17212 -23604.000000
17213 -23504.000000
17214 -22932.000000
17215 -23268.000000
17216 -23608.000000
17217 -23456.000000
17218 -23448.000000
17219 -23620.000000
17220 -23556.000000
17221 -23348.000000
17222 -23688.000000
17223 -23416.000000
17224 -23116.000000
17225 -23776.000000
17226 -24056.000000
17227 -23968.000000
17228 -23652.000000
17229 -23648.000000
17230 -23976.000000
17231 -23424.000000
17232 -23804.000000
17233 -23860.000000
17234 -24044.000000
17235 -23964.000000
17236 -23916.000000
17237 -23492.000000
17238 -23540.000000
17239 -23588.000000
17240 -23864.000000
17241 -23952.000000
17242 -23708.000000
17243 -23500.000000
17244 -23408.000000
17245 -23692.000000
17246 -23872.000000
17247 -24068.000000
17248 -23896.000000
17249 -24152.000000
17250 -23912.000000
17251 -23992.000000
17252 -23704.000000
17253 -24288.000000
17254 -24164.000000
17255 -24120.000000
17256 -24360.000000
17257 -24304.000000
17258 -23748.000000
17259 -23780.000000
17260 -23680.000000
17261 -23324.000000
17262 -23604.000000
17263 -23288.000000
17264 -22876.000000
17265 -23232.000000
17266 -23708.000000
17267 -23732.000000
17268 -23744.000000
17269 -23852.000000
17270 -23788.000000
17271 -23676.000000
17272 -23872.000000
17273 -24096.000000
17274 -23936.000000
17275 -23840.000000
17276 -24364.000000
17277 -23924.000000
17278 -23880.000000
17279 -24056.000000
17280 -24240.000000
17281 -24160.000000
17282 -24032.000000
17283 -23776.000000
17284 -23556.000000
17285 -23504.000000
17286 -23904.000000
17287 -23756.000000
17288 -24040.000000
17289 -23632.000000
17290 -23828.000000
17291 -23636.000000
17292 -23368.000000
17293 -23920.000000
17294 -23960.000000
17295 -23704.000000
17296 -23488.000000
17297 -23300.000000
17298 -23208.000000
17299 -22996.000000
17300 -23280.000000
17301 -23352.000000
17302 -23392.000000
17303 -23108.000000
17304 -23784.000000
17305 -23768.000000
17306 -23920.000000
17307 -23768.000000
17308 -24024.000000
17309 -23764.000000
17310 -23932.000000
17311 -23788.000000
17312 -23624.000000
17313 -23896.000000
17314 -23568.000000
17315 -23720.000000
17316 -24132.000000
17317 -23660.000000
17318 -23900.000000
17319 -23416.000000
17320 -23604.000000
17321 -23768.000000
17322 -23880.000000
17323 -24124.000000
17324 -24036.000000
17325 -23964.000000
17326 -24060.000000
17327 -24044.000000
17328 -24404.000000
17329 -24260.000000
17330 -24496.000000
17331 -24668.000000
17332 -24616.000000
17333 -24824.000000
17334 -24264.000000
17335 -24060.000000
17336 -23440.000000
17337 -23496.000000
17338 -23392.000000
17339 -23632.000000
17340 -23532.000000
17341 -23736.000000
17342 -23660.000000
17343 -24072.000000
17344 -23740.000000
17345 -24212.000000
17346 -23888.000000
17347 -23560.000000
17348 -23400.000000
17349 -23156.000000
17350 -23124.000000
17351 -23236.000000
17352 -22708.000000
17353 -22984.000000
17354 -22784.000000
17355 -23332.000000
17356 -23444.000000
17357 -23472.000000
17358 -22992.000000
17359 -23236.000000
17360 -23120.000000
17361 -22972.000000
17362 -23160.000000
17363 -23416.000000
17364 -23364.000000
17365 -23352.000000
17366 -23220.000000
17367 -23308.000000
17368 -23276.000000
17369 -23376.000000
17370 -23752.000000
17371 -23480.000000
17372 -23632.000000
17373 -23392.000000
17374 -23496.000000
17375 -23264.000000
17376 -23384.000000
17377 -23456.000000
17378 -23156.000000
17379 -23600.000000
17380 -23264.000000
17381 -23648.000000
17382 -23500.000000
17383 -23408.000000
17384 -23668.000000
17385 -23648.000000
17386 -24016.000000
17387 -24204.000000
17388 -24276.000000
17389 -23908.000000
17390 -23740.000000
17391 -23432.000000
17392 -23188.000000
17393 -23164.000000
17394 -23280.000000
17395 -23304.000000
17396 -23312.000000
17397 -23368.000000
17398 -23668.000000
17399 -23804.000000
17400 -23644.000000
17401 -23660.000000
17402 -23548.000000
17403 -23892.000000
17404 -23832.000000
17405 -23540.000000
17406 -23996.000000
17407 -23840.000000
17408 -23692.000000
17409 -23572.000000
17410 -23168.000000
17411 -23768.000000
17412 -23384.000000
17413 -23760.000000
17414 -24028.000000
17415 -23696.000000
17416 -23852.000000
17417 -23700.000000
17418 -23540.000000
17419 -23696.000000
17420 -23796.000000
17421 -23696.000000
17422 -23716.000000
17423 -23904.000000
17424 -23576.000000
17425 -23360.000000
17426 -23304.000000
17427 -23756.000000
17428 -23512.000000
17429 -23744.000000
17430 -23724.000000
17431 -23884.000000
17432 -23912.000000
17433 -23624.000000
17434 -23640.000000
17435 -23836.000000
17436 -23884.000000
17437 -23824.000000
17438 -23900.000000
17439 -23996.000000
17440 -24184.000000
17441 -24304.000000
17442 -24080.000000
17443 -23872.000000
17444 -24248.000000
17445 -24280.000000
17446 -24408.000000
17447 -23868.000000
17448 -23796.000000
17449 -23632.000000
17450 -23960.000000
17451 -23668.000000
17452 -23488.000000
17453 -23728.000000
17454 -23760.000000
17455 -23928.000000
17456 -23876.000000
17457 -23684.000000
17458 -24188.000000
17459 -23732.000000
17460 -23752.000000
17461 -23908.000000
17462 -24088.000000
17463 -24036.000000
17464 -24056.000000
17465 -23532.000000
17466 -23608.000000
17467 -23936.000000
17468 -23908.000000
17469 -23696.000000
17470 -23904.000000
17471 -23888.000000
17472 -23740.000000
17473 -23432.000000
17474 -23524.000000
17475 -23436.000000
17476 -23504.000000
17477 -23352.000000
17478 -23384.000000
17479 -23180.000000
17480 -23500.000000
17481 -23340.000000
17482 -23428.000000
17483 -23508.000000
17484 -23556.000000
17485 -23736.000000
17486 -24356.000000
17487 -23852.000000
17488 -23676.000000
17489 -23444.000000
17490 -23472.000000
17491 -23620.000000
17492 -23688.000000
17493 -23468.000000
17494 -23360.000000
17495 -23100.000000
17496 -23652.000000
17497 -23468.000000
17498 -23504.000000
17499 -23744.000000
17500 -23104.000000
17501 -23688.000000
17502 -23524.000000
17503 -23348.000000
17504 -23492.000000
17505 -23180.000000
17506 -23340.000000
17507 -23492.000000
17508 -23292.000000
17509 -23360.000000
17510 -23328.000000
17511 -23340.000000
17512 -24008.000000
17513 -23580.000000
17514 -23636.000000
17515 -23552.000000
17516 -23668.000000
17517 -23588.000000
17518 -23740.000000
17519 -23736.000000
17520 -23740.000000
17521 -24340.000000
17522 -23840.000000
17523 -23960.000000
17524 -23928.000000
17525 -23504.000000
17526 -23776.000000
17527 -23580.000000
17528 -23436.000000
17529 -23324.000000
17530 -23152.000000
17531 -23212.000000
17532 -23216.000000
17533 -23228.000000
17534 -23300.000000
17535 -23356.000000
17536 -23208.000000
17537 -23464.000000
17538 -23440.000000
17539 -23096.000000
17540 -23520.000000
17541 -23148.000000
17542 -23404.000000
17543 -23408.000000
17544 -23632.000000
17545 -23512.000000
17546 -23208.000000
17547 -23344.000000
17548 -23676.000000
17549 -23932.000000
17550 -24184.000000
17551 -23960.000000
17552 -23872.000000
17553 -23392.000000
17554 -23464.000000
17555 -23868.000000
17556 -23456.000000
17557 -23616.000000
17558 -24008.000000
17559 -23960.000000
17560 -24256.000000
17561 -23900.000000
17562 -24140.000000
17563 -23708.000000
17564 -23556.000000
17565 -23456.000000
17566 -23580.000000
17567 -23964.000000
17568 -23504.000000
17569 -23744.000000
17570 -23480.000000
17571 -23548.000000
17572 -23788.000000
17573 -24012.000000
17574 -24396.000000
17575 -24108.000000
17576 -24104.000000
17577 -23988.000000
17578 -24164.000000
17579 -23940.000000
17580 -23976.000000
17581 -24208.000000
17582 -24172.000000
17583 -24084.000000
17584 -23812.000000
17585 -23796.000000
17586 -24068.000000
17587 -24044.000000
17588 -23784.000000
17589 -23716.000000
17590 -23308.000000
17591 -23384.000000
17592 -23608.000000
17593 -23600.000000
17594 -23824.000000
17595 -23648.000000
17596 -23456.000000
17597 -23380.000000
17598 -23476.000000
17599 -23456.000000
17600 -23328.000000
17601 -23492.000000
17602 -23472.000000
17603 -23096.000000
17604 -23188.000000
17605 -23192.000000
17606 -23524.000000
17607 -23800.000000
17608 -23768.000000
17609 -24184.000000
17610 -24104.000000
17611 -24220.000000
17612 -23660.000000
17613 -23732.000000
17614 -23668.000000
17615 -23188.000000
17616 -23716.000000
17617 -23944.000000
17618 -24280.000000
17619 -23968.000000
17620 -23956.000000
17621 -24132.000000
17622 -23980.000000
17623 -23864.000000
17624 -23804.000000
17625 -24128.000000
17626 -24516.000000
17627 -24328.000000
17628 -24072.000000
17629 -24128.000000
17630 -23816.000000
17631 -24296.000000
17632 -24016.000000
17633 -23824.000000
17634 -23732.000000
17635 -23640.000000
17636 -23692.000000
17637 -23376.000000
17638 -23828.000000
17639 -23684.000000
17640 -23600.000000
17641 -23580.000000
17642 -23304.000000
17643 -23396.000000
17644 -23512.000000
17645 -23476.000000
17646 -23364.000000
17647 -23800.000000
17648 -24036.000000
17649 -23996.000000
17650 -23900.000000
17651 -23948.000000
17652 -23564.000000
17653 -23988.000000
17654 -24004.000000
17655 -24116.000000
17656 -23704.000000
17657 -24204.000000
17658 -24016.000000
17659 -24220.000000
17660 -24140.000000
17661 -23936.000000
17662 -24100.000000
17663 -23640.000000
17664 -23432.000000
17665 -23128.000000
17666 -23272.000000
17667 -23472.000000
17668 -23484.000000
17669 -23356.000000
17670 -23056.000000
17671 -22912.000000
17672 -23096.000000
17673 -23404.000000
17674 -23372.000000
17675 -23336.000000
17676 -23700.000000
17677 -23408.000000
17678 -23580.000000
17679 -23456.000000
17680 -23500.000000
17681 -23600.000000
17682 -23352.000000
17683 -23332.000000
17684 -23756.000000
17685 -23364.000000
17686 -23568.000000
17687 -23608.000000
17688 -23564.000000
17689 -23476.000000
17690 -23800.000000
17691 -23268.000000
17692 -22976.000000
17693 -23440.000000
17694 -23152.000000
17695 -22976.000000
17696 -23448.000000
17697 -23524.000000
17698 -23732.000000
17699 -24136.000000
17700 -23840.000000
17701 -24152.000000
17702 -23960.000000
17703 -23968.000000
17704 -23892.000000
17705 -23716.000000
17706 -23736.000000
17707 -23872.000000
17708 -23420.000000
17709 -23820.000000
17710 -23604.000000
17711 -23304.000000
17712 -23252.000000
17713 -23384.000000
17714 -23584.000000
17715 -23844.000000
17716 -23644.000000
17717 -24052.000000
17718 -23804.000000
17719 -23860.000000
17720 -23904.000000
17721 -23744.000000
17722 -23772.000000
17723 -23920.000000
17724 -23468.000000
17725 -23548.000000
17726 -23996.000000
17727 -23912.000000
17728 -24092.000000
17729 -23900.000000
17730 -24032.000000
17731 -23740.000000
17732 -23752.000000
17733 -23712.000000
17734 -23892.000000
17735 -24012.000000
17736 -23776.000000
17737 -23816.000000
17738 -23868.000000
17739 -23900.000000
17740 -24100.000000
17741 -23824.000000
17742 -23860.000000
17743 -23988.000000
17744 -24036.000000
17745 -23836.000000
17746 -23828.000000
17747 -24048.000000
17748 -24472.000000
17749 -24420.000000
17750 -24120.000000
17751 -24040.000000
17752 -24040.000000
17753 -24292.000000
17754 -24272.000000
17755 -24044.000000
17756 -24192.000000
17757 -24392.000000
17758 -23916.000000
17759 -23728.000000
17760 -23716.000000
17761 -23520.000000
17762 -23500.000000
17763 -23852.000000
17764 -23984.000000
17765 -23184.000000
17766 -23244.000000
17767 -23704.000000
17768 -23632.000000
17769 -23536.000000
17770 -23412.000000
17771 -23316.000000
17772 -23640.000000
17773 -23444.000000
17774 -23704.000000
17775 -23332.000000
17776 -23592.000000
17777 -23464.000000
17778 -23304.000000
17779 -23280.000000
17780 -23120.000000
17781 -23844.000000
17782 -23620.000000
17783 -23688.000000
17784 -24196.000000
17785 -24140.000000
17786 -24124.000000
17787 -24572.000000
17788 -24212.000000
17789 -24492.000000
17790 -23852.000000
17791 -24236.000000
17792 -24428.000000
17793 -24268.000000
17794 -24196.000000
17795 -23812.000000
17796 -23728.000000
17797 -23952.000000
17798 -24176.000000
17799 -23932.000000
17800 -23684.000000
17801 -24012.000000
17802 -23920.000000
17803 -23764.000000
17804 -23640.000000
17805 -24076.000000
17806 -23580.000000
17807 -23508.000000
17808 -23824.000000
17809 -23436.000000
17810 -23584.000000
17811 -23592.000000
17812 -24264.000000
17813 -24088.000000
17814 -23724.000000
17815 -23620.000000
17816 -23880.000000
17817 -23976.000000
17818 -23868.000000
17819 -24100.000000
17820 -24388.000000
17821 -24664.000000
17822 -24920.000000
17823 -24312.000000
17824 -24428.000000
17825 -24272.000000
17826 -23912.000000
17827 -23804.000000
17828 -23940.000000
17829 -23668.000000
17830 -23796.000000
17831 -23892.000000
17832 -23428.000000
17833 -23944.000000
17834 -23820.000000
17835 -23848.000000
17836 -24388.000000
17837 -24408.000000
17838 -24260.000000
17839 -24176.000000
17840 -24008.000000
17841 -24152.000000
17842 -24344.000000
17843 -24100.000000
17844 -23948.000000
17845 -24044.000000
17846 -23968.000000
17847 -23956.000000
17848 -24196.000000
17849 -24200.000000
17850 -24084.000000
17851 -23892.000000
17852 -24372.000000
17853 -23820.000000
17854 -24324.000000
17855 -24680.000000
17856 -24456.000000
17857 -24060.000000
17858 -23924.000000
17859 -23508.000000
17860 -23700.000000
17861 -24192.000000
17862 -24412.000000
17863 -23976.000000
17864 -24100.000000
17865 -24032.000000
17866 -24268.000000
17867 -24272.000000
17868 -24144.000000
17869 -23584.000000
17870 -23568.000000
17871 -24344.000000
17872 -24248.000000
17873 -24272.000000
17874 -24068.000000
17875 -24072.000000
17876 -24568.000000
17877 -24112.000000
17878 -24084.000000
17879 -23888.000000
17880 -23612.000000
17881 -23760.000000
17882 -24296.000000
17883 -24500.000000
17884 -24544.000000
17885 -24412.000000
17886 -24632.000000
17887 -23720.000000
17888 -24052.000000
17889 -23888.000000
17890 -24604.000000
17891 -23820.000000
17892 -23584.000000
17893 -23676.000000
17894 -23824.000000
17895 -24232.000000
17896 -23908.000000
17897 -23808.000000
17898 -24156.000000
17899 -24364.000000
17900 -24080.000000
17901 -24008.000000
17902 -24508.000000
17903 -24216.000000
17904 -24188.000000
17905 -24056.000000
17906 -23836.000000
17907 -23820.000000
17908 -23760.000000
17909 -23840.000000
17910 -23836.000000
17911 -23908.000000
17912 -23576.000000
17913 -23328.000000
17914 -23784.000000
17915 -24212.000000
17916 -23936.000000
17917 -23772.000000
17918 -24092.000000
17919 -23960.000000
17920 -23864.000000
17921 -23936.000000
17922 -23824.000000
17923 -23580.000000
17924 -23472.000000
17925 -23600.000000
17926 -23376.000000
17927 -22980.000000
17928 -23380.000000
17929 -22760.000000
17930 -23264.000000
17931 -23360.000000
17932 -23884.000000
17933 -23472.000000
17934 -23620.000000
17935 -23644.000000
17936 -24016.000000
17937 -23664.000000
17938 -23964.000000
17939 -24240.000000
17940 -24508.000000
17941 -24352.000000
17942 -23956.000000
17943 -24296.000000
17944 -24148.000000
17945 -24012.000000
17946 -23728.000000
17947 -23532.000000
17948 -23780.000000
17949 -23884.000000
17950 -24332.000000
17951 -24308.000000
17952 -24300.000000
17953 -24012.000000
17954 -23972.000000
17955 -24124.000000
17956 -23896.000000
17957 -24060.000000
17958 -24040.000000
17959 -23764.000000
17960 -23936.000000
17961 -23764.000000
17962 -23596.000000
17963 -23816.000000
17964 -23456.000000
17965 -23788.000000
17966 -24112.000000
17967 -23996.000000
17968 -23664.000000
17969 -23844.000000
17970 -24396.000000
17971 -23868.000000
17972 -23588.000000
17973 -23668.000000
17974 -23576.000000
17975 -23268.000000
17976 -22980.000000
17977 -23592.000000
17978 -24316.000000
17979 -23888.000000
17980 -23880.000000
17981 -23640.000000
17982 -23668.000000
17983 -23660.000000
17984 -23064.000000
17985 -23640.000000
17986 -23592.000000
17987 -23320.000000
17988 -23820.000000
17989 -23988.000000
17990 -23820.000000
17991 -23768.000000
17992 -23944.000000
17993 -24236.000000
17994 -24320.000000
17995 -24240.000000
17996 -23944.000000
17997 -24408.000000
17998 -23900.000000
17999 -23448.000000
18000 -24128.000000
18001 -23704.000000
18002 -24224.000000
18003 -23768.000000
18004 -23896.000000
18005 -24056.000000
18006 -24244.000000
18007 -24272.000000
18008 -23872.000000
18009 -24056.000000
18010 -24300.000000
18011 -24016.000000
18012 -23804.000000
18013 -24116.000000
18014 -23924.000000
18015 -23820.000000
18016 -24248.000000
18017 -23992.000000
18018 -23964.000000
18019 -24236.000000
18020 -24028.000000
18021 -23864.000000
18022 -23552.000000
18023 -23524.000000
18024 -23884.000000
18025 -23604.000000
18026 -23892.000000
18027 -23788.000000
18028 -23664.000000
18029 -23688.000000
18030 -24008.000000
18031 -23740.000000
18032 -24072.000000
18033 -24052.000000
18034 -23688.000000
18035 -23836.000000
18036 -23896.000000
18037 -23824.000000
18038 -23680.000000
18039 -23908.000000
18040 -23860.000000
18041 -24360.000000
18042 -23960.000000
18043 -24164.000000
18044 -24108.000000
18045 -24292.000000
18046 -23860.000000
18047 -23804.000000
18048 -23464.000000
18049 -23404.000000
18050 -24028.000000
18051 -24196.000000
18052 -24112.000000
18053 -23824.000000
18054 -24268.000000
18055 -24272.000000
18056 -23508.000000
18057 -24280.000000
18058 -24016.000000
18059 -23772.000000
18060 -23856.000000
18061 -23508.000000
18062 -23740.000000
18063 -23992.000000
18064 -24008.000000
18065 -23760.000000
18066 -23792.000000
18067 -23780.000000
18068 -23692.000000
18069 -23396.000000
18070 -23052.000000
18071 -23440.000000
18072 -23808.000000
18073 -23764.000000
18074 -23808.000000
18075 -23776.000000
18076 -23624.000000
18077 -23996.000000
18078 -23652.000000
18079 -23572.000000
18080 -23812.000000
18081 -23840.000000
18082 -23544.000000
18083 -23324.000000
18084 -23832.000000
18085 -23952.000000
18086 -23856.000000
18087 -23788.000000
18088 -24180.000000
18089 -23704.000000
18090 -23736.000000
18091 -23624.000000
18092 -23912.000000
18093 -24164.000000
18094 -24120.000000
18095 -23912.000000
18096 -23924.000000
18097 -23756.000000
18098 -23892.000000
18099 -24132.000000
18100 -23660.000000
18101 -23648.000000
18102 -23592.000000
18103 -23972.000000
18104 -24120.000000
18105 -24204.000000
18106 -23656.000000
18107 -23628.000000
18108 -24208.000000
18109 -24024.000000
18110 -24112.000000
18111 -24128.000000
18112 -23984.000000
18113 -23540.000000
18114 -23912.000000
18115 -24056.000000
18116 -24396.000000
18117 -23812.000000
18118 -23888.000000
18119 -24248.000000
18120 -24196.000000
18121 -24272.000000
18122 -24348.000000
18123 -24172.000000
18124 -23872.000000
18125 -24424.000000
18126 -24540.000000
18127 -24740.000000
18128 -24028.000000
18129 -24000.000000
18130 -23728.000000
18131 -24180.000000
18132 -24480.000000
18133 -24336.000000
18134 -24424.000000
18135 -24396.000000
18136 -23948.000000
18137 -24056.000000
18138 -24364.000000
18139 -24224.000000
18140 -24080.000000
18141 -23928.000000
18142 -23624.000000
18143 -23352.000000
18144 -23452.000000
18145 -23420.000000
18146 -23684.000000
18147 -23536.000000
18148 -24132.000000
18149 -23544.000000
18150 -24016.000000
18151 -24160.000000
18152 -24516.000000
18153 -24612.000000
18154 -24084.000000
18155 -23772.000000
18156 -23948.000000
18157 -24340.000000
18158 -23852.000000
18159 -24220.000000
18160 -24428.000000
18161 -24388.000000
18162 -24100.000000
18163 -24136.000000
18164 -24620.000000
18165 -24384.000000
18166 -24676.000000
18167 -24124.000000
18168 -23964.000000
18169 -23960.000000
18170 -24176.000000
18171 -24068.000000
18172 -23584.000000
18173 -23676.000000
18174 -23828.000000
18175 -24456.000000
18176 -24428.000000
18177 -24308.000000
18178 -24640.000000
18179 -24180.000000
18180 -24140.000000
18181 -24176.000000
18182 -24532.000000
18183 -24504.000000
18184 -24148.000000
18185 -24640.000000
18186 -24768.000000
18187 -24568.000000
18188 -24688.000000
18189 -24680.000000
18190 -24448.000000
18191 -24480.000000
18192 -24700.000000
18193 -24512.000000
18194 -24540.000000
18195 -24420.000000
18196 -24160.000000
18197 -23812.000000
18198 -24088.000000
18199 -24100.000000
18200 -24352.000000
18201 -24476.000000
18202 -24216.000000
18203 -24184.000000
18204 -24304.000000
18205 -24792.000000
18206 -24708.000000
18207 -24752.000000
18208 -24148.000000
18209 -23792.000000
18210 -23776.000000
18211 -23852.000000
18212 -23648.000000
18213 -23568.000000
18214 -24272.000000
18215 -23904.000000
18216 -23488.000000
18217 -23636.000000
18218 -23780.000000
18219 -23296.000000
18220 -23180.000000
18221 -23296.000000
18222 -23212.000000
18223 -23392.000000
18224 -23124.000000
18225 -23216.000000
18226 -23488.000000
18227 -23512.000000
18228 -23440.000000
18229 -23700.000000
18230 -24112.000000
18231 -23464.000000
18232 -24000.000000
18233 -24012.000000
18234 -23844.000000
18235 -24296.000000
18236 -24340.000000
18237 -24068.000000
18238 -24068.000000
18239 -24332.000000
18240 -24428.000000
18241 -24348.000000
18242 -24340.000000
18243 -24420.000000
18244 -23896.000000
18245 -24080.000000
18246 -23816.000000
18247 -23980.000000
18248 -24048.000000
18249 -23908.000000
18250 -24036.000000
18251 -23900.000000
18252 -24208.000000
18253 -23916.000000
18254 -24068.000000
18255 -24196.000000
18256 -23936.000000
18257 -23844.000000
18258 -23676.000000
18259 -24020.000000
18260 -23836.000000
18261 -23968.000000
18262 -23708.000000
18263 -23372.000000
18264 -23768.000000
18265 -23824.000000
18266 -24076.000000
18267 -24020.000000
18268 -23404.000000
18269 -23336.000000
18270 -23628.000000
18271 -23976.000000
18272 -23980.000000
18273 -24040.000000
18274 -24292.000000
18275 -23756.000000
18276 -23680.000000
18277 -23532.000000
18278 -23860.000000
18279 -23424.000000
18280 -23336.000000
18281 -23352.000000
18282 -23500.000000
18283 -23804.000000
18284 -23572.000000
18285 -23248.000000
18286 -23416.000000
18287 -23468.000000
18288 -23792.000000
18289 -23416.000000
18290 -23592.000000
18291 -23704.000000
18292 -23580.000000
18293 -24056.000000
18294 -24236.000000
18295 -24180.000000
18296 -24184.000000
18297 -24232.000000
18298 -24264.000000
18299 -24424.000000
18300 -24116.000000
18301 -24112.000000
18302 -24376.000000
18303 -24216.000000
18304 -24124.000000
18305 -23772.000000
18306 -23972.000000
18307 -23744.000000
18308 -23904.000000
18309 -23764.000000
18310 -24196.000000
18311 -24112.000000
18312 -24308.000000
18313 -23428.000000
18314 -23348.000000
18315 -23812.000000
18316 -23336.000000
18317 -23936.000000
18318 -23760.000000
18319 -23792.000000
18320 -23244.000000
18321 -23136.000000
18322 -23260.000000
18323 -23136.000000
18324 -23788.000000
18325 -23640.000000
18326 -24092.000000
18327 -24112.000000
18328 -23824.000000
18329 -23940.000000
18330 -23556.000000
18331 -23880.000000
18332 -24384.000000
18333 -24424.000000
18334 -23536.000000
18335 -24048.000000
18336 -24364.000000
18337 -23844.000000
18338 -23564.000000
18339 -24104.000000
18340 -23764.000000
18341 -24012.000000
18342 -23908.000000
18343 -24080.000000
18344 -24036.000000
18345 -24156.000000
18346 -24356.000000
18347 -24124.000000
18348 -24032.000000
18349 -23612.000000
18350 -23652.000000
18351 -23904.000000
18352 -24188.000000
18353 -24164.000000
18354 -24196.000000
18355 -24392.000000
18356 -24376.000000
18357 -24460.000000
18358 -24068.000000
18359 -24048.000000
18360 -23948.000000
18361 -23884.000000
18362 -23804.000000
18363 -23944.000000
18364 -23940.000000
18365 -23980.000000
18366 -24080.000000
18367 -23900.000000
18368 -24180.000000
18369 -23816.000000
18370 -23444.000000
18371 -23752.000000
18372 -23848.000000
18373 -23872.000000
18374 -24124.000000
18375 -24032.000000
18376 -23896.000000
18377 -23720.000000
18378 -23472.000000
18379 -23628.000000
18380 -23892.000000
18381 -23676.000000
18382 -23764.000000
18383 -23740.000000
18384 -24308.000000
18385 -23676.000000
18386 -23804.000000
18387 -23132.000000
18388 -23584.000000
18389 -23552.000000
18390 -23704.000000
18391 -23844.000000
18392 -23588.000000
18393 -23356.000000
18394 -23828.000000
18395 -23940.000000
18396 -24336.000000
18397 -24460.000000
18398 -24144.000000
18399 -24496.000000
18400 -23936.000000
18401 -23952.000000
18402 -24224.000000
18403 -24112.000000
18404 -24064.000000
18405 -24204.000000
18406 -24252.000000
18407 -23964.000000
18408 -24292.000000
18409 -23620.000000
18410 -23592.000000
18411 -23864.000000
18412 -24044.000000
18413 -23968.000000
18414 -24256.000000
18415 -24076.000000
18416 -23676.000000
18417 -23924.000000
18418 -24024.000000
18419 -24176.000000
18420 -24260.000000
18421 -23996.000000
18422 -24196.000000
18423 -24036.000000
18424 -23980.000000
18425 -23884.000000
18426 -23744.000000
18427 -23536.000000
18428 -23956.000000
18429 -24232.000000
18430 -24012.000000
18431 -24236.000000
18432 -24172.000000
18433 -23872.000000
18434 -23712.000000
18435 -23892.000000
18436 -23824.000000
18437 -24048.000000
18438 -23756.000000
18439 -23916.000000
18440 -23836.000000
18441 -23488.000000
18442 -23292.000000
18443 -23328.000000
18444 -23344.000000
18445 -23396.000000
18446 -23772.000000
18447 -23576.000000
18448 -23548.000000
18449 -23796.000000
18450 -23332.000000
18451 -23904.000000
18452 -24060.000000
18453 -24236.000000
18454 -24636.000000
18455 -24248.000000
18456 -23956.000000
18457 -23544.000000
18458 -23564.000000
18459 -23308.000000
18460 -23508.000000
18461 -23420.000000
18462 -23280.000000
18463 -23276.000000
18464 -23424.000000
18465 -23224.000000
18466 -23412.000000
18467 -23740.000000
18468 -23072.000000
18469 -23424.000000
18470 -23772.000000
18471 -23564.000000
18472 -23504.000000
18473 -23288.000000
18474 -23212.000000
18475 -23204.000000
18476 -22860.000000
18477 -23216.000000
18478 -23420.000000
18479 -23604.000000
18480 -23448.000000
18481 -23344.000000
18482 -23700.000000
18483 -23148.000000
18484 -23544.000000
18485 -23328.000000
18486 -23536.000000
18487 -23544.000000
18488 -23240.000000
18489 -23564.000000
18490 -24228.000000
18491 -23864.000000
18492 -23344.000000
18493 -24004.000000
18494 -23832.000000
18495 -23844.000000
18496 -24220.000000
18497 -24292.000000
18498 -24248.000000
18499 -24164.000000
18500 -24496.000000
18501 -24676.000000
18502 -24856.000000
18503 -23776.000000
18504 -24340.000000
18505 -24140.000000
18506 -23856.000000
18507 -24052.000000
18508 -23868.000000
18509 -23732.000000
18510 -23496.000000
18511 -23448.000000
18512 -23960.000000
18513 -23676.000000
18514 -23492.000000
18515 -23412.000000
18516 -23756.000000
18517 -24124.000000
18518 -23980.000000
18519 -24136.000000
18520 -24172.000000
18521 -23772.000000
18522 -24096.000000
18523 -23868.000000
18524 -23480.000000
18525 -23792.000000
18526 -23788.000000
18527 -24068.000000
18528 -24724.000000
18529 -24664.000000
18530 -24060.000000
18531 -24424.000000
18532 -24512.000000
18533 -24196.000000
18534 -24344.000000
18535 -24184.000000
18536 -23468.000000
18537 -23456.000000
18538 -23712.000000
18539 -23696.000000
18540 -23804.000000
18541 -23944.000000
18542 -23996.000000
18543 -24128.000000
18544 -24288.000000
18545 -23880.000000
18546 -24228.000000
18547 -23980.000000
18548 -23884.000000
18549 -23872.000000
18550 -23896.000000
18551 -23508.000000
18552 -23540.000000
18553 -24056.000000
18554 -23856.000000
18555 -23348.000000
18556 -23684.000000
18557 -23348.000000
18558 -23508.000000
18559 -24132.000000
18560 -23740.000000
18561 -24180.000000
18562 -24220.000000
18563 -24448.000000
18564 -24008.000000
18565 -23812.000000
18566 -24304.000000
18567 -23796.000000
18568 -24096.000000
18569 -24188.000000
18570 -24484.000000
18571 -24024.000000
18572 -23544.000000
18573 -23136.000000
18574 -23508.000000
18575 -23320.000000
18576 -23552.000000
18577 -23716.000000
18578 -23672.000000
18579 -23372.000000
18580 -23396.000000
18581 -23148.000000
18582 -23488.000000
18583 -23500.000000
18584 -23340.000000
18585 -23296.000000
18586 -23240.000000
18587 -23508.000000
18588 -23284.000000
18589 -23408.000000
18590 -23540.000000
18591 -23456.000000
18592 -23560.000000
18593 -23340.000000
18594 -23400.000000
18595 -23408.000000
18596 -23300.000000
18597 -23788.000000
18598 -23192.000000
18599 -23272.000000
18600 -23520.000000
18601 -23492.000000
18602 -23576.000000
18603 -23488.000000
18604 -23692.000000
18605 -24024.000000
18606 -23828.000000
18607 -23472.000000
18608 -23576.000000
18609 -23332.000000
18610 -23652.000000
18611 -23508.000000
18612 -23456.000000
18613 -23080.000000
18614 -22880.000000
18615 -22736.000000
18616 -22900.000000
18617 -23056.000000
18618 -23040.000000
18619 -23272.000000
18620 -23272.000000
18621 -23632.000000
18622 -23292.000000
18623 -23500.000000
18624 -24060.000000
18625 -23728.000000
18626 -23836.000000
18627 -24024.000000
18628 -24124.000000
18629 -24020.000000
18630 -24008.000000
18631 -23900.000000
18632 -23688.000000
18633 -23600.000000
18634 -23980.000000
18635 -24120.000000
18636 -24132.000000
18637 -23896.000000
18638 -23780.000000
18639 -23444.000000
18640 -23468.000000
18641 -23228.000000
18642 -23464.000000
18643 -23628.000000
18644 -23996.000000
18645 -24336.000000
18646 -24044.000000
18647 -24528.000000
18648 -23920.000000
18649 -23980.000000
18650 -24136.000000
18651 -23484.000000
18652 -23700.000000
18653 -23952.000000
18654 -23660.000000
18655 -23916.000000
18656 -23912.000000
18657 -23800.000000
18658 -23956.000000
18659 -24376.000000
18660 -24152.000000
18661 -24176.000000
18662 -24132.000000
18663 -23532.000000
18664 -24084.000000
18665 -23904.000000
18666 -24584.000000
18667 -24512.000000
18668 -24352.000000
18669 -23764.000000
18670 -24064.000000
18671 -24184.000000
18672 -23672.000000
18673 -23760.000000
18674 -23620.000000
18675 -23708.000000
18676 -23624.000000
18677 -23736.000000
18678 -23704.000000
18679 -24108.000000
18680 -24244.000000
18681 -23948.000000
18682 -23836.000000
18683 -24300.000000
18684 -23668.000000
18685 -23400.000000
18686 -23684.000000
18687 -24224.000000
18688 -23872.000000
18689 -23936.000000
18690 -23992.000000
18691 -24672.000000
18692 -24556.000000
18693 -24208.000000
18694 -23884.000000
18695 -24012.000000
18696 -23940.000000
18697 -24032.000000
18698 -23792.000000
18699 -24176.000000
18700 -23892.000000
18701 -24136.000000
18702 -24196.000000
18703 -23668.000000
18704 -23788.000000
18705 -23508.000000
18706 -23744.000000
18707 -23752.000000
18708 -23824.000000
18709 -24472.000000
18710 -24480.000000
18711 -24108.000000
18712 -23864.000000
18713 -23912.000000
18714 -24112.000000
18715 -23740.000000
18716 -24072.000000
18717 -24064.000000
18718 -23580.000000
18719 -24016.000000
18720 -23900.000000
18721 -23836.000000
18722 -24028.000000
18723 -23684.000000
18724 -23700.000000
18725 -24104.000000
18726 -24076.000000
18727 -24428.000000
18728 -24144.000000
18729 -24152.000000
18730 -23780.000000
18731 -24368.000000
18732 -23816.000000
18733 -23768.000000
18734 -23908.000000
18735 -23792.000000
18736 -23916.000000
18737 -23828.000000
18738 -24056.000000
18739 -24064.000000
18740 -23896.000000
18741 -24272.000000
18742 -23672.000000
18743 -23820.000000
18744 -23804.000000
18745 -23500.000000
18746 -23396.000000
18747 -23328.000000
18748 -23796.000000
18749 -24016.000000
18750 -24236.000000
18751 -23748.000000
18752 -23720.000000
18753 -23608.000000
18754 -24028.000000
18755 -24040.000000
18756 -23912.000000
18757 -24476.000000
18758 -24600.000000
18759 -24316.000000
18760 -24784.000000
18761 -24404.000000
18762 -24332.000000
18763 -24420.000000
18764 -24336.000000
18765 -24052.000000
18766 -23880.000000
18767 -23748.000000
18768 -23568.000000
18769 -23956.000000
18770 -23696.000000
18771 -23592.000000
18772 -23380.000000
18773 -23508.000000
18774 -23812.000000
18775 -23736.000000
18776 -23896.000000
18777 -23860.000000
18778 -23852.000000
18779 -24060.000000
18780 -24504.000000
18781 -24084.000000
18782 -24004.000000
18783 -24072.000000
18784 -23768.000000
18785 -23416.000000
18786 -23244.000000
18787 -23472.000000
18788 -23164.000000
18789 -23884.000000
18790 -23316.000000
18791 -23768.000000
18792 -24028.000000
18793 -24208.000000
18794 -24440.000000
18795 -23752.000000
18796 -23740.000000
18797 -23756.000000
18798 -23492.000000
18799 -23676.000000
18800 -23864.000000
18801 -23676.000000
18802 -23084.000000
18803 -23384.000000
18804 -23156.000000
18805 -23468.000000
18806 -23616.000000
18807 -23588.000000
18808 -23460.000000
18809 -23228.000000
18810 -23344.000000
18811 -23504.000000
18812 -23304.000000
18813 -23724.000000
18814 -23952.000000
18815 -23928.000000
18816 -23480.000000
18817 -23900.000000
18818 -23700.000000
18819 -23404.000000
18820 -23316.000000
18821 -23336.000000
18822 -23588.000000
18823 -23292.000000
18824 -23212.000000
18825 -23056.000000
18826 -23648.000000
18827 -23880.000000
18828 -23724.000000
18829 -23740.000000
18830 -23680.000000
18831 -23412.000000
18832 -23344.000000
18833 -23480.000000
18834 -23596.000000
18835 -24076.000000
18836 -23984.000000
18837 -24000.000000
18838 -23632.000000
18839 -23784.000000
18840 -23516.000000
18841 -23480.000000
18842 -23328.000000
18843 -23168.000000
18844 -23140.000000
18845 -23404.000000
18846 -23440.000000
18847 -23004.000000
18848 -23160.000000
18849 -23232.000000
18850 -23612.000000
18851 -23640.000000
18852 -23616.000000
18853 -23744.000000
18854 -24176.000000
18855 -23944.000000
18856 -23884.000000
18857 -23608.000000
18858 -23384.000000
18859 -24120.000000
18860 -24168.000000
18861 -23876.000000
18862 -24132.000000
18863 -24028.000000
18864 -24020.000000
18865 -23836.000000
18866 -24064.000000
18867 -24264.000000
18868 -24508.000000
18869 -24132.000000
18870 -23984.000000
18871 -23840.000000
18872 -23976.000000
18873 -23636.000000
18874 -23796.000000
18875 -23820.000000
18876 -23888.000000
18877 -23904.000000
18878 -23372.000000
18879 -23868.000000
18880 -24300.000000
18881 -24120.000000
18882 -23744.000000
18883 -23432.000000
18884 -23208.000000
18885 -23680.000000
18886 -24180.000000
18887 -23880.000000
18888 -23816.000000
18889 -23832.000000
18890 -24108.000000
18891 -24188.000000
18892 -24548.000000
18893 -23992.000000
18894 -24220.000000
18895 -23776.000000
18896 -23836.000000
18897 -23656.000000
18898 -23464.000000
18899 -23384.000000
18900 -23496.000000
18901 -23344.000000
18902 -23428.000000
18903 -23492.000000
18904 -23412.000000
18905 -23288.000000
18906 -23412.000000
18907 -23536.000000
18908 -23624.000000
18909 -23444.000000
18910 -23468.000000
18911 -23968.000000
18912 -23964.000000
18913 -24044.000000
18914 -24076.000000
18915 -23820.000000
18916 -24104.000000
18917 -23944.000000
18918 -23992.000000
18919 -24248.000000
18920 -24524.000000
18921 -24420.000000
18922 -24248.000000
18923 -24496.000000
18924 -24704.000000
18925 -24508.000000
18926 -24524.000000
18927 -24320.000000
18928 -24116.000000
18929 -23972.000000
18930 -24036.000000
18931 -23756.000000
18932 -23864.000000
18933 -23656.000000
18934 -23608.000000
18935 -23780.000000
18936 -24124.000000
18937 -24056.000000
18938 -24084.000000
18939 -24164.000000
18940 -24852.000000
18941 -24292.000000
18942 -24156.000000
18943 -24208.000000
18944 -24176.000000
18945 -24408.000000
18946 -24424.000000
18947 -24420.000000
18948 -24104.000000
18949 -23956.000000
18950 -24136.000000
18951 -24520.000000
18952 -24400.000000
18953 -24516.000000
18954 -23828.000000
18955 -24004.000000
18956 -24008.000000
18957 -23572.000000
18958 -23800.000000
18959 -23868.000000
18960 -24140.000000
18961 -23952.000000
18962 -24008.000000
18963 -23880.000000
18964 -24148.000000
18965 -23980.000000
18966 -23932.000000
18967 -24212.000000
18968 -24076.000000
18969 -24144.000000
18970 -24408.000000
18971 -24416.000000
18972 -24692.000000
18973 -24356.000000
18974 -24356.000000
18975 -24660.000000
18976 -23984.000000
18977 -24368.000000
18978 -24632.000000
18979 -24296.000000
18980 -24496.000000
18981 -24568.000000
18982 -24908.000000
18983 -24576.000000
18984 -24528.000000
18985 -24508.000000
18986 -24188.000000
18987 -24084.000000
18988 -24064.000000
18989 -23936.000000
18990 -23860.000000
18991 -23828.000000
18992 -24064.000000
18993 -24076.000000
18994 -23992.000000
18995 -24296.000000
18996 -23856.000000
18997 -23816.000000
18998 -23880.000000
18999 -23728.000000
19000 -23576.000000
19001 -23468.000000
19002 -23316.000000
19003 -23312.000000
19004 -23396.000000
19005 -23696.000000
19006 -23516.000000
19007 -23772.000000
19008 -23628.000000
19009 -23680.000000
19010 -23880.000000
19011 -23756.000000
19012 -23732.000000
19013 -23752.000000
19014 -23516.000000
19015 -23484.000000
19016 -23296.000000
19017 -23716.000000
19018 -23620.000000
19019 -23884.000000
19020 -23636.000000
19021 -23748.000000
19022 -23636.000000
19023 -23560.000000
19024 -23728.000000
19025 -23772.000000
19026 -23848.000000
19027 -23452.000000
19028 -23860.000000
19029 -23584.000000
19030 -23644.000000
19031 -23624.000000
19032 -23612.000000
19033 -23616.000000
19034 -23528.000000
19035 -23548.000000
19036 -23492.000000
19037 -23340.000000
19038 -23844.000000
19039 -23412.000000
19040 -23620.000000
19041 -23412.000000
19042 -23588.000000
19043 -23584.000000
19044 -23492.000000
19045 -23944.000000
19046 -23556.000000
19047 -22972.000000
19048 -23512.000000
19049 -23548.000000
19050 -23740.000000
19051 -23592.000000
19052 -23568.000000
19053 -23612.000000
19054 -23824.000000
19055 -24128.000000
19056 -23860.000000
19057 -23788.000000
19058 -23684.000000
19059 -23908.000000
19060 -23608.000000
19061 -23928.000000
19062 -23860.000000
19063 -24060.000000
19064 -23808.000000
19065 -23944.000000
19066 -24060.000000
19067 -23480.000000
19068 -23636.000000
19069 -23816.000000
19070 -24068.000000
19071 -23680.000000
19072 -23916.000000
19073 -23912.000000
19074 -23776.000000
19075 -23960.000000
19076 -24064.000000
19077 -24016.000000
19078 -23864.000000
19079 -23680.000000
19080 -23456.000000
19081 -24168.000000
19082 -24068.000000
19083 -24364.000000
19084 -24256.000000
19085 -24340.000000
19086 -24436.000000
19087 -24076.000000
19088 -23628.000000
19089 -23248.000000
19090 -23296.000000
19091 -23552.000000
19092 -23344.000000
19093 -23312.000000
19094 -23264.000000
19095 -23640.000000
19096 -23240.000000
19097 -23024.000000
19098 -23276.000000
19099 -23228.000000
19100 -23232.000000
19101 -23228.000000
19102 -23108.000000
19103 -23112.000000
19104 -23548.000000
19105 -23300.000000
19106 -23028.000000
19107 -23360.000000
19108 -23248.000000
19109 -23352.000000
19110 -23628.000000
19111 -23264.000000
19112 -23228.000000
19113 -23372.000000
19114 -23356.000000
19115 -23400.000000
19116 -24188.000000
19117 -23788.000000
19118 -23344.000000
19119 -23492.000000
19120 -23640.000000
19121 -23696.000000
19122 -23632.000000
19123 -23336.000000
19124 -23776.000000
19125 -23652.000000
19126 -23472.000000
19127 -23268.000000
19128 -23792.000000
19129 -23664.000000
19130 -23624.000000
19131 -23380.000000
19132 -23448.000000
19133 -23904.000000
19134 -24272.000000
19135 -23812.000000
19136 -24172.000000
19137 -23924.000000
19138 -24296.000000
19139 -24256.000000
19140 -23852.000000
19141 -23780.000000
19142 -23848.000000
19143 -23768.000000
19144 -23868.000000
19145 -24380.000000
19146 -24540.000000
19147 -24352.000000
19148 -24148.000000
19149 -24664.000000
19150 -24444.000000
19151 -24088.000000
19152 -23772.000000
19153 -23392.000000
19154 -23880.000000
19155 -23924.000000
19156 -23836.000000
19157 -23772.000000
19158 -23740.000000
19159 -23944.000000
19160 -24008.000000
19161 -23684.000000
19162 -23548.000000
19163 -23232.000000
19164 -23900.000000
19165 -23468.000000
19166 -23836.000000
19167 -24120.000000
19168 -24456.000000
19169 -24236.000000
19170 -24264.000000
19171 -24496.000000
19172 -24648.000000
19173 -23884.000000
19174 -24104.000000
19175 -23852.000000
19176 -23460.000000
19177 -23612.000000
19178 -23252.000000
19179 -23036.000000
19180 -23252.000000
19181 -23780.000000
19182 -23772.000000
19183 -23960.000000
19184 -23504.000000
19185 -23488.000000
19186 -23628.000000
19187 -23368.000000
19188 -23552.000000
19189 -23864.000000
19190 -23364.000000
19191 -23516.000000
19192 -23508.000000
19193 -22952.000000
19194 -22960.000000
19195 -23548.000000
19196 -23708.000000
19197 -23760.000000
19198 -23744.000000
19199 -23456.000000
19200 -23108.000000
19201 -23536.000000
19202 -23344.000000
19203 -23396.000000
19204 -23176.000000
19205 -23116.000000
19206 -23544.000000
19207 -23696.000000
19208 -23804.000000
19209 -23832.000000
19210 -23708.000000
19211 -23744.000000
19212 -23740.000000
19213 -23500.000000
19214 -23552.000000
19215 -23360.000000
19216 -23380.000000
19217 -23676.000000
19218 -23372.000000
19219 -23668.000000
19220 -23664.000000
19221 -23352.000000
19222 -23648.000000
19223 -23620.000000
19224 -23688.000000
19225 -23288.000000
19226 -23244.000000
19227 -23284.000000
19228 -23304.000000
19229 -23532.000000
19230 -23884.000000
19231 -23888.000000
19232 -23672.000000
19233 -23432.000000
19234 -23260.000000
19235 -23372.000000
19236 -23488.000000
19237 -23920.000000
19238 -23816.000000
19239 -23684.000000
19240 -23772.000000
19241 -23324.000000
19242 -23520.000000
19243 -23956.000000
19244 -24016.000000
19245 -23828.000000
19246 -24248.000000
19247 -24032.000000
19248 -23988.000000
19249 -23932.000000
19250 -23756.000000
19251 -23528.000000
19252 -23336.000000
19253 -23524.000000
19254 -23132.000000
19255 -23344.000000
19256 -23504.000000
19257 -24068.000000
19258 -24088.000000
19259 -24328.000000
19260 -24164.000000
19261 -24000.000000
19262 -23448.000000
19263 -23748.000000
19264 -23728.000000
19265 -23448.000000
19266 -23544.000000
19267 -23576.000000
19268 -23776.000000
19269 -23592.000000
19270 -23848.000000
19271 -23648.000000
19272 -23840.000000
19273 -24180.000000
19274 -24164.000000
19275 -24036.000000
19276 -23984.000000
19277 -24036.000000
19278 -23952.000000
19279 -23996.000000
19280 -24648.000000
19281 -24132.000000
19282 -24216.000000
19283 -23868.000000
19284 -24296.000000
19285 -24064.000000
19286 -23764.000000
19287 -23692.000000
19288 -23164.000000
19289 -23116.000000
19290 -23312.000000
19291 -23536.000000
19292 -23360.000000
19293 -23088.000000
19294 -23244.000000
19295 -23420.000000
19296 -23612.000000
19297 -23656.000000
19298 -23712.000000
19299 -23680.000000
19300 -23556.000000
19301 -23488.000000
19302 -23828.000000
19303 -23408.000000
19304 -23216.000000
19305 -23512.000000
19306 -23488.000000
19307 -23424.000000
19308 -23864.000000
19309 -23980.000000
19310 -24008.000000
19311 -23776.000000
19312 -23736.000000
19313 -23780.000000
19314 -23928.000000
19315 -24192.000000
19316 -24608.000000
19317 -24336.000000
19318 -24448.000000
19319 -24312.000000
19320 -24060.000000
19321 -24180.000000
19322 -24104.000000
19323 -24148.000000
19324 -24396.000000
19325 -24096.000000
19326 -23964.000000
19327 -23996.000000
19328 -24216.000000
19329 -24380.000000
19330 -24000.000000
19331 -24024.000000
19332 -23880.000000
19333 -23568.000000
19334 -23448.000000
19335 -23616.000000
19336 -23236.000000
19337 -23404.000000
19338 -23796.000000
19339 -24024.000000
19340 -24296.000000
19341 -24280.000000
19342 -24032.000000
19343 -23880.000000
19344 -23760.000000
19345 -24172.000000
19346 -23996.000000
19347 -23564.000000
19348 -23892.000000
19349 -23536.000000
19350 -24060.000000
19351 -24376.000000
19352 -23904.000000
19353 -23552.000000
19354 -23432.000000
19355 -23440.000000
19356 -23624.000000
19357 -23828.000000
19358 -24136.000000
19359 -24064.000000
19360 -23824.000000
19361 -24324.000000
19362 -23824.000000
19363 -23924.000000
19364 -23736.000000
19365 -23968.000000
19366 -23516.000000
19367 -23672.000000
19368 -23956.000000
19369 -24016.000000
19370 -23916.000000
19371 -23400.000000
19372 -23764.000000
19373 -23664.000000
19374 -23512.000000
19375 -23352.000000
19376 -23736.000000
19377 -23872.000000
19378 -23832.000000
19379 -24000.000000
19380 -24012.000000
19381 -24056.000000
19382 -23996.000000
19383 -24028.000000
19384 -23904.000000
19385 -24244.000000
19386 -24380.000000
19387 -23912.000000
19388 -23396.000000
19389 -23872.000000
19390 -23720.000000
19391 -23824.000000
19392 -23936.000000
19393 -24028.000000
19394 -24060.000000
19395 -23700.000000
19396 -23884.000000
19397 -23876.000000
19398 -23820.000000
19399 -24160.000000
19400 -23448.000000
19401 -23300.000000
19402 -23148.000000
19403 -22996.000000
19404 -23388.000000
19405 -23604.000000
19406 -23880.000000
19407 -23856.000000
19408 -23472.000000
19409 -23296.000000
19410 -23424.000000
19411 -23168.000000
19412 -23056.000000
19413 -23132.000000
19414 -23332.000000
19415 -23104.000000
19416 -23472.000000
19417 -23580.000000
19418 -23768.000000
19419 -23324.000000
19420 -23808.000000
19421 -23836.000000
19422 -24048.000000
19423 -24468.000000
19424 -24656.000000
19425 -24372.000000
19426 -24260.000000
19427 -24320.000000
19428 -24660.000000
19429 -24480.000000
19430 -24156.000000
19431 -24196.000000
19432 -23592.000000
19433 -23680.000000
19434 -24468.000000
19435 -24452.000000
19436 -24220.000000
19437 -23964.000000
19438 -24220.000000
19439 -24512.000000
19440 -23728.000000
19441 -24060.000000
19442 -23928.000000
19443 -23836.000000
19444 -23048.000000
19445 -23548.000000
19446 -23768.000000
19447 -24260.000000
19448 -23740.000000
19449 -24076.000000
19450 -23556.000000
19451 -23696.000000
19452 -23580.000000
19453 -23700.000000
19454 -23896.000000
19455 -23672.000000
19456 -24148.000000
19457 -23668.000000
19458 -24076.000000
19459 -24028.000000
19460 -23920.000000
19461 -23936.000000
19462 -23812.000000
19463 -24132.000000
19464 -24008.000000
19465 -24188.000000
19466 -24412.000000
19467 -24440.000000
19468 -24348.000000
19469 -24396.000000
19470 -24320.000000
19471 -24288.000000
19472 -23844.000000
19473 -23732.000000
19474 -23944.000000
19475 -23648.000000
19476 -23708.000000
19477 -23912.000000
19478 -24024.000000
19479 -24184.000000
19480 -24704.000000
19481 -24528.000000
19482 -24272.000000
19483 -23880.000000
19484 -24064.000000
19485 -23868.000000
19486 -23524.000000
19487 -23540.000000
19488 -24096.000000
19489 -24240.000000
19490 -24672.000000
19491 -24608.000000
19492 -24208.000000
19493 -24172.000000
19494 -24840.000000
19495 -24636.000000
19496 -24276.000000
19497 -24160.000000
19498 -23880.000000
19499 -24092.000000
19500 -23836.000000
19501 -24016.000000
19502 -24160.000000
19503 -24220.000000
19504 -24076.000000
19505 -24176.000000
19506 -24128.000000
19507 -24072.000000
19508 -24088.000000
19509 -24232.000000
19510 -23948.000000
19511 -23832.000000
19512 -23884.000000
19513 -24116.000000
19514 -24104.000000
19515 -24296.000000
19516 -24264.000000
19517 -24408.000000
19518 -24736.000000
19519 -24184.000000
19520 -24184.000000
19521 -24420.000000
19522 -24012.000000
19523 -24280.000000
19524 -24156.000000
19525 -24184.000000
19526 -24204.000000
19527 -23756.000000
19528 -23656.000000
19529 -23828.000000
19530 -23544.000000
19531 -23368.000000
19532 -23544.000000
19533 -23752.000000
19534 -23096.000000
19535 -23532.000000
19536 -23792.000000
19537 -23700.000000
19538 -23860.000000
19539 -23656.000000
19540 -23728.000000
19541 -23240.000000
19542 -23560.000000
19543 -23408.000000
19544 -23604.000000
19545 -23688.000000
19546 -23972.000000
19547 -23912.000000
19548 -24048.000000
19549 -24324.000000
19550 -24248.000000
19551 -23892.000000
19552 -23856.000000
19553 -23600.000000
19554 -23372.000000
19555 -23236.000000
19556 -23212.000000
19557 -23636.000000
19558 -22964.000000
19559 -22880.000000
19560 -23116.000000
19561 -23140.000000
19562 -22908.000000
19563 -23228.000000
19564 -23536.000000
19565 -23804.000000
19566 -23832.000000
19567 -23496.000000
19568 -23460.000000
19569 -23288.000000
19570 -23084.000000
19571 -22868.000000
19572 -22844.000000
19573 -23124.000000
19574 -22984.000000
19575 -23424.000000
19576 -23360.000000
19577 -23500.000000
19578 -23648.000000
19579 -23924.000000
19580 -23912.000000
19581 -23436.000000
19582 -23576.000000
19583 -23472.000000
19584 -23808.000000
19585 -23976.000000
19586 -23960.000000
19587 -24048.000000
19588 -23960.000000
19589 -23952.000000
19590 -23932.000000
19591 -24184.000000
19592 -23860.000000
19593 -23824.000000
19594 -23384.000000
19595 -23708.000000
19596 -24056.000000
19597 -23824.000000
19598 -23580.000000
19599 -23560.000000
19600 -24136.000000
19601 -24148.000000
19602 -23888.000000
19603 -24048.000000
19604 -24036.000000
19605 -23724.000000
19606 -23696.000000
19607 -23304.000000
19608 -23836.000000
19609 -24160.000000
19610 -23764.000000
19611 -23648.000000
19612 -23268.000000
19613 -23352.000000
19614 -23632.000000
19615 -23608.000000
19616 -23284.000000
19617 -23424.000000
19618 -23948.000000
19619 -23676.000000
19620 -23428.000000
19621 -23936.000000
19622 -24120.000000
19623 -23888.000000
19624 -24096.000000
19625 -23972.000000
19626 -24140.000000
19627 -23988.000000
19628 -24104.000000
19629 -24244.000000
19630 -24148.000000
19631 -24296.000000
19632 -24248.000000
19633 -24412.000000
19634 -24112.000000
19635 -23808.000000
19636 -23920.000000
19637 -24064.000000
19638 -23988.000000
19639 -24216.000000
19640 -23960.000000
19641 -24396.000000
19642 -24160.000000
19643 -23844.000000
19644 -23608.000000
19645 -23596.000000
19646 -23588.000000
19647 -23504.000000
19648 -23784.000000
19649 -23780.000000
19650 -24356.000000
19651 -24092.000000
19652 -24484.000000
19653 -24332.000000
19654 -23708.000000
19655 -24204.000000
19656 -24164.000000
19657 -24168.000000
19658 -23808.000000
19659 -23908.000000
19660 -23848.000000
19661 -23848.000000
19662 -23864.000000
19663 -23920.000000
19664 -23640.000000
19665 -23744.000000
19666 -23736.000000
19667 -23828.000000
19668 -23676.000000
19669 -23720.000000
19670 -23920.000000
19671 -24028.000000
19672 -23752.000000
19673 -23488.000000
19674 -23468.000000
19675 -23760.000000
19676 -23948.000000
19677 -24056.000000
19678 -23764.000000
19679 -23920.000000
19680 -24060.000000
19681 -24188.000000
19682 -24064.000000
19683 -24188.000000
19684 -24576.000000
19685 -23940.000000
19686 -24160.000000
19687 -23728.000000
19688 -23736.000000
19689 -24084.000000
19690 -24436.000000
19691 -24080.000000
19692 -24364.000000
19693 -24484.000000
19694 -24976.000000
19695 -24972.000000
19696 -24548.000000
19697 -24708.000000
19698 -24700.000000
19699 -23956.000000
19700 -23608.000000
19701 -23664.000000
19702 -23420.000000
19703 -23672.000000
19704 -23744.000000
19705 -24072.000000
19706 -24068.000000
19707 -24132.000000
19708 -24364.000000
19709 -24220.000000
19710 -23860.000000
19711 -23784.000000
19712 -24088.000000
19713 -24092.000000
19714 -23932.000000
19715 -23920.000000
19716 -23400.000000
19717 -23656.000000
19718 -23292.000000
19719 -23588.000000
19720 -23680.000000
19721 -23984.000000
19722 -23508.000000
19723 -23804.000000
19724 -23948.000000
19725 -23980.000000
19726 -23924.000000
19727 -23796.000000
19728 -23492.000000
19729 -23264.000000
19730 -23556.000000
19731 -23816.000000
19732 -23548.000000
19733 -23420.000000
19734 -23440.000000
19735 -23724.000000
19736 -23244.000000
19737 -23804.000000
19738 -23812.000000
19739 -23576.000000
19740 -23660.000000
19741 -23452.000000
19742 -23408.000000
19743 -23744.000000
19744 -23836.000000
19745 -24160.000000
19746 -24304.000000
19747 -23908.000000
19748 -23856.000000
19749 -24288.000000
19750 -23732.000000
19751 -23640.000000
19752 -23728.000000
19753 -24000.000000
19754 -23760.000000
19755 -24044.000000
19756 -23860.000000
19757 -23436.000000
19758 -23768.000000
19759 -23808.000000
19760 -24008.000000
19761 -23772.000000
19762 -23924.000000
19763 -24004.000000
19764 -24100.000000
19765 -24100.000000
19766 -23832.000000
19767 -23688.000000
19768 -24156.000000
19769 -23640.000000
19770 -23852.000000
19771 -23968.000000
19772 -23872.000000
19773 -23736.000000
19774 -23488.000000
19775 -23504.000000
19776 -23244.000000
19777 -22976.000000
19778 -23088.000000
19779 -23504.000000
19780 -23300.000000
19781 -23596.000000
19782 -23220.000000
19783 -23420.000000
19784 -23472.000000
19785 -23548.000000
19786 -23864.000000
19787 -23604.000000
19788 -23764.000000
19789 -24048.000000
19790 -23780.000000
19791 -23612.000000
19792 -23624.000000
19793 -23588.000000
19794 -23404.000000
19795 -23512.000000
19796 -23140.000000
19797 -23076.000000
19798 -23236.000000
19799 -23244.000000
19800 -23056.000000
19801 -23492.000000
19802 -23480.000000
19803 -23240.000000
19804 -23176.000000
19805 -23296.000000
19806 -23348.000000
19807 -23124.000000
19808 -23236.000000
19809 -22888.000000
19810 -23604.000000
19811 -23632.000000
19812 -23408.000000
19813 -23308.000000
19814 -23516.000000
19815 -23292.000000
19816 -23588.000000
19817 -23256.000000
19818 -23508.000000
19819 -23384.000000
19820 -22864.000000
19821 -23416.000000
19822 -23616.000000
19823 -23076.000000
19824 -23552.000000
19825 -23424.000000
19826 -23736.000000
19827 -23520.000000
19828 -23440.000000
19829 -23428.000000
19830 -23352.000000
19831 -23184.000000
19832 -23712.000000
19833 -23504.000000
19834 -23652.000000
19835 -23528.000000
19836 -23672.000000
19837 -23840.000000
19838 -23520.000000
19839 -23616.000000
19840 -23536.000000
19841 -23360.000000
19842 -23104.000000
19843 -23248.000000
19844 -23164.000000
19845 -23540.000000
19846 -23876.000000
19847 -23728.000000
19848 -23348.000000
19849 -23436.000000
19850 -23320.000000
19851 -23904.000000
19852 -23676.000000
19853 -23904.000000
19854 -23496.000000
19855 -23708.000000
19856 -23704.000000
19857 -23788.000000
19858 -23648.000000
19859 -23420.000000
19860 -23004.000000
19861 -23032.000000
19862 -23304.000000
19863 -23380.000000
19864 -23308.000000
19865 -23364.000000
19866 -23300.000000
19867 -23332.000000
19868 -23172.000000
19869 -23272.000000
19870 -23120.000000
19871 -23212.000000
19872 -22892.000000
19873 -22748.000000
19874 -22704.000000
19875 -22856.000000
19876 -23072.000000
19877 -23360.000000
19878 -23600.000000
19879 -23908.000000
19880 -23872.000000
19881 -23920.000000
19882 -23876.000000
19883 -23588.000000
19884 -23776.000000
19885 -24044.000000
19886 -23496.000000
19887 -22952.000000
19888 -23120.000000
19889 -23496.000000
19890 -23404.000000
19891 -23620.000000
19892 -23232.000000
19893 -23404.000000
19894 -23516.000000
19895 -23816.000000
19896 -23680.000000
19897 -23992.000000
19898 -24340.000000
19899 -23964.000000
19900 -23460.000000
19901 -23456.000000
19902 -23828.000000
19903 -24088.000000
19904 -23784.000000
19905 -23644.000000
19906 -23980.000000
19907 -24076.000000
19908 -23720.000000
19909 -23776.000000
19910 -23984.000000
19911 -23764.000000
19912 -23524.000000
19913 -23200.000000
19914 -23548.000000
19915 -23876.000000
19916 -23860.000000
19917 -24100.000000
19918 -24100.000000
19919 -23808.000000
19920 -24056.000000
19921 -24272.000000
19922 -24176.000000
19923 -24008.000000
19924 -23712.000000
19925 -24080.000000
19926 -23484.000000
19927 -24280.000000
19928 -24088.000000
19929 -23840.000000
19930 -23860.000000
19931 -24212.000000
19932 -24204.000000
19933 -23756.000000
19934 -23916.000000
19935 -24244.000000
19936 -24648.000000
19937 -24672.000000
19938 -24580.000000
19939 -24148.000000
19940 -24452.000000
19941 -24300.000000
19942 -24468.000000
19943 -24520.000000
19944 -24656.000000
19945 -24044.000000
19946 -24268.000000
19947 -24484.000000
19948 -24360.000000
19949 -24236.000000
19950 -24132.000000
19951 -23976.000000
19952 -24280.000000
19953 -23964.000000
19954 -24120.000000
19955 -23780.000000
19956 -23988.000000
19957 -23748.000000
19958 -23828.000000
19959 -23768.000000
19960 -23832.000000
19961 -24084.000000
19962 -23924.000000
19963 -23972.000000
19964 -24172.000000
19965 -23988.000000
19966 -23972.000000
19967 -24188.000000
19968 -23956.000000
19969 -24316.000000
19970 -23976.000000
19971 -23996.000000
19972 -23708.000000
19973 -23588.000000
19974 -23928.000000
19975 -24124.000000
19976 -23912.000000
19977 -23468.000000
19978 -23604.000000
19979 -24068.000000
19980 -23844.000000
19981 -24036.000000
19982 -24112.000000
19983 -24164.000000
19984 -23872.000000
19985 -24088.000000
19986 -24488.000000
19987 -23812.000000
19988 -24332.000000
19989 -24284.000000
19990 -23680.000000
19991 -23960.000000
19992 -23676.000000
19993 -23544.000000
19994 -23480.000000
19995 -23412.000000
19996 -23520.000000
19997 -23712.000000
19998 -23820.000000
19999 -23960.000000
20000 -24020.000000
20001 -23976.000000
20002 -23992.000000
20003 -23764.000000
20004 -23860.000000
20005 -23864.000000
20006 -23444.000000
20007 -23676.000000
20008 -23996.000000
20009 -23648.000000
20010 -23972.000000
20011 -24412.000000
20012 -24212.000000
20013 -24052.000000
20014 -23728.000000
20015 -23704.000000
20016 -23576.000000
20017 -23832.000000
20018 -23972.000000
20019 -23620.000000
20020 -23708.000000
20021 -23652.000000
20022 -23848.000000
20023 -24048.000000
20024 -24112.000000
20025 -24476.000000
20026 -24136.000000
20027 -24392.000000
20028 -24292.000000
20029 -24044.000000
20030 -24688.000000
20031 -24484.000000
20032 -23936.000000
20033 -24056.000000
20034 -23948.000000
20035 -23912.000000
20036 -23652.000000
20037 -23336.000000
20038 -23792.000000
20039 -23372.000000
20040 -24164.000000
20041 -24160.000000
20042 -24208.000000
20043 -24476.000000
20044 -24460.000000
20045 -24456.000000
20046 -24296.000000
20047 -24468.000000
20048 -24844.000000
20049 -24216.000000
20050 -24124.000000
20051 -23976.000000
20052 -24248.000000
20053 -23780.000000
20054 -24092.000000
20055 -23744.000000
20056 -24044.000000
20057 -24076.000000
20058 -24320.000000
20059 -24100.000000
20060 -24008.000000
20061 -23900.000000
20062 -23856.000000
20063 -24120.000000
20064 -23748.000000
20065 -23592.000000
20066 -23852.000000
20067 -24092.000000
20068 -23824.000000
20069 -23952.000000
20070 -24492.000000
20071 -23992.000000
20072 -24500.000000
20073 -23920.000000
20074 -24156.000000
20075 -24444.000000
20076 -24116.000000
20077 -24388.000000
20078 -24580.000000
20079 -24316.000000
20080 -24404.000000
20081 -24148.000000
20082 -23888.000000
20083 -24116.000000
20084 -23676.000000
20085 -23808.000000
20086 -24116.000000
20087 -24300.000000
20088 -24272.000000
20089 -24280.000000
20090 -23784.000000
20091 -23792.000000
20092 -24484.000000
20093 -24508.000000
20094 -24580.000000
20095 -24384.000000
20096 -23944.000000
20097 -24036.000000
20098 -24164.000000
20099 -24160.000000
20100 -23744.000000
20101 -23976.000000
20102 -23832.000000
20103 -23792.000000
20104 -23724.000000
20105 -23912.000000
20106 -23992.000000
20107 -23892.000000
20108 -23848.000000
20109 -23660.000000
20110 -23500.000000
20111 -23552.000000
20112 -23308.000000
20113 -23484.000000
20114 -23500.000000
20115 -23320.000000
20116 -23224.000000
20117 -23444.000000
20118 -23800.000000
20119 -23528.000000
20120 -23416.000000
20121 -23724.000000
20122 -23704.000000
20123 -23812.000000
20124 -23548.000000
20125 -23872.000000
20126 -23772.000000
20127 -23580.000000
20128 -23936.000000
20129 -24132.000000
20130 -23412.000000
20131 -23784.000000
20132 -23816.000000
20133 -23532.000000
20134 -23616.000000
20135 -23824.000000
20136 -24216.000000
20137 -23856.000000
20138 -23660.000000
20139 -23540.000000
20140 -23676.000000
20141 -23812.000000
20142 -23604.000000
20143 -23148.000000
20144 -23748.000000
20145 -24088.000000
20146 -24140.000000
20147 -23616.000000
20148 -23988.000000
20149 -24068.000000
20150 -24032.000000
20151 -23692.000000
20152 -23308.000000
20153 -23808.000000
20154 -23192.000000
20155 -23180.000000
20156 -23608.000000
20157 -23716.000000
20158 -23400.000000
20159 -23540.000000
20160 -23544.000000
20161 -23648.000000
20162 -24160.000000
20163 -24104.000000
20164 -24224.000000
20165 -24288.000000
20166 -24244.000000
20167 -23884.000000
20168 -24184.000000
20169 -23908.000000
20170 -24056.000000
20171 -23856.000000
20172 -24232.000000
20173 -24268.000000
20174 -24112.000000
20175 -23676.000000
20176 -24144.000000
20177 -24168.000000
20178 -24080.000000
20179 -23908.000000
20180 -24216.000000
20181 -24120.000000
20182 -24572.000000
20183 -24356.000000
20184 -23756.000000
20185 -24116.000000
20186 -24100.000000
20187 -23984.000000
20188 -24200.000000
20189 -24152.000000
20190 -24136.000000
20191 -23920.000000
20192 -23752.000000
20193 -23612.000000
20194 -23332.000000
20195 -23420.000000
20196 -23444.000000
20197 -23444.000000
20198 -23548.000000
20199 -23756.000000
20200 -23196.000000
20201 -23264.000000
20202 -23364.000000
20203 -23112.000000
20204 -23332.000000
20205 -23288.000000
20206 -23364.000000
20207 -23240.000000
20208 -23640.000000
20209 -23592.000000
20210 -23520.000000
20211 -23324.000000
20212 -23620.000000
20213 -24036.000000
20214 -24052.000000
20215 -23616.000000
20216 -23404.000000
20217 -23732.000000
20218 -24036.000000
20219 -23736.000000
20220 -23892.000000
20221 -23732.000000
20222 -23792.000000
20223 -23912.000000
20224 -24300.000000
20225 -24388.000000
20226 -24284.000000
20227 -24112.000000
20228 -24008.000000
20229 -23916.000000
20230 -24012.000000
20231 -24332.000000
20232 -23928.000000
20233 -23876.000000
20234 -23412.000000
20235 -23620.000000
20236 -23792.000000
20237 -23320.000000
20238 -23864.000000
20239 -23792.000000
20240 -24344.000000
20241 -24128.000000
20242 -24080.000000
20243 -23508.000000
20244 -23300.000000
20245 -23328.000000
20246 -23224.000000
20247 -23280.000000
20248 -23544.000000
20249 -23572.000000
20250 -23348.000000
20251 -23400.000000
20252 -23880.000000
20253 -23768.000000
20254 -23804.000000
20255 -24148.000000
20256 -24384.000000
20257 -23928.000000
20258 -24112.000000
20259 -24204.000000
20260 -24132.000000
20261 -24244.000000
20262 -24208.000000
20263 -24312.000000
20264 -24376.000000
20265 -24064.000000
20266 -24072.000000
20267 -24108.000000
20268 -24468.000000
20269 -24056.000000
20270 -23928.000000
20271 -24524.000000
20272 -24544.000000
20273 -24352.000000
20274 -23788.000000
20275 -23936.000000
20276 -24060.000000
20277 -24032.000000
20278 -24288.000000
20279 -24620.000000
20280 -24648.000000
20281 -24348.000000
20282 -24352.000000
20283 -24104.000000
20284 -24316.000000
20285 -24272.000000
20286 -24612.000000
20287 -24136.000000
20288 -24588.000000
20289 -24516.000000
20290 -24368.000000
20291 -24440.000000
20292 -24556.000000
20293 -24580.000000
20294 -24220.000000
20295 -24724.000000
20296 -24832.000000
20297 -24500.000000
20298 -24064.000000
20299 -24312.000000
20300 -24264.000000
20301 -24092.000000
20302 -24196.000000
20303 -24240.000000
20304 -24500.000000
20305 -24512.000000
20306 -24324.000000
20307 -23868.000000
20308 -24092.000000
20309 -23480.000000
20310 -24020.000000
20311 -23836.000000
20312 -23900.000000
20313 -23704.000000
20314 -23820.000000
20315 -24368.000000
20316 -23948.000000
20317 -24028.000000
20318 -24036.000000
20319 -24160.000000
20320 -23844.000000
20321 -24280.000000
20322 -24280.000000
20323 -24480.000000
20324 -24664.000000
20325 -24540.000000
20326 -24416.000000
20327 -24128.000000
20328 -24308.000000
20329 -24748.000000
20330 -24756.000000
20331 -24252.000000
20332 -24316.000000
20333 -24192.000000
20334 -24092.000000
20335 -23908.000000
20336 -24020.000000
20337 -23908.000000
20338 -23996.000000
20339 -24064.000000
20340 -23800.000000
20341 -24380.000000
20342 -24112.000000
20343 -23888.000000
20344 -24392.000000
20345 -23880.000000
20346 -24032.000000
20347 -24040.000000
20348 -24016.000000
20349 -24644.000000
20350 -24612.000000
20351 -24612.000000
20352 -24588.000000
20353 -24624.000000
20354 -24168.000000
20355 -23884.000000
20356 -23780.000000
20357 -23756.000000
20358 -23712.000000
20359 -23800.000000
20360 -24512.000000
20361 -24300.000000
20362 -24140.000000
20363 -24120.000000
20364 -24392.000000
20365 -24156.000000
20366 -24156.000000
20367 -24344.000000
20368 -24464.000000
20369 -24048.000000
20370 -23860.000000
20371 -23876.000000
20372 -23820.000000
20373 -24248.000000
20374 -24540.000000
20375 -24496.000000
20376 -24868.000000
20377 -24608.000000
20378 -24372.000000
20379 -24376.000000
20380 -24328.000000
20381 -24200.000000
20382 -24156.000000
20383 -24240.000000
20384 -23852.000000
20385 -23828.000000
20386 -24056.000000
20387 -24072.000000
20388 -24316.000000
20389 -24060.000000
20390 -24304.000000
20391 -24308.000000
20392 -24060.000000
20393 -24072.000000
20394 -24176.000000
20395 -24220.000000
20396 -23848.000000
20397 -23844.000000
20398 -24388.000000
20399 -24412.000000
20400 -24688.000000
20401 -24760.000000
20402 -24196.000000
20403 -23900.000000
20404 -23840.000000
20405 -24048.000000
20406 -23776.000000
20407 -23020.000000
20408 -23556.000000
20409 -23596.000000
20410 -23368.000000
20411 -23612.000000
20412 -23928.000000
20413 -23980.000000
20414 -24076.000000
20415 -23900.000000
20416 -23768.000000
20417 -23852.000000
20418 -24000.000000
20419 -24272.000000
20420 -23680.000000
20421 -23556.000000
20422 -23648.000000
20423 -23576.000000
20424 -23796.000000
20425 -24236.000000
20426 -23984.000000
20427 -24080.000000
20428 -24028.000000
20429 -23620.000000
20430 -23776.000000
20431 -23756.000000
20432 -23632.000000
20433 -23968.000000
20434 -23516.000000
20435 -23712.000000
20436 -23736.000000
20437 -23864.000000
20438 -23760.000000
20439 -23640.000000
20440 -24024.000000
20441 -23900.000000
20442 -23880.000000
20443 -23944.000000
20444 -23656.000000
20445 -23680.000000
20446 -23664.000000
20447 -23804.000000
20448 -23536.000000
20449 -23680.000000
20450 -23304.000000
20451 -23824.000000
20452 -23716.000000
20453 -23736.000000
20454 -23900.000000
20455 -23764.000000
20456 -23852.000000
20457 -23524.000000
20458 -23748.000000
20459 -23436.000000
20460 -23176.000000
20461 -23512.000000
20462 -23636.000000
20463 -23252.000000
20464 -23480.000000
20465 -23876.000000
20466 -23928.000000
20467 -23884.000000
20468 -24280.000000
20469 -24072.000000
20470 -23968.000000
20471 -23800.000000
20472 -24164.000000
20473 -24120.000000
20474 -24188.000000
20475 -24216.000000
20476 -23844.000000
20477 -24116.000000
20478 -23564.000000
20479 -23572.000000
20480 -23588.000000
20481 -23800.000000
20482 -23784.000000
20483 -24048.000000
20484 -24056.000000
20485 -23940.000000
20486 -24252.000000
20487 -23820.000000
20488 -24288.000000
20489 -24652.000000
20490 -24536.000000
20491 -24584.000000
20492 -24492.000000
20493 -24356.000000
20494 -24188.000000
20495 -24692.000000
20496 -24248.000000
20497 -24412.000000
20498 -24444.000000
20499 -24156.000000
20500 -23708.000000
20501 -23880.000000
20502 -23824.000000
20503 -24092.000000
20504 -24136.000000
20505 -24004.000000
20506 -24140.000000
20507 -23796.000000
20508 -23860.000000
20509 -23916.000000
20510 -23940.000000
20511 -24108.000000
20512 -23424.000000
20513 -23592.000000
20514 -23780.000000
20515 -23900.000000
20516 -23668.000000
20517 -23812.000000
20518 -24000.000000
20519 -24020.000000
20520 -23724.000000
20521 -23820.000000
20522 -24016.000000
20523 -23884.000000
20524 -23924.000000
20525 -24112.000000
20526 -24260.000000
20527 -23864.000000
20528 -23800.000000
20529 -23548.000000
20530 -23884.000000
20531 -23516.000000
20532 -23552.000000
20533 -24228.000000
20534 -24424.000000
20535 -24104.000000
20536 -23936.000000
20537 -23668.000000
20538 -23648.000000
20539 -23692.000000
20540 -23464.000000
20541 -23876.000000
20542 -23520.000000
20543 -23536.000000
20544 -23264.000000
20545 -23528.000000
20546 -23636.000000
20547 -23612.000000
20548 -23556.000000
20549 -23440.000000
20550 -23320.000000
20551 -23580.000000
20552 -24224.000000
20553 -24236.000000
20554 -24120.000000
20555 -24236.000000
20556 -24104.000000
20557 -24172.000000
20558 -23980.000000
20559 -23968.000000
20560 -24024.000000
20561 -23540.000000
20562 -23572.000000
20563 -23584.000000
20564 -23440.000000
20565 -23720.000000
20566 -24032.000000
20567 -24076.000000
20568 -23952.000000
20569 -24548.000000
20570 -24068.000000
20571 -24496.000000
20572 -24464.000000
20573 -24136.000000
20574 -24248.000000
20575 -24428.000000
20576 -24584.000000
20577 -24104.000000
20578 -23960.000000
20579 -23760.000000
20580 -23852.000000
20581 -23840.000000
20582 -23660.000000
20583 -23556.000000
20584 -23656.000000
20585 -23528.000000
20586 -23304.000000
20587 -23516.000000
20588 -23120.000000
20589 -23184.000000
20590 -23480.000000
20591 -23516.000000
20592 -23584.000000
20593 -23736.000000
20594 -23620.000000
20595 -23248.000000
20596 -23272.000000
20597 -23528.000000
20598 -23528.000000
20599 -23628.000000
20600 -23800.000000
20601 -23532.000000
20602 -23916.000000
20603 -23196.000000
20604 -23340.000000
20605 -23652.000000
20606 -23708.000000
20607 -23428.000000
20608 -23732.000000
20609 -23816.000000
20610 -23568.000000
20611 -22964.000000
20612 -23380.000000
20613 -23192.000000
20614 -22912.000000
20615 -23720.000000
20616 -23624.000000
20617 -23296.000000
20618 -23120.000000
20619 -23032.000000
20620 -23232.000000
20621 -23024.000000
20622 -23280.000000
20623 -23188.000000
20624 -23784.000000
20625 -24044.000000
20626 -23780.000000
20627 -23248.000000
20628 -23556.000000
20629 -23504.000000
20630 -23540.000000
20631 -23332.000000
20632 -23828.000000
20633 -24180.000000
20634 -23744.000000
20635 -24124.000000
20636 -23984.000000
20637 -23476.000000
20638 -23944.000000
20639 -23804.000000
20640 -23560.000000
20641 -23464.000000
20642 -23200.000000
20643 -23660.000000
20644 -24012.000000
20645 -23796.000000
20646 -23816.000000
20647 -23676.000000
20648 -23476.000000
20649 -23508.000000
20650 -23884.000000
20651 -23892.000000
20652 -24092.000000
20653 -23864.000000
20654 -23472.000000
20655 -23888.000000
20656 -23984.000000
20657 -24020.000000
20658 -24500.000000
20659 -23960.000000
20660 -23864.000000
20661 -23648.000000
20662 -24108.000000
20663 -23956.000000
20664 -24112.000000
20665 -24332.000000
20666 -24468.000000
20667 -24304.000000
20668 -23880.000000
20669 -23440.000000
20670 -23820.000000
20671 -23664.000000
20672 -23784.000000
20673 -24100.000000
20674 -23996.000000
20675 -23636.000000
20676 -24272.000000
20677 -24124.000000
20678 -23812.000000
20679 -24284.000000
20680 -24936.000000
20681 -24604.000000
20682 -24412.000000
20683 -24208.000000
20684 -24092.000000
20685 -24224.000000
20686 -24420.000000
20687 -24600.000000
20688 -24480.000000
20689 -24352.000000
20690 -24400.000000
20691 -24304.000000
20692 -24448.000000
20693 -24424.000000
20694 -24440.000000
20695 -24460.000000
20696 -24024.000000
20697 -24296.000000
20698 -24140.000000
20699 -24164.000000
20700 -23968.000000
20701 -24232.000000
20702 -24184.000000
20703 -24212.000000
20704 -24308.000000
20705 -23852.000000
20706 -24044.000000
20707 -23844.000000
20708 -24368.000000
20709 -24008.000000
20710 -24148.000000
20711 -24148.000000
20712 -23656.000000
20713 -23716.000000
20714 -23504.000000
20715 -23636.000000
20716 -23576.000000
20717 -24068.000000
20718 -23904.000000
20719 -23692.000000
20720 -23688.000000
20721 -23516.000000
20722 -23048.000000
20723 -23320.000000
20724 -23232.000000
20725 -22928.000000
20726 -23400.000000
20727 -23364.000000
20728 -23464.000000
20729 -23060.000000
20730 -23372.000000
20731 -23604.000000
20732 -23740.000000
20733 -23204.000000
20734 -23524.000000
20735 -22980.000000
20736 -23248.000000
20737 -23292.000000
20738 -23320.000000
20739 -23292.000000
20740 -23436.000000
20741 -23680.000000
20742 -23568.000000
20743 -23564.000000
20744 -23444.000000
20745 -23296.000000
20746 -22992.000000
20747 -22932.000000
20748 -22780.000000
20749 -23152.000000
20750 -23044.000000
20751 -22912.000000
20752 -22912.000000
20753 -23036.000000
20754 -23180.000000
20755 -23496.000000
20756 -23836.000000
20757 -23664.000000
20758 -24060.000000
20759 -23728.000000
20760 -23116.000000
20761 -23000.000000
20762 -22952.000000
20763 -23128.000000
20764 -23452.000000
20765 -23104.000000
20766 -23244.000000
20767 -23632.000000
20768 -23572.000000
20769 -23388.000000
20770 -23108.000000
20771 -23020.000000
20772 -23428.000000
20773 -23312.000000
20774 -22956.000000
20775 -22952.000000
20776 -22996.000000
20777 -23048.000000
20778 -22860.000000
20779 -23272.000000
20780 -23276.000000
20781 -23148.000000
20782 -23032.000000
20783 -23516.000000
20784 -23480.000000
20785 -22944.000000
20786 -23072.000000
20787 -23144.000000
20788 -23272.000000
20789 -23200.000000
20790 -23060.000000
20791 -22964.000000
20792 -23808.000000
20793 -23732.000000
20794 -23384.000000
20795 -23448.000000
20796 -23364.000000
20797 -23428.000000
20798 -23316.000000
20799 -23752.000000
20800 -23736.000000
20801 -23584.000000
20802 -23288.000000
20803 -23384.000000
20804 -23484.000000
20805 -23660.000000
20806 -23404.000000
20807 -22820.000000
20808 -23096.000000
20809 -23204.000000
20810 -23540.000000
20811 -23524.000000
20812 -23584.000000
20813 -23028.000000
20814 -23244.000000
20815 -23240.000000
20816 -23292.000000
20817 -22752.000000
20818 -23384.000000
20819 -23484.000000
20820 -23608.000000
20821 -23268.000000
20822 -22840.000000
20823 -23152.000000
20824 -23088.000000
20825 -23136.000000
20826 -23104.000000
20827 -22964.000000
20828 -22764.000000
20829 -22980.000000
20830 -23356.000000
20831 -23528.000000
20832 -23480.000000
20833 -23540.000000
20834 -23604.000000
20835 -23684.000000
20836 -23688.000000
20837 -23844.000000
20838 -23480.000000
20839 -23456.000000
20840 -23824.000000
20841 -24072.000000
20842 -23908.000000
20843 -24008.000000
20844 -24208.000000
20845 -23896.000000
20846 -23984.000000
20847 -23828.000000
20848 -23848.000000
20849 -23864.000000
20850 -23656.000000
20851 -23400.000000
20852 -23636.000000
20853 -23632.000000
20854 -23416.000000
20855 -23708.000000
20856 -23852.000000
20857 -23736.000000
20858 -23724.000000
20859 -23856.000000
20860 -23724.000000
20861 -23788.000000
20862 -23840.000000
20863 -23808.000000
20864 -23968.000000
20865 -23584.000000
20866 -23400.000000
20867 -23780.000000
20868 -23792.000000
20869 -23796.000000
20870 -23868.000000
20871 -23884.000000
20872 -23772.000000
20873 -23652.000000
20874 -23456.000000
20875 -23572.000000
20876 -23716.000000
20877 -23312.000000
20878 -23592.000000
20879 -23972.000000
20880 -23880.000000
20881 -23872.000000
20882 -24248.000000
20883 -23620.000000
20884 -23892.000000
20885 -24500.000000
20886 -24092.000000
20887 -23780.000000
20888 -23544.000000
20889 -23808.000000
20890 -23892.000000
20891 -23660.000000
20892 -23588.000000
20893 -23872.000000
20894 -23840.000000
20895 -23920.000000
20896 -24164.000000
20897 -23984.000000
20898 -23644.000000
20899 -23732.000000
20900 -24084.000000
20901 -23696.000000
20902 -23780.000000
20903 -23604.000000
20904 -23600.000000
20905 -24176.000000
20906 -24088.000000
20907 -24232.000000
20908 -24408.000000
20909 -23960.000000
20910 -23932.000000
20911 -23872.000000
20912 -24140.000000
20913 -24224.000000
20914 -24104.000000
20915 -24116.000000
20916 -24276.000000
20917 -23720.000000
20918 -23952.000000
20919 -23840.000000
20920 -23752.000000
20921 -23864.000000
20922 -23780.000000
20923 -23852.000000
20924 -23860.000000
20925 -23692.000000
20926 -23952.000000
20927 -23740.000000
20928 -23584.000000
20929 -23404.000000
20930 -23652.000000
20931 -23332.000000
20932 -23332.000000
20933 -23176.000000
20934 -23284.000000
20935 -23156.000000
20936 -23664.000000
20937 -23468.000000
20938 -23436.000000
20939 -23664.000000
20940 -23192.000000
20941 -23100.000000
20942 -22808.000000
20943 -23248.000000
20944 -23352.000000
20945 -23200.000000
20946 -23200.000000
20947 -23092.000000
20948 -23288.000000
20949 -22928.000000
20950 -23316.000000
20951 -23224.000000
20952 -23192.000000
20953 -23264.000000
20954 -23268.000000
20955 -23380.000000
20956 -23212.000000
20957 -23228.000000
20958 -23408.000000
20959 -23652.000000
20960 -23572.000000
20961 -23880.000000
20962 -23928.000000
20963 -23760.000000
20964 -23492.000000
20965 -23516.000000
20966 -23884.000000
20967 -23640.000000
20968 -23732.000000
20969 -23648.000000
20970 -23604.000000
20971 -23844.000000
20972 -23916.000000
20973 -23612.000000
20974 -23584.000000
20975 -23720.000000
20976 -23600.000000
20977 -23368.000000
20978 -23208.000000
20979 -23240.000000
20980 -22932.000000
20981 -23436.000000
20982 -23816.000000
20983 -23872.000000
20984 -23584.000000
20985 -23960.000000
20986 -23760.000000
20987 -23436.000000
20988 -23176.000000
20989 -23336.000000
20990 -23668.000000
20991 -23696.000000
20992 -23648.000000
20993 -23620.000000
20994 -23468.000000
20995 -23604.000000
20996 -23776.000000
20997 -24100.000000
20998 -24116.000000
20999 -23940.000000
21000 -24032.000000
21001 -24108.000000
21002 -23844.000000
21003 -23952.000000
21004 -24308.000000
21005 -24408.000000
21006 -24020.000000
21007 -24084.000000
21008 -24472.000000
21009 -24408.000000
21010 -24736.000000
21011 -24268.000000
21012 -23752.000000
21013 -23904.000000
21014 -23664.000000
21015 -23900.000000
21016 -23516.000000
21017 -23236.000000
21018 -23444.000000
21019 -23912.000000
21020 -23680.000000
21021 -23564.000000
21022 -23828.000000
21023 -23824.000000
21024 -24244.000000
21025 -23852.000000
21026 -23916.000000
21027 -23992.000000
21028 -23772.000000
21029 -23844.000000
21030 -23804.000000
21031 -24112.000000
21032 -24252.000000
21033 -24076.000000
21034 -24024.000000
21035 -23856.000000
21036 -23808.000000
21037 -23640.000000
21038 -23536.000000
21039 -23648.000000
21040 -23736.000000
21041 -23884.000000
21042 -23876.000000
21043 -23932.000000
21044 -23808.000000
21045 -23928.000000
21046 -23712.000000
21047 -23796.000000
21048 -23500.000000
21049 -23196.000000
21050 -23524.000000
21051 -23620.000000
21052 -23592.000000
21053 -23528.000000
21054 -23860.000000
21055 -23544.000000
21056 -23528.000000
21057 -23724.000000
21058 -23168.000000
21059 -23320.000000
21060 -22960.000000
21061 -23340.000000
21062 -23380.000000
21063 -23148.000000
21064 -23156.000000
21065 -23284.000000
21066 -23520.000000
21067 -23400.000000
21068 -23336.000000
21069 -23580.000000
21070 -23116.000000
21071 -23396.000000
21072 -23488.000000
21073 -23968.000000
21074 -23820.000000
21075 -23364.000000
21076 -23532.000000
21077 -23504.000000
21078 -23872.000000
21079 -23960.000000
21080 -23864.000000
21081 -23984.000000
21082 -23828.000000
21083 -24140.000000
21084 -23824.000000
21085 -24444.000000
21086 -24284.000000
21087 -24064.000000
21088 -24532.000000
21089 -24452.000000
21090 -24304.000000
21091 -24144.000000
21092 -23992.000000
21093 -24000.000000
21094 -23700.000000
21095 -23912.000000
21096 -24296.000000
21097 -24208.000000
21098 -23680.000000
21099 -23840.000000
21100 -23876.000000
21101 -23992.000000
21102 -24016.000000
21103 -23768.000000
21104 -23660.000000
21105 -24052.000000
21106 -23768.000000
21107 -23348.000000
21108 -23148.000000
21109 -22832.000000
21110 -23188.000000
21111 -24060.000000
21112 -24252.000000
21113 -24324.000000
21114 -24052.000000
21115 -23872.000000
21116 -23848.000000
21117 -23884.000000
21118 -23380.000000
21119 -23524.000000
21120 -23624.000000
21121 -23732.000000
21122 -23428.000000
21123 -23704.000000
21124 -23700.000000
21125 -23800.000000
21126 -23932.000000
21127 -23968.000000
21128 -23816.000000
21129 -23616.000000
21130 -23868.000000
21131 -23868.000000
21132 -23932.000000
21133 -24008.000000
21134 -23916.000000
21135 -24336.000000
21136 -23728.000000
21137 -23660.000000
21138 -23888.000000
21139 -23740.000000
21140 -23740.000000
21141 -23928.000000
21142 -23852.000000
21143 -24012.000000
21144 -23836.000000
21145 -23408.000000
21146 -23568.000000
21147 -24276.000000
21148 -24108.000000
21149 -23408.000000
21150 -23592.000000
21151 -23408.000000
21152 -24144.000000
21153 -23692.000000
21154 -23508.000000
21155 -23204.000000
21156 -23384.000000
21157 -23388.000000
21158 -23364.000000
21159 -23320.000000
21160 -23184.000000
21161 -23252.000000
21162 -23824.000000
21163 -23652.000000
21164 -23064.000000
21165 -23548.000000
21166 -23676.000000
21167 -23556.000000
21168 -23288.000000
21169 -23544.000000
21170 -23272.000000
21171 -23336.000000
21172 -23364.000000
21173 -23440.000000
21174 -23288.000000
21175 -23252.000000
21176 -23468.000000
21177 -23748.000000
21178 -24064.000000
21179 -24132.000000
21180 -24224.000000
21181 -24036.000000
21182 -23956.000000
21183 -24128.000000
21184 -23952.000000
21185 -24212.000000
21186 -23876.000000
21187 -24048.000000
21188 -24044.000000
21189 -24000.000000
21190 -24136.000000
21191 -23712.000000
21192 -23744.000000
21193 -23000.000000
21194 -23948.000000
21195 -23956.000000
21196 -24076.000000
21197 -23612.000000
21198 -23668.000000
21199 -23896.000000
21200 -23720.000000
21201 -24360.000000
21202 -24132.000000
21203 -24460.000000
21204 -24240.000000
21205 -24180.000000
21206 -24308.000000
21207 -24048.000000
21208 -24324.000000
21209 -24524.000000
21210 -24044.000000
21211 -23212.000000
21212 -23808.000000
21213 -23764.000000
21214 -23756.000000
21215 -24524.000000
21216 -23980.000000
21217 -24048.000000
21218 -24436.000000
21219 -24524.000000
21220 -24416.000000
21221 -24356.000000
21222 -24408.000000
21223 -24924.000000
21224 -24848.000000
21225 -25112.000000
21226 -24824.000000
21227 -24836.000000
21228 -24488.000000
21229 -24200.000000
21230 -24152.000000
21231 -23996.000000
21232 -23832.000000
21233 -23984.000000
21234 -23656.000000
21235 -23920.000000
21236 -24084.000000
21237 -23728.000000
21238 -23832.000000
21239 -23284.000000
21240 -23744.000000
21241 -23744.000000
21242 -23576.000000
21243 -23668.000000
21244 -23560.000000
21245 -23720.000000
21246 -23468.000000
21247 -23828.000000
21248 -23816.000000
21249 -23588.000000
21250 -23404.000000
21251 -23320.000000
21252 -23604.000000
21253 -23520.000000
21254 -23552.000000
21255 -23544.000000
21256 -23056.000000
21257 -23596.000000
21258 -23632.000000
21259 -23616.000000
21260 -23612.000000
21261 -23916.000000
21262 -24084.000000
21263 -24108.000000
21264 -23892.000000
21265 -23928.000000
21266 -24332.000000
21267 -23764.000000
21268 -24248.000000
21269 -23884.000000
21270 -24168.000000
21271 -24248.000000
21272 -24236.000000
21273 -23876.000000
21274 -24152.000000
21275 -24408.000000
21276 -24264.000000
21277 -24152.000000
21278 -23912.000000
21279 -23728.000000
21280 -24092.000000
21281 -24736.000000
21282 -24308.000000
21283 -24192.000000
21284 -24176.000000
21285 -24180.000000
21286 -24344.000000
21287 -24864.000000
21288 -24568.000000
21289 -24244.000000
21290 -24340.000000
21291 -24420.000000
21292 -24536.000000
21293 -24548.000000
21294 -24496.000000
21295 -24128.000000
21296 -24404.000000
21297 -24080.000000
21298 -24156.000000
21299 -24220.000000
21300 -24000.000000
21301 -23956.000000
21302 -23996.000000
21303 -24176.000000
21304 -24120.000000
21305 -23892.000000
21306 -23924.000000
21307 -24240.000000
21308 -23928.000000
21309 -23804.000000
21310 -24048.000000
21311 -23848.000000
21312 -23968.000000
21313 -24084.000000
21314 -24064.000000
21315 -24440.000000
21316 -23816.000000
21317 -24012.000000
21318 -23776.000000
21319 -23384.000000
21320 -23364.000000
21321 -23272.000000
21322 -23312.000000
21323 -23716.000000
21324 -23700.000000
21325 -23972.000000
21326 -24348.000000
21327 -24196.000000
21328 -24000.000000
21329 -24024.000000
21330 -24148.000000
21331 -24044.000000
21332 -24212.000000
21333 -24188.000000
21334 -24208.000000
21335 -24200.000000
21336 -24244.000000
21337 -24624.000000
21338 -24420.000000
21339 -24220.000000
21340 -24436.000000
21341 -24080.000000
21342 -24024.000000
21343 -23788.000000
21344 -23640.000000
21345 -23744.000000
21346 -23864.000000
21347 -24400.000000
21348 -24040.000000
21349 -24872.000000
21350 -24092.000000
21351 -23764.000000
21352 -24004.000000
21353 -24252.000000
21354 -24392.000000
21355 -24432.000000
21356 -23792.000000
21357 -23568.000000
21358 -23940.000000
21359 -23768.000000
21360 -23736.000000
21361 -24100.000000
21362 -23772.000000
21363 -24044.000000
21364 -23932.000000
21365 -23684.000000
21366 -24100.000000
21367 -23632.000000
21368 -24076.000000
21369 -23780.000000
21370 -24132.000000
21371 -23768.000000
21372 -23768.000000
21373 -23992.000000
21374 -23972.000000
21375 -24108.000000
21376 -24148.000000
21377 -23720.000000
21378 -24000.000000
21379 -23936.000000
21380 -24624.000000
21381 -24292.000000
21382 -23984.000000
21383 -23772.000000
21384 -23948.000000
21385 -23912.000000
21386 -24008.000000
21387 -23612.000000
21388 -23932.000000
21389 -23760.000000
21390 -23372.000000
21391 -23372.000000
21392 -23668.000000
21393 -23284.000000
21394 -23456.000000
21395 -23628.000000
21396 -23516.000000
21397 -23908.000000
21398 -23792.000000
21399 -23884.000000
21400 -23668.000000
21401 -24052.000000
21402 -24000.000000
21403 -24048.000000
21404 -23944.000000
21405 -23920.000000
21406 -23720.000000
21407 -23356.000000
21408 -23692.000000
21409 -23752.000000
21410 -23520.000000
21411 -23764.000000
21412 -23812.000000
21413 -23752.000000
21414 -23628.000000
21415 -23580.000000
21416 -23628.000000
21417 -23800.000000
21418 -23640.000000
21419 -23412.000000
21420 -23576.000000
21421 -23764.000000
21422 -23524.000000
21423 -23660.000000
21424 -23456.000000
21425 -23308.000000
21426 -23472.000000
21427 -24000.000000
21428 -23952.000000
21429 -23948.000000
21430 -23868.000000
21431 -24156.000000
21432 -23920.000000
21433 -23792.000000
21434 -23860.000000
21435 -23792.000000
21436 -23680.000000
21437 -24036.000000
21438 -24172.000000
21439 -24396.000000
21440 -24648.000000
21441 -24188.000000
21442 -24372.000000
21443 -24308.000000
21444 -24296.000000
21445 -23588.000000
21446 -24080.000000
21447 -24168.000000
21448 -24084.000000
21449 -24288.000000
21450 -24328.000000
21451 -24032.000000
21452 -24212.000000
21453 -24348.000000
21454 -24252.000000
21455 -24304.000000
21456 -24428.000000
21457 -24248.000000
21458 -24340.000000
21459 -24700.000000
21460 -24644.000000
21461 -24644.000000
21462 -24628.000000
21463 -24556.000000
21464 -24528.000000
21465 -24116.000000
21466 -24436.000000
21467 -23904.000000
21468 -24232.000000
21469 -24528.000000
21470 -24140.000000
21471 -24388.000000
21472 -24352.000000
21473 -24256.000000
21474 -24336.000000
21475 -23860.000000
21476 -23864.000000
21477 -24000.000000
21478 -23836.000000
21479 -23768.000000
21480 -23112.000000
21481 -23796.000000
21482 -23300.000000
21483 -23260.000000
21484 -22956.000000
21485 -23220.000000
21486 -23324.000000
21487 -23388.000000
21488 -23476.000000
21489 -23524.000000
21490 -23420.000000
21491 -23704.000000
21492 -23580.000000
21493 -23344.000000
21494 -23676.000000
21495 -23580.000000
21496 -23360.000000
21497 -23452.000000
21498 -23280.000000
21499 -23472.000000
21500 -23536.000000
21501 -23776.000000
21502 -24312.000000
21503 -23964.000000
21504 -23940.000000
21505 -23580.000000
21506 -23544.000000
21507 -23672.000000
21508 -23540.000000
21509 -23984.000000
21510 -23588.000000
21511 -23536.000000
21512 -23976.000000
21513 -24292.000000
21514 -24200.000000
21515 -24276.000000
21516 -24444.000000
21517 -24536.000000
21518 -24328.000000
21519 -24284.000000
21520 -24456.000000
21521 -24164.000000
21522 -24480.000000
21523 -24300.000000
21524 -23996.000000
21525 -23664.000000
21526 -23844.000000
21527 -23608.000000
21528 -23772.000000
21529 -23696.000000
21530 -23376.000000
21531 -23844.000000
21532 -24052.000000
21533 -23792.000000
21534 -23772.000000
21535 -24064.000000
21536 -24008.000000
21537 -24148.000000
21538 -23912.000000
21539 -23912.000000
21540 -23872.000000
21541 -24184.000000
21542 -24660.000000
21543 -24324.000000
21544 -24196.000000
21545 -24028.000000
21546 -24008.000000
21547 -24232.000000
21548 -24272.000000
21549 -24236.000000
21550 -24160.000000
21551 -23996.000000
21552 -24016.000000
21553 -24216.000000
21554 -23988.000000
21555 -23912.000000
21556 -23780.000000
21557 -24144.000000
21558 -23984.000000
21559 -23856.000000
21560 -23356.000000
21561 -23960.000000
21562 -24000.000000
21563 -24040.000000
21564 -24044.000000
21565 -23988.000000
21566 -23872.000000
21567 -23752.000000
21568 -24184.000000
21569 -24488.000000
21570 -24172.000000
21571 -24308.000000
21572 -24104.000000
21573 -24096.000000
21574 -24468.000000
21575 -24096.000000
21576 -24200.000000
21577 -24420.000000
21578 -24048.000000
21579 -24208.000000
21580 -24332.000000
21581 -24084.000000
21582 -24232.000000
21583 -24424.000000
21584 -24200.000000
21585 -24340.000000
21586 -24648.000000
21587 -24300.000000
21588 -24048.000000
21589 -23940.000000
21590 -24188.000000
21591 -24268.000000
21592 -24068.000000
21593 -24364.000000
21594 -24068.000000
21595 -24268.000000
21596 -24292.000000
21597 -23772.000000
21598 -24148.000000
21599 -24020.000000
21600 -23728.000000
21601 -23848.000000
21602 -24244.000000
21603 -24324.000000
21604 -23860.000000
21605 -23784.000000
21606 -23692.000000
21607 -23752.000000
21608 -23448.000000
21609 -23316.000000
21610 -23548.000000
21611 -23320.000000
21612 -23232.000000
21613 -23244.000000
21614 -23224.000000
21615 -23016.000000
21616 -23272.000000
21617 -23440.000000
21618 -23784.000000
21619 -23776.000000
21620 -23632.000000
21621 -23332.000000
21622 -23820.000000
21623 -23460.000000
21624 -23612.000000
21625 -23388.000000
21626 -23740.000000
21627 -23536.000000
21628 -23312.000000
21629 -23600.000000
21630 -23620.000000
21631 -23576.000000
21632 -23400.000000
21633 -23440.000000
21634 -23360.000000
21635 -23768.000000
21636 -23928.000000
21637 -23364.000000
21638 -23128.000000
21639 -23704.000000
21640 -23648.000000
21641 -23844.000000
21642 -23940.000000
21643 -23964.000000
21644 -23840.000000
21645 -23992.000000
21646 -24056.000000
21647 -23740.000000
21648 -23860.000000
21649 -24416.000000
21650 -24164.000000
21651 -23872.000000
21652 -23920.000000
21653 -23684.000000
21654 -23508.000000
21655 -23804.000000
21656 -23268.000000
21657 -23436.000000
21658 -23844.000000
21659 -23584.000000
21660 -23768.000000
21661 -23856.000000
21662 -24196.000000
21663 -24192.000000
21664 -24200.000000
21665 -23940.000000
21666 -23864.000000
21667 -23864.000000
21668 -23916.000000
21669 -23996.000000
21670 -24024.000000
21671 -24020.000000
21672 -24004.000000
21673 -23588.000000
21674 -23744.000000
21675 -24008.000000
21676 -24188.000000
21677 -23768.000000
21678 -23444.000000
21679 -23700.000000
21680 -23312.000000
21681 -23296.000000
21682 -23436.000000
21683 -24000.000000
21684 -23648.000000
21685 -23460.000000
21686 -23784.000000
21687 -23904.000000
21688 -23728.000000
21689 -23844.000000
21690 -23876.000000
21691 -23188.000000
21692 -23744.000000
21693 -23756.000000
21694 -23144.000000
21695 -23424.000000
21696 -23724.000000
21697 -23300.000000
21698 -23116.000000
21699 -23280.000000
21700 -23660.000000
21701 -23716.000000
21702 -23612.000000
21703 -23364.000000
21704 -23460.000000
21705 -23924.000000
21706 -24408.000000
21707 -24256.000000
21708 -23656.000000
21709 -23848.000000
21710 -23680.000000
21711 -23584.000000
21712 -23308.000000
21713 -23748.000000
21714 -23912.000000
21715 -23692.000000
21716 -23680.000000
21717 -23512.000000
21718 -23744.000000
21719 -23544.000000
21720 -23196.000000
21721 -23756.000000
21722 -23176.000000
21723 -23440.000000
21724 -23620.000000
21725 -23344.000000
21726 -23704.000000
21727 -23596.000000
21728 -23448.000000
21729 -23716.000000
21730 -24028.000000
21731 -23616.000000
21732 -23828.000000
21733 -23776.000000
21734 -24136.000000
21735 -23760.000000
21736 -23860.000000
21737 -23968.000000
21738 -24032.000000
21739 -24032.000000
21740 -23616.000000
21741 -23948.000000
21742 -23980.000000
21743 -23964.000000
21744 -24092.000000
21745 -24116.000000
21746 -23992.000000
21747 -24072.000000
21748 -23968.000000
21749 -24088.000000
21750 -23644.000000
21751 -24084.000000
21752 -23888.000000
21753 -23848.000000
21754 -23860.000000
21755 -24056.000000
21756 -23740.000000
21757 -23452.000000
21758 -23260.000000
21759 -23356.000000
21760 -23164.000000
21761 -23240.000000
21762 -23824.000000
21763 -24028.000000
21764 -23708.000000
21765 -23768.000000
21766 -23772.000000
21767 -24048.000000
21768 -23924.000000
21769 -23744.000000
21770 -23916.000000
21771 -23520.000000
21772 -23540.000000
21773 -23672.000000
21774 -23692.000000
21775 -23656.000000
21776 -23480.000000
21777 -23696.000000
21778 -23576.000000
21779 -23624.000000
21780 -23716.000000
21781 -23560.000000
21782 -23848.000000
21783 -24200.000000
21784 -24280.000000
21785 -24168.000000
21786 -24028.000000
21787 -23916.000000
21788 -23768.000000
21789 -23612.000000
21790 -23476.000000
21791 -24044.000000
21792 -23980.000000
21793 -23816.000000
21794 -23924.000000
21795 -24036.000000
21796 -23848.000000
21797 -23672.000000
21798 -23476.000000
21799 -23424.000000
21800 -23336.000000
21801 -23684.000000
21802 -23576.000000
21803 -23656.000000
21804 -23364.000000
21805 -23872.000000
21806 -23796.000000
21807 -23844.000000
21808 -24096.000000
21809 -23932.000000
21810 -23932.000000
21811 -23600.000000
21812 -23940.000000
21813 -23960.000000
21814 -24220.000000
21815 -24296.000000
21816 -24168.000000
21817 -24516.000000
21818 -24560.000000
21819 -24448.000000
21820 -24620.000000
21821 -24328.000000
21822 -24340.000000
21823 -24484.000000
21824 -24636.000000
21825 -24156.000000
21826 -23792.000000
21827 -23812.000000
21828 -23816.000000
21829 -23868.000000
21830 -23808.000000
21831 -23600.000000
21832 -23600.000000
21833 -23956.000000
21834 -23744.000000
21835 -23972.000000
21836 -24220.000000
21837 -23784.000000
21838 -23616.000000
21839 -23540.000000
21840 -23844.000000
21841 -23528.000000
21842 -23496.000000
21843 -24048.000000
21844 -23876.000000
21845 -23412.000000
21846 -23488.000000
21847 -23636.000000
21848 -23444.000000
21849 -23892.000000
21850 -23956.000000
21851 -23824.000000
21852 -23900.000000
21853 -24236.000000
21854 -24100.000000
21855 -24140.000000
21856 -24676.000000
21857 -24416.000000
21858 -24272.000000
21859 -24156.000000
21860 -23920.000000
21861 -23596.000000
21862 -23940.000000
21863 -23872.000000
21864 -23740.000000
21865 -23728.000000
21866 -23716.000000
21867 -23972.000000
21868 -23444.000000
21869 -23084.000000
21870 -23620.000000
21871 -23472.000000
21872 -23540.000000
21873 -23688.000000
21874 -23148.000000
21875 -23556.000000
21876 -23580.000000
21877 -23264.000000
21878 -23480.000000
21879 -23260.000000
21880 -22776.000000
21881 -23328.000000
21882 -23288.000000
21883 -23292.000000
21884 -23364.000000
21885 -23240.000000
21886 -23080.000000
21887 -23056.000000
21888 -22640.000000
21889 -22944.000000
21890 -23604.000000
21891 -23320.000000
21892 -23564.000000
21893 -23300.000000
21894 -23556.000000
21895 -23492.000000
21896 -23756.000000
21897 -23264.000000
21898 -23492.000000
21899 -23416.000000
21900 -23276.000000
21901 -23204.000000
21902 -23180.000000
21903 -23352.000000
21904 -23336.000000
21905 -23368.000000
21906 -23680.000000
21907 -23152.000000
21908 -23196.000000
21909 -23288.000000
21910 -23184.000000
21911 -23004.000000
21912 -23120.000000
21913 -23184.000000
21914 -23336.000000
21915 -23244.000000
21916 -23352.000000
21917 -23152.000000
21918 -23376.000000
21919 -23444.000000
21920 -23324.000000
21921 -23064.000000
21922 -23088.000000
21923 -23324.000000
21924 -23264.000000
21925 -23612.000000
21926 -23724.000000
21927 -23388.000000
21928 -23224.000000
21929 -23136.000000
21930 -23320.000000
21931 -23316.000000
21932 -23180.000000
21933 -23012.000000
21934 -22976.000000
21935 -23632.000000
21936 -23536.000000
21937 -23312.000000
21938 -23348.000000
21939 -23552.000000
21940 -23304.000000
21941 -23556.000000
21942 -23532.000000
21943 -23496.000000
21944 -23348.000000
21945 -23044.000000
21946 -23100.000000
21947 -23224.000000
21948 -23512.000000
21949 -23416.000000
21950 -23292.000000
21951 -23164.000000
21952 -22932.000000
21953 -22696.000000
21954 -22640.000000
21955 -22904.000000
21956 -22856.000000
21957 -23440.000000
21958 -23160.000000
21959 -23360.000000
21960 -23100.000000
21961 -23120.000000
21962 -23564.000000
21963 -23084.000000
21964 -22704.000000
21965 -23092.000000
21966 -22960.000000
21967 -22792.000000
21968 -23072.000000
21969 -23156.000000
21970 -23508.000000
21971 -23500.000000
21972 -23596.000000
21973 -23340.000000
21974 -23160.000000
21975 -23540.000000
21976 -23472.000000
21977 -23648.000000
21978 -23428.000000
21979 -23520.000000
21980 -23076.000000
21981 -23344.000000
21982 -23520.000000
21983 -23552.000000
21984 -23668.000000
21985 -24112.000000
21986 -23644.000000
21987 -23364.000000
21988 -23504.000000
21989 -23640.000000
21990 -23508.000000
21991 -23444.000000
21992 -23380.000000
21993 -22936.000000
21994 -22888.000000
21995 -23244.000000
21996 -23616.000000
21997 -23588.000000
21998 -23260.000000
21999 -23060.000000
22000 -23180.000000
22001 -23016.000000
22002 -22844.000000
22003 -23084.000000
22004 -23376.000000
22005 -23824.000000
22006 -23428.000000
22007 -23472.000000
22008 -23364.000000
22009 -23548.000000
22010 -23528.000000
22011 -23684.000000
22012 -23468.000000
22013 -23352.000000
22014 -23080.000000
22015 -23140.000000
22016 -22988.000000
22017 -22776.000000
22018 -23060.000000
22019 -23128.000000
22020 -22624.000000
22021 -23092.000000
22022 -23296.000000
22023 -23180.000000
22024 -23300.000000
22025 -23288.000000
22026 -22896.000000
22027 -23248.000000
22028 -23176.000000
22029 -23480.000000
22030 -23276.000000
22031 -23040.000000
22032 -23048.000000
22033 -22952.000000
22034 -22676.000000
22035 -22388.000000
22036 -23024.000000
22037 -22764.000000
22038 -22656.000000
22039 -22612.000000
22040 -22968.000000
22041 -22928.000000
22042 -23000.000000
22043 -22800.000000
22044 -23420.000000
22045 -22776.000000
22046 -23068.000000
22047 -22992.000000
22048 -22932.000000
22049 -23308.000000
22050 -23756.000000
22051 -23172.000000
22052 -23440.000000
22053 -23704.000000
22054 -23064.000000
22055 -22500.000000
22056 -22884.000000
22057 -23068.000000
22058 -22788.000000
22059 -23136.000000
22060 -23172.000000
22061 -23008.000000
22062 -22868.000000
22063 -22936.000000
22064 -22680.000000
22065 -22808.000000
22066 -22620.000000
22067 -22320.000000
22068 -22656.000000
22069 -23224.000000
22070 -23288.000000
22071 -22992.000000
22072 -22940.000000
22073 -23196.000000
22074 -23356.000000
22075 -23416.000000
22076 -23380.000000
22077 -23252.000000
22078 -23328.000000
22079 -23424.000000
22080 -23252.000000
22081 -23748.000000
22082 -23428.000000
22083 -23620.000000
22084 -23576.000000
22085 -23608.000000
22086 -23392.000000
22087 -22828.000000
22088 -22840.000000
22089 -22884.000000
22090 -23004.000000
22091 -23516.000000
22092 -22804.000000
22093 -22872.000000
22094 -23332.000000
22095 -23448.000000
22096 -23464.000000
22097 -22948.000000
22098 -22932.000000
22099 -22828.000000
22100 -22780.000000
22101 -22652.000000
22102 -22992.000000
22103 -23080.000000
22104 -22800.000000
22105 -23008.000000
22106 -22820.000000
22107 -23108.000000
22108 -22968.000000
22109 -23016.000000
22110 -23332.000000
22111 -23224.000000
22112 -23308.000000
22113 -23376.000000
22114 -22864.000000
22115 -22776.000000
22116 -22564.000000
22117 -22728.000000
22118 -22520.000000
22119 -22472.000000
22120 -22928.000000
22121 -22672.000000
22122 -22636.000000
22123 -22920.000000
22124 -22860.000000
22125 -23164.000000
22126 -23180.000000
22127 -23216.000000
22128 -23484.000000
22129 -23340.000000
22130 -23328.000000
22131 -23152.000000
22132 -23144.000000
22133 -22536.000000
22134 -22584.000000
22135 -22924.000000
22136 -22784.000000
22137 -22816.000000
22138 -22904.000000
22139 -22704.000000
22140 -22892.000000
22141 -23020.000000
22142 -22912.000000
22143 -22560.000000
22144 -22592.000000
22145 -22748.000000
22146 -23064.000000
22147 -22644.000000
22148 -22788.000000
22149 -22744.000000
22150 -22700.000000
22151 -22544.000000
22152 -22992.000000
22153 -23188.000000
22154 -23148.000000
22155 -22952.000000
22156 -23192.000000
22157 -23220.000000
22158 -22892.000000
22159 -22736.000000
22160 -22268.000000
22161 -22432.000000
22162 -22176.000000
22163 -22020.000000
22164 -22500.000000
22165 -22680.000000
22166 -22792.000000
22167 -22616.000000
22168 -22832.000000
22169 -22804.000000
22170 -23104.000000
22171 -22984.000000
22172 -22940.000000
22173 -22852.000000
22174 -23072.000000
22175 -23204.000000
22176 -23416.000000
22177 -23184.000000
22178 -23404.000000
22179 -23212.000000
22180 -23296.000000
22181 -22632.000000
22182 -22928.000000
22183 -23168.000000
22184 -23104.000000
22185 -23144.000000
22186 -23064.000000
22187 -23356.000000
22188 -22852.000000
22189 -23264.000000
22190 -23024.000000
22191 -23112.000000
22192 -23200.000000
22193 -23032.000000
22194 -23400.000000
22195 -23212.000000
22196 -23532.000000
22197 -23528.000000
22198 -23704.000000
22199 -23712.000000
22200 -23708.000000
22201 -23496.000000
22202 -23388.000000
22203 -23392.000000
22204 -23320.000000
22205 -23512.000000
22206 -22948.000000
22207 -22992.000000
22208 -23148.000000
22209 -23012.000000
22210 -22672.000000
22211 -22764.000000
22212 -22688.000000
22213 -23008.000000
22214 -22824.000000
22215 -23008.000000
22216 -23256.000000
22217 -23360.000000
22218 -23100.000000
22219 -23424.000000
22220 -23444.000000
22221 -22952.000000
22222 -23152.000000
22223 -23612.000000
22224 -23292.000000
22225 -23336.000000
22226 -23208.000000
22227 -23244.000000
22228 -23384.000000
22229 -23228.000000
22230 -22984.000000
22231 -23004.000000
22232 -23132.000000
22233 -23332.000000
22234 -23312.000000
22235 -23156.000000
22236 -23288.000000
22237 -23472.000000
22238 -23432.000000
22239 -23452.000000
22240 -23148.000000
22241 -23536.000000
22242 -23284.000000
22243 -23696.000000
22244 -23216.000000
22245 -23396.000000
22246 -23928.000000
22247 -23216.000000
22248 -23148.000000
22249 -23136.000000
22250 -23332.000000
22251 -23720.000000
22252 -23388.000000
22253 -23620.000000
22254 -23380.000000
22255 -22872.000000
22256 -23100.000000
22257 -23860.000000
22258 -23636.000000
22259 -23624.000000
22260 -23544.000000
22261 -23216.000000
22262 -23328.000000
22263 -23740.000000
22264 -23684.000000
22265 -23716.000000
22266 -23332.000000
22267 -23496.000000
22268 -23392.000000
22269 -23356.000000
22270 -23268.000000
22271 -23368.000000
22272 -23332.000000
22273 -23084.000000
22274 -22768.000000
22275 -23076.000000
22276 -23320.000000
22277 -23504.000000
22278 -23524.000000
22279 -23772.000000
22280 -23696.000000
22281 -23388.000000
22282 -22992.000000
22283 -23244.000000
22284 -23556.000000
22285 -23128.000000
22286 -23096.000000
22287 -22788.000000
22288 -23000.000000
22289 -23044.000000
22290 -23184.000000
22291 -22980.000000
22292 -23024.000000
22293 -23168.000000
22294 -23136.000000
22295 -23112.000000
22296 -23188.000000
22297 -22816.000000
22298 -23028.000000
22299 -23472.000000
22300 -23272.000000
22301 -23496.000000
22302 -23400.000000
22303 -23128.000000
22304 -23600.000000
22305 -23560.000000
22306 -23456.000000
22307 -23236.000000
22308 -23536.000000
22309 -23524.000000
22310 -23816.000000
22311 -23460.000000
22312 -23136.000000
22313 -23404.000000
22314 -23292.000000
22315 -23172.000000
22316 -23056.000000
22317 -23264.000000
22318 -23316.000000
22319 -23032.000000
22320 -23660.000000
22321 -23336.000000
22322 -23572.000000
22323 -23760.000000
22324 -23628.000000
22325 -23176.000000
22326 -23300.000000
22327 -22904.000000
22328 -23260.000000
22329 -23320.000000
22330 -23316.000000
22331 -23316.000000
22332 -23500.000000
22333 -23552.000000
22334 -23552.000000
22335 -23744.000000
22336 -23492.000000
22337 -23404.000000
22338 -23408.000000
22339 -23196.000000
22340 -23604.000000
22341 -23912.000000
22342 -23920.000000
22343 -24320.000000
22344 -23688.000000
22345 -23536.000000
22346 -23540.000000
22347 -23748.000000
22348 -23668.000000
22349 -24104.000000
22350 -24068.000000
22351 -23484.000000
22352 -24016.000000
22353 -24212.000000
22354 -23688.000000
22355 -23664.000000
22356 -23452.000000
22357 -23672.000000
22358 -23988.000000
22359 -23748.000000
22360 -23956.000000
22361 -23948.000000
22362 -24008.000000
22363 -23948.000000
22364 -24204.000000
22365 -24400.000000
22366 -23828.000000
22367 -24220.000000
22368 -24140.000000
22369 -24016.000000
22370 -23960.000000
22371 -24268.000000
22372 -23844.000000
22373 -23576.000000
22374 -23540.000000
22375 -23508.000000
22376 -23524.000000
22377 -23364.000000
22378 -23320.000000
22379 -23624.000000
22380 -23876.000000
22381 -23544.000000
22382 -23868.000000
22383 -23436.000000
22384 -23324.000000
22385 -23584.000000
22386 -23944.000000
22387 -23812.000000
22388 -23532.000000
22389 -23344.000000
22390 -22672.000000
22391 -23256.000000
22392 -23684.000000
22393 -23664.000000
22394 -23892.000000
22395 -23408.000000
22396 -23560.000000
22397 -23404.000000
22398 -23732.000000
22399 -23492.000000
22400 -23396.000000
22401 -23852.000000
22402 -23940.000000
22403 -23888.000000
22404 -23948.000000
22405 -24088.000000
22406 -24256.000000
22407 -24228.000000
22408 -23964.000000
22409 -23892.000000
22410 -23908.000000
22411 -24180.000000
22412 -24168.000000
22413 -23852.000000
22414 -24320.000000
22415 -24688.000000
22416 -24756.000000
22417 -24252.000000
22418 -23840.000000
22419 -23740.000000
22420 -23976.000000
22421 -24052.000000
22422 -24276.000000
22423 -24052.000000
22424 -23976.000000
22425 -24096.000000
22426 -24044.000000
22427 -23712.000000
22428 -24148.000000
22429 -23796.000000
22430 -23768.000000
22431 -23888.000000
22432 -24316.000000
22433 -24168.000000
22434 -24232.000000
22435 -23928.000000
22436 -24096.000000
22437 -23872.000000
22438 -24236.000000
22439 -24220.000000
22440 -24028.000000
22441 -24184.000000
22442 -24640.000000
22443 -24872.000000
22444 -24644.000000
22445 -24932.000000
22446 -24588.000000
22447 -24424.000000
22448 -23996.000000
22449 -23920.000000
22450 -24244.000000
22451 -24040.000000
22452 -23964.000000
22453 -23672.000000
22454 -23872.000000
22455 -23732.000000
22456 -23652.000000
22457 -24060.000000
22458 -23840.000000
22459 -23972.000000
22460 -24292.000000
22461 -24172.000000
22462 -24328.000000
22463 -24316.000000
22464 -24500.000000
22465 -24048.000000
22466 -24048.000000
22467 -23908.000000
22468 -23616.000000
22469 -23912.000000
22470 -23600.000000
22471 -23640.000000
22472 -23844.000000
22473 -23604.000000
22474 -24716.000000
22475 -24000.000000
22476 -24060.000000
22477 -23840.000000
22478 -23628.000000
22479 -23580.000000
22480 -23380.000000
22481 -23944.000000
22482 -24500.000000
22483 -24404.000000
22484 -24144.000000
22485 -24404.000000
22486 -23732.000000
22487 -23892.000000
22488 -24080.000000
22489 -24296.000000
22490 -23920.000000
22491 -23884.000000
22492 -23496.000000
22493 -24024.000000
22494 -23456.000000
22495 -23992.000000
22496 -24000.000000
22497 -24112.000000
22498 -24084.000000
22499 -24320.000000
22500 -24552.000000
22501 -24056.000000
22502 -23768.000000
22503 -23956.000000
22504 -24100.000000
22505 -23944.000000
22506 -23984.000000
22507 -23724.000000
22508 -23968.000000
22509 -23548.000000
22510 -23556.000000
22511 -23664.000000
22512 -24124.000000
22513 -24272.000000
22514 -24624.000000
22515 -24404.000000
22516 -24460.000000
22517 -24404.000000
22518 -24952.000000
22519 -24648.000000
22520 -24604.000000
22521 -24696.000000
22522 -24376.000000
22523 -24336.000000
22524 -24432.000000
22525 -24440.000000
22526 -24228.000000
22527 -24144.000000
22528 -24144.000000
22529 -23884.000000
22530 -24296.000000
22531 -24156.000000
22532 -24176.000000
22533 -24304.000000
22534 -24592.000000
22535 -24428.000000
22536 -24428.000000
22537 -23916.000000
22538 -23988.000000
22539 -23892.000000
22540 -23660.000000
22541 -23808.000000
22542 -24208.000000
22543 -24196.000000
22544 -23976.000000
22545 -24004.000000
22546 -23588.000000
22547 -23652.000000
22548 -23996.000000
22549 -23532.000000
22550 -23580.000000
22551 -23392.000000
22552 -23324.000000
22553 -23812.000000
22554 -23720.000000
22555 -23140.000000
22556 -23336.000000
22557 -23548.000000
22558 -23672.000000
22559 -23408.000000
22560 -23412.000000
22561 -23532.000000
22562 -23896.000000
22563 -23964.000000
22564 -23524.000000
22565 -23416.000000
22566 -23340.000000
22567 -23632.000000
22568 -23644.000000
22569 -24040.000000
22570 -24164.000000
22571 -24060.000000
22572 -24536.000000
22573 -24548.000000
22574 -24540.000000
22575 -24312.000000
22576 -24168.000000
22577 -23968.000000
22578 -24084.000000
22579 -23872.000000
22580 -23988.000000
22581 -24352.000000
22582 -23996.000000
22583 -23864.000000
22584 -23976.000000
22585 -24284.000000
22586 -24132.000000
22587 -24140.000000
22588 -23996.000000
22589 -23832.000000
22590 -24188.000000
22591 -24468.000000
22592 -24384.000000
22593 -24036.000000
22594 -23932.000000
22595 -24044.000000
22596 -24176.000000
22597 -24228.000000
22598 -24260.000000
22599 -24584.000000
22600 -24316.000000
22601 -24268.000000
22602 -24256.000000
22603 -23740.000000
22604 -23808.000000
22605 -23544.000000
22606 -23680.000000
22607 -23768.000000
22608 -23580.000000
22609 -24148.000000
22610 -23928.000000
22611 -24064.000000
22612 -23992.000000
22613 -24128.000000
22614 -24380.000000
22615 -24192.000000
22616 -23604.000000
22617 -24064.000000
22618 -23808.000000
22619 -23860.000000
22620 -23536.000000
22621 -23228.000000
22622 -23628.000000
22623 -23444.000000
22624 -24092.000000
22625 -23452.000000
22626 -23852.000000
22627 -23776.000000
22628 -24152.000000
22629 -23912.000000
22630 -23816.000000
22631 -23696.000000
22632 -23528.000000
22633 -23480.000000
22634 -23596.000000
22635 -23860.000000
22636 -24016.000000
22637 -23564.000000
22638 -23332.000000
22639 -23300.000000
22640 -23284.000000
22641 -24140.000000
22642 -23752.000000
22643 -23400.000000
22644 -23428.000000
22645 -24004.000000
22646 -23912.000000
22647 -23748.000000
22648 -23736.000000
22649 -23824.000000
22650 -23556.000000
22651 -23548.000000
22652 -23640.000000
22653 -23796.000000
22654 -23816.000000
22655 -23740.000000
22656 -24208.000000
22657 -23860.000000
22658 -24468.000000
22659 -24016.000000
22660 -23944.000000
22661 -24000.000000
22662 -24004.000000
22663 -24064.000000
22664 -24224.000000
22665 -24188.000000
22666 -24088.000000
22667 -23544.000000
22668 -23700.000000
22669 -23808.000000
22670 -23732.000000
22671 -23444.000000
22672 -23808.000000
22673 -23888.000000
22674 -23668.000000
22675 -24008.000000
22676 -23952.000000
22677 -23480.000000
22678 -23868.000000
22679 -23484.000000
22680 -23568.000000
22681 -23524.000000
22682 -23708.000000
22683 -23592.000000
22684 -23412.000000
22685 -23620.000000
22686 -23784.000000
22687 -23664.000000
22688 -23364.000000
22689 -23272.000000
22690 -23396.000000
22691 -23840.000000
22692 -23696.000000
22693 -23444.000000
22694 -23484.000000
22695 -23232.000000
22696 -23608.000000
22697 -23672.000000
22698 -23668.000000
22699 -23584.000000
22700 -23364.000000
22701 -23544.000000
22702 -23964.000000
22703 -24108.000000
22704 -23936.000000
22705 -23880.000000
22706 -23444.000000
22707 -23380.000000
22708 -23932.000000
22709 -24088.000000
22710 -24352.000000
22711 -24032.000000
22712 -23708.000000
22713 -23556.000000
22714 -23536.000000
22715 -23536.000000
22716 -23396.000000
22717 -23076.000000
22718 -23628.000000
22719 -23576.000000
22720 -24112.000000
22721 -24024.000000
22722 -24204.000000
22723 -24044.000000
22724 -23904.000000
22725 -24164.000000
22726 -23812.000000
22727 -23740.000000
22728 -23504.000000
22729 -23964.000000
22730 -23856.000000
22731 -23660.000000
22732 -23480.000000
22733 -23460.000000
22734 -23580.000000
22735 -23420.000000
22736 -23764.000000
22737 -23928.000000
22738 -23756.000000
22739 -24064.000000
22740 -23952.000000
22741 -24208.000000
22742 -24284.000000
22743 -24088.000000
22744 -23128.000000
22745 -23672.000000
22746 -23344.000000
22747 -24000.000000
22748 -23932.000000
22749 -23900.000000
22750 -23512.000000
22751 -23760.000000
22752 -23996.000000
22753 -23996.000000
22754 -23572.000000
22755 -23784.000000
22756 -23908.000000
22757 -23816.000000
22758 -23852.000000
22759 -23832.000000
22760 -24368.000000
22761 -23836.000000
22762 -23992.000000
22763 -24072.000000
22764 -24036.000000
22765 -23872.000000
22766 -23700.000000
22767 -23848.000000
22768 -23792.000000
22769 -23704.000000
22770 -23888.000000
22771 -23676.000000
22772 -23700.000000
22773 -23540.000000
22774 -23884.000000
22775 -23908.000000
22776 -23320.000000
22777 -23704.000000
22778 -23612.000000
22779 -23472.000000
22780 -23904.000000
22781 -23572.000000
22782 -23592.000000
22783 -23644.000000
22784 -22844.000000
22785 -23520.000000
22786 -23468.000000
22787 -24036.000000
22788 -23620.000000
22789 -23644.000000
22790 -23776.000000
22791 -24196.000000
22792 -24076.000000
22793 -23756.000000
22794 -23708.000000
22795 -23656.000000
22796 -23660.000000
22797 -23664.000000
22798 -23448.000000
22799 -23456.000000
22800 -23308.000000
22801 -23260.000000
22802 -23600.000000
22803 -23644.000000
22804 -23400.000000
22805 -23376.000000
22806 -23136.000000
22807 -23212.000000
22808 -23404.000000
22809 -23664.000000
22810 -23720.000000
22811 -23476.000000
22812 -24060.000000
22813 -24344.000000
22814 -24048.000000
22815 -24132.000000
22816 -23760.000000
22817 -23524.000000
22818 -23272.000000
22819 -23680.000000
22820 -23592.000000
22821 -23412.000000
22822 -23748.000000
22823 -24080.000000
22824 -24088.000000
22825 -24088.000000
22826 -24132.000000
22827 -24132.000000
22828 -24360.000000
22829 -24180.000000
22830 -24292.000000
22831 -24468.000000
22832 -24364.000000
22833 -23972.000000
22834 -23812.000000
22835 -23676.000000
22836 -23536.000000
22837 -23740.000000
22838 -23636.000000
22839 -23608.000000
22840 -23752.000000
22841 -23820.000000
22842 -23760.000000
22843 -23472.000000
22844 -23504.000000
22845 -23812.000000
22846 -23492.000000
22847 -23548.000000
22848 -23976.000000
22849 -23180.000000
22850 -23096.000000
22851 -23412.000000
22852 -23420.000000
22853 -23592.000000
22854 -23768.000000
22855 -23936.000000
22856 -23740.000000
22857 -23580.000000
22858 -23844.000000
22859 -23780.000000
22860 -23396.000000
22861 -23160.000000
22862 -23568.000000
22863 -23388.000000
22864 -23612.000000
22865 -23824.000000
22866 -23684.000000
22867 -23756.000000
22868 -24124.000000
22869 -24208.000000
22870 -23556.000000
22871 -23556.000000
22872 -23172.000000
22873 -23672.000000
22874 -23692.000000
22875 -23488.000000
22876 -23432.000000
22877 -23824.000000
22878 -24152.000000
22879 -24172.000000
22880 -23724.000000
22881 -23936.000000
22882 -23964.000000
22883 -24096.000000
22884 -23948.000000
22885 -23972.000000
22886 -23664.000000
22887 -23672.000000
22888 -23804.000000
22889 -23328.000000
22890 -23224.000000
22891 -23368.000000
22892 -24140.000000
22893 -23920.000000
22894 -23948.000000
22895 -23904.000000
22896 -23768.000000
22897 -23576.000000
22898 -23844.000000
22899 -24292.000000
22900 -24112.000000
22901 -23800.000000
22902 -23824.000000
22903 -23736.000000
22904 -23972.000000
22905 -23704.000000
22906 -23624.000000
22907 -23608.000000
22908 -23296.000000
22909 -24000.000000
22910 -23932.000000
22911 -24184.000000
22912 -24136.000000
22913 -24040.000000
22914 -24292.000000
22915 -24408.000000
22916 -24412.000000
22917 -24652.000000
22918 -24360.000000
22919 -23968.000000
22920 -24204.000000
22921 -23944.000000
22922 -23916.000000
22923 -23992.000000
22924 -23380.000000
22925 -23944.000000
22926 -24096.000000
22927 -23660.000000
22928 -24148.000000
22929 -23880.000000
22930 -23924.000000
22931 -23376.000000
22932 -23256.000000
22933 -23728.000000
22934 -23636.000000
22935 -23584.000000
22936 -24040.000000
22937 -23692.000000
22938 -23588.000000
22939 -23724.000000
22940 -24112.000000
22941 -24280.000000
22942 -24412.000000
22943 -23972.000000
22944 -23724.000000
22945 -23712.000000
22946 -23564.000000
22947 -23744.000000
22948 -23896.000000
22949 -24028.000000
22950 -23860.000000
22951 -23912.000000
22952 -23988.000000
22953 -24236.000000
22954 -24240.000000
22955 -23892.000000
22956 -23996.000000
22957 -24160.000000
22958 -24208.000000
22959 -23980.000000
22960 -23876.000000
22961 -24420.000000
22962 -23992.000000
22963 -23560.000000
22964 -23652.000000
22965 -23636.000000
22966 -23692.000000
22967 -23916.000000
22968 -23660.000000
22969 -23676.000000
22970 -23888.000000
22971 -23796.000000
22972 -23788.000000
22973 -23904.000000
22974 -23540.000000
22975 -23616.000000
22976 -23428.000000
22977 -23232.000000
22978 -23132.000000
22979 -23600.000000
22980 -24032.000000
22981 -23712.000000
22982 -24180.000000
22983 -23820.000000
22984 -23860.000000
22985 -24068.000000
22986 -23848.000000
22987 -23576.000000
22988 -23836.000000
22989 -23560.000000
22990 -23432.000000
22991 -23380.000000
22992 -23660.000000
22993 -23392.000000
22994 -23492.000000
22995 -23444.000000
22996 -23820.000000
22997 -23920.000000
22998 -24460.000000
22999 -24224.000000
23000 -23940.000000
23001 -24488.000000
23002 -24436.000000
23003 -23804.000000
23004 -24308.000000
23005 -23952.000000
23006 -24276.000000
23007 -24524.000000
23008 -24512.000000
23009 -24096.000000
23010 -23968.000000
23011 -23712.000000
23012 -23792.000000
23013 -24144.000000
23014 -23924.000000
23015 -23984.000000
23016 -24108.000000
23017 -24092.000000
23018 -24156.000000
23019 -23960.000000
23020 -24128.000000
23021 -24180.000000
23022 -23872.000000
23023 -23992.000000
23024 -23600.000000
23025 -23860.000000
23026 -24388.000000
23027 -24120.000000
23028 -23904.000000
23029 -24036.000000
23030 -23908.000000
23031 -23704.000000
23032 -23908.000000
23033 -23808.000000
23034 -24032.000000
23035 -24284.000000
23036 -24212.000000
23037 -23816.000000
23038 -24052.000000
23039 -24056.000000
23040 -24108.000000
23041 -24508.000000
23042 -24204.000000
23043 -23820.000000
23044 -23672.000000
23045 -23388.000000
23046 -23064.000000
23047 -23688.000000
23048 -23440.000000
23049 -23444.000000
23050 -23512.000000
23051 -23496.000000
23052 -23548.000000
23053 -23732.000000
23054 -23556.000000
23055 -23488.000000
23056 -24112.000000
23057 -24336.000000
23058 -24460.000000
23059 -24268.000000
23060 -24336.000000
23061 -23984.000000
23062 -24188.000000
23063 -24104.000000
23064 -24000.000000
23065 -23492.000000
23066 -23720.000000
23067 -23972.000000
23068 -23836.000000
23069 -24000.000000
23070 -24008.000000
23071 -23900.000000
23072 -24000.000000
23073 -23936.000000
23074 -24124.000000
23075 -24192.000000
23076 -24076.000000
23077 -24164.000000
23078 -24040.000000
23079 -23784.000000
23080 -23520.000000
23081 -23488.000000
23082 -23520.000000
23083 -23856.000000
23084 -23972.000000
23085 -23656.000000
23086 -24068.000000
23087 -23784.000000
23088 -23292.000000
23089 -23824.000000
23090 -23636.000000
23091 -23596.000000
23092 -23924.000000
23093 -23640.000000
23094 -23592.000000
23095 -23800.000000
23096 -23544.000000
23097 -23340.000000
23098 -23340.000000
23099 -23328.000000
23100 -23700.000000
23101 -23124.000000
23102 -23388.000000
23103 -23540.000000
23104 -23356.000000
23105 -23452.000000
23106 -23424.000000
23107 -24172.000000
23108 -23700.000000
23109 -23484.000000
23110 -23960.000000
23111 -23928.000000
23112 -23616.000000
23113 -23852.000000
23114 -23900.000000
23115 -23784.000000
23116 -23716.000000
23117 -23460.000000
23118 -23584.000000
23119 -23564.000000
23120 -23628.000000
23121 -23364.000000
23122 -23152.000000
23123 -23092.000000
23124 -23440.000000
23125 -23508.000000
23126 -23388.000000
23127 -23128.000000
23128 -23372.000000
23129 -23656.000000
23130 -23612.000000
23131 -23632.000000
23132 -23544.000000
23133 -23676.000000
23134 -24048.000000
23135 -24052.000000
23136 -23792.000000
23137 -23748.000000
23138 -24128.000000
23139 -23968.000000
23140 -23988.000000
23141 -23780.000000
23142 -23692.000000
23143 -24020.000000
23144 -24060.000000
23145 -23620.000000
23146 -23676.000000
23147 -23808.000000
23148 -23836.000000
23149 -23756.000000
23150 -23940.000000
23151 -23708.000000
23152 -23620.000000
23153 -23876.000000
23154 -23944.000000
23155 -23928.000000
23156 -23656.000000
23157 -23512.000000
23158 -23256.000000
23159 -23992.000000
23160 -24032.000000
23161 -23688.000000
23162 -23456.000000
23163 -23740.000000
23164 -23808.000000
23165 -23892.000000
23166 -23752.000000
23167 -23468.000000
23168 -23776.000000
23169 -23708.000000
23170 -23888.000000
23171 -23660.000000
23172 -23504.000000
23173 -23484.000000
23174 -23564.000000
23175 -24020.000000
23176 -23936.000000
23177 -23880.000000
23178 -23908.000000
23179 -23712.000000
23180 -23588.000000
23181 -23740.000000
23182 -23684.000000
23183 -24172.000000
23184 -24188.000000
23185 -23644.000000
23186 -23640.000000
23187 -23764.000000
23188 -23904.000000
23189 -23564.000000
23190 -23788.000000
23191 -23696.000000
23192 -23560.000000
23193 -23808.000000
23194 -23948.000000
23195 -23432.000000
23196 -23748.000000
23197 -23964.000000
23198 -24232.000000
23199 -24000.000000
23200 -23604.000000
23201 -23668.000000
23202 -24188.000000
23203 -24072.000000
23204 -24352.000000
23205 -24120.000000
23206 -23680.000000
23207 -23944.000000
23208 -23808.000000
23209 -23732.000000
23210 -23752.000000
23211 -23712.000000
23212 -23696.000000
23213 -23948.000000
23214 -23784.000000
23215 -24016.000000
23216 -24004.000000
23217 -23876.000000
23218 -23520.000000
23219 -23972.000000
23220 -23480.000000
23221 -23476.000000
23222 -23416.000000
23223 -23616.000000
23224 -23720.000000
23225 -23668.000000
23226 -23504.000000
23227 -23896.000000
23228 -23944.000000
23229 -23728.000000
23230 -23580.000000
23231 -23488.000000
23232 -23420.000000
23233 -23440.000000
23234 -23380.000000
23235 -23804.000000
23236 -23772.000000
23237 -23708.000000
23238 -24056.000000
23239 -23960.000000
23240 -24032.000000
23241 -24084.000000
23242 -23828.000000
23243 -23872.000000
23244 -24024.000000
23245 -23768.000000
23246 -23704.000000
23247 -23904.000000
23248 -23964.000000
23249 -23688.000000
23250 -22964.000000
23251 -23272.000000
23252 -23484.000000
23253 -23852.000000
23254 -23956.000000
23255 -24072.000000
23256 -23736.000000
23257 -24296.000000
23258 -23960.000000
23259 -24240.000000
23260 -24028.000000
23261 -23808.000000
23262 -23700.000000
23263 -23652.000000
23264 -23332.000000
23265 -23476.000000
23266 -23744.000000
23267 -23624.000000
23268 -23812.000000
23269 -23524.000000
23270 -23836.000000
23271 -23696.000000
23272 -24004.000000
23273 -23904.000000
23274 -23844.000000
23275 -23660.000000
23276 -23400.000000
23277 -23436.000000
23278 -23652.000000
23279 -23480.000000
23280 -23708.000000
23281 -23752.000000
23282 -23620.000000
23283 -23688.000000
23284 -23580.000000
23285 -23488.000000
23286 -23340.000000
23287 -24056.000000
23288 -23736.000000
23289 -23868.000000
23290 -23856.000000
23291 -23736.000000
23292 -23648.000000
23293 -23776.000000
23294 -23956.000000
23295 -23896.000000
23296 -23316.000000
23297 -23888.000000
23298 -23996.000000
23299 -24076.000000
23300 -23980.000000
23301 -23808.000000
23302 -23948.000000
23303 -24052.000000
23304 -23984.000000
23305 -24380.000000
23306 -24100.000000
23307 -23932.000000
23308 -24212.000000
23309 -24304.000000
23310 -23820.000000
23311 -23812.000000
23312 -24044.000000
23313 -24408.000000
23314 -24508.000000
23315 -24508.000000
23316 -24176.000000
23317 -24344.000000
23318 -24128.000000
23319 -24052.000000
23320 -23744.000000
23321 -23876.000000
23322 -23772.000000
23323 -24200.000000
23324 -24252.000000
23325 -24096.000000
23326 -24072.000000
23327 -24056.000000
23328 -23700.000000
23329 -23692.000000
23330 -23592.000000
23331 -23368.000000
23332 -23608.000000
23333 -23900.000000
23334 -23724.000000
23335 -23808.000000
23336 -23860.000000
23337 -23872.000000
23338 -23732.000000
23339 -23812.000000
23340 -23272.000000
23341 -23632.000000
23342 -23680.000000
23343 -23700.000000
23344 -23664.000000
23345 -23520.000000
23346 -23512.000000
23347 -23740.000000
23348 -23640.000000
23349 -23784.000000
23350 -23760.000000
23351 -23272.000000
23352 -23180.000000
23353 -23592.000000
23354 -23720.000000
23355 -23472.000000
23356 -23528.000000
23357 -23740.000000
23358 -23660.000000
23359 -23816.000000
23360 -23632.000000
23361 -23696.000000
23362 -23568.000000
23363 -23732.000000
23364 -23840.000000
23365 -23584.000000
23366 -23636.000000
23367 -24024.000000
23368 -23692.000000
23369 -23920.000000
23370 -23444.000000
23371 -23752.000000
23372 -23844.000000
23373 -24152.000000
23374 -23724.000000
23375 -23736.000000
23376 -23528.000000
23377 -23600.000000
23378 -23836.000000
23379 -23972.000000
23380 -24044.000000
23381 -23856.000000
23382 -24276.000000
23383 -24116.000000
23384 -24136.000000
23385 -23692.000000
23386 -23472.000000
23387 -23392.000000
23388 -23124.000000
23389 -23424.000000
23390 -23340.000000
23391 -23212.000000
23392 -23540.000000
23393 -23504.000000
23394 -22984.000000
23395 -23532.000000
23396 -23420.000000
23397 -23508.000000
23398 -24044.000000
23399 -23856.000000
23400 -23676.000000
23401 -23824.000000
23402 -24028.000000
23403 -23504.000000
23404 -23156.000000
23405 -23940.000000
23406 -24232.000000
23407 -23680.000000
23408 -23208.000000
23409 -23252.000000
23410 -23296.000000
23411 -23300.000000
23412 -23668.000000
23413 -23240.000000
23414 -23916.000000
23415 -23992.000000
23416 -23692.000000
23417 -23464.000000
23418 -23084.000000
23419 -23712.000000
23420 -24020.000000
23421 -23808.000000
23422 -24116.000000
23423 -24292.000000
23424 -24324.000000
23425 -24012.000000
23426 -23884.000000
23427 -23860.000000
23428 -23616.000000
23429 -23608.000000
23430 -23692.000000
23431 -23908.000000
23432 -23592.000000
23433 -23384.000000
23434 -23616.000000
23435 -23672.000000
23436 -24084.000000
23437 -23932.000000
23438 -23836.000000
23439 -23912.000000
23440 -23912.000000
23441 -23676.000000
23442 -23476.000000
23443 -23452.000000
23444 -23616.000000
23445 -24184.000000
23446 -23656.000000
23447 -24096.000000
23448 -23572.000000
23449 -23620.000000
23450 -23916.000000
23451 -23448.000000
23452 -23500.000000
23453 -23436.000000
23454 -23404.000000
23455 -23252.000000
23456 -23272.000000
23457 -23316.000000
23458 -23324.000000
23459 -23392.000000
23460 -22988.000000
23461 -23344.000000
23462 -23704.000000
23463 -23444.000000
23464 -23448.000000
23465 -23280.000000
23466 -23712.000000
23467 -23184.000000
23468 -23488.000000
23469 -24016.000000
23470 -23720.000000
23471 -24020.000000
23472 -23704.000000
23473 -23592.000000
23474 -23748.000000
23475 -23852.000000
23476 -23824.000000
23477 -23524.000000
23478 -23528.000000
23479 -23680.000000
23480 -23436.000000
23481 -23588.000000
23482 -23380.000000
23483 -23056.000000
23484 -23068.000000
23485 -22852.000000
23486 -23068.000000
23487 -23088.000000
23488 -23280.000000
23489 -23284.000000
23490 -22996.000000
23491 -22784.000000
23492 -23424.000000
23493 -23296.000000
23494 -23592.000000
23495 -23784.000000
23496 -23448.000000
23497 -23396.000000
23498 -23080.000000
23499 -23160.000000
23500 -23380.000000
23501 -23632.000000
23502 -23592.000000
23503 -23516.000000
23504 -23400.000000
23505 -23060.000000
23506 -23108.000000
23507 -22832.000000
23508 -23068.000000
23509 -23116.000000
23510 -23140.000000
23511 -23552.000000
23512 -23196.000000
23513 -23272.000000
23514 -23500.000000
23515 -23372.000000
23516 -23616.000000
23517 -23496.000000
23518 -23556.000000
23519 -23440.000000
23520 -23248.000000
23521 -23380.000000
23522 -23508.000000
23523 -23924.000000
23524 -23764.000000
23525 -23324.000000
23526 -23616.000000
23527 -23592.000000
23528 -23544.000000
23529 -23492.000000
23530 -24072.000000
23531 -23740.000000
23532 -23532.000000
23533 -23792.000000
23534 -23832.000000
23535 -23488.000000
23536 -23768.000000
23537 -23956.000000
23538 -24220.000000
23539 -23960.000000
23540 -24148.000000
23541 -24328.000000
23542 -23912.000000
23543 -23372.000000
23544 -23488.000000
23545 -23392.000000
23546 -24004.000000
23547 -23476.000000
23548 -23540.000000
23549 -23704.000000
23550 -23544.000000
23551 -23952.000000
23552 -23640.000000
23553 -23396.000000
23554 -23844.000000
23555 -23920.000000
23556 -23060.000000
23557 -23804.000000
23558 -23524.000000
23559 -23448.000000
23560 -23496.000000
23561 -23656.000000
23562 -23432.000000
23563 -23688.000000
23564 -23824.000000
23565 -23628.000000
23566 -23320.000000
23567 -23356.000000
23568 -23888.000000
23569 -23360.000000
23570 -23188.000000
23571 -22780.000000
23572 -23376.000000
23573 -23220.000000
23574 -23180.000000
23575 -23568.000000
23576 -23248.000000
23577 -23072.000000
23578 -23492.000000
23579 -23304.000000
23580 -23412.000000
23581 -23552.000000
23582 -22816.000000
23583 -22732.000000
23584 -23172.000000
23585 -23360.000000
23586 -23376.000000
23587 -23652.000000
23588 -23344.000000
23589 -23808.000000
23590 -23468.000000
23591 -23360.000000
23592 -22976.000000
23593 -22908.000000
23594 -22992.000000
23595 -23448.000000
23596 -23224.000000
23597 -23188.000000
23598 -23024.000000
23599 -23212.000000
23600 -22976.000000
23601 -23024.000000
23602 -23132.000000
23603 -23232.000000
23604 -23688.000000
23605 -23180.000000
23606 -23248.000000
23607 -22984.000000
23608 -22960.000000
23609 -23332.000000
23610 -23108.000000
23611 -23076.000000
23612 -23340.000000
23613 -23596.000000
23614 -23596.000000
23615 -23432.000000
23616 -23720.000000
23617 -23332.000000
23618 -23476.000000
23619 -23772.000000
23620 -23336.000000
23621 -23484.000000
23622 -23704.000000
23623 -23428.000000
23624 -23184.000000
23625 -23148.000000
23626 -23232.000000
23627 -22876.000000
23628 -23204.000000
23629 -23248.000000
23630 -23048.000000
23631 -23020.000000
23632 -22900.000000
23633 -22836.000000
23634 -23228.000000
23635 -23712.000000
23636 -23608.000000
23637 -23652.000000
23638 -23232.000000
23639 -23028.000000
23640 -22916.000000
23641 -23164.000000
23642 -23308.000000
23643 -23168.000000
23644 -23372.000000
23645 -23716.000000
23646 -23660.000000
23647 -23688.000000
23648 -23256.000000
23649 -23748.000000
23650 -23644.000000
23651 -23540.000000
23652 -23508.000000
23653 -23444.000000
23654 -23460.000000
23655 -23132.000000
23656 -23632.000000
23657 -23600.000000
23658 -23340.000000
23659 -23624.000000
23660 -23552.000000
23661 -23392.000000
23662 -23852.000000
23663 -23720.000000
23664 -23832.000000
23665 -23480.000000
23666 -23776.000000
23667 -24108.000000
23668 -23932.000000
23669 -23796.000000
23670 -23632.000000
23671 -23872.000000
23672 -23436.000000
23673 -23204.000000
23674 -23148.000000
23675 -22648.000000
23676 -22936.000000
23677 -22688.000000
23678 -22764.000000
23679 -23136.000000
23680 -23240.000000
23681 -23884.000000
23682 -23724.000000
23683 -23328.000000
23684 -23284.000000
23685 -23296.000000
23686 -23704.000000
23687 -23612.000000
23688 -23424.000000
23689 -23056.000000
23690 -22984.000000
23691 -23176.000000
23692 -23344.000000
23693 -23144.000000
23694 -23028.000000
23695 -23228.000000
23696 -23784.000000
23697 -23288.000000
23698 -23708.000000
23699 -23740.000000
23700 -24336.000000
23701 -23956.000000
23702 -23880.000000
23703 -23700.000000
23704 -23900.000000
23705 -23640.000000
23706 -23932.000000
23707 -23972.000000
23708 -23460.000000
23709 -23616.000000
23710 -23692.000000
23711 -23992.000000
23712 -23944.000000
23713 -23640.000000
23714 -23740.000000
23715 -23704.000000
23716 -23756.000000
23717 -23360.000000
23718 -23168.000000
23719 -23260.000000
23720 -23644.000000
23721 -23988.000000
23722 -23812.000000
23723 -23800.000000
23724 -23696.000000
23725 -24200.000000
23726 -23828.000000
23727 -23996.000000
23728 -23992.000000
23729 -23804.000000
23730 -23496.000000
23731 -23416.000000
23732 -23736.000000
23733 -23768.000000
23734 -23716.000000
23735 -23724.000000
23736 -23604.000000
23737 -23484.000000
23738 -23224.000000
23739 -23276.000000
23740 -23668.000000
23741 -23672.000000
23742 -23468.000000
23743 -23948.000000
23744 -24348.000000
23745 -24152.000000
23746 -23700.000000
23747 -23836.000000
23748 -23460.000000
23749 -23668.000000
23750 -24084.000000
23751 -23888.000000
23752 -24220.000000
23753 -24032.000000
23754 -24024.000000
23755 -24120.000000
23756 -23936.000000
23757 -24020.000000
23758 -24476.000000
23759 -24184.000000
23760 -24276.000000
23761 -23604.000000
23762 -23712.000000
23763 -23736.000000
23764 -23900.000000
23765 -23756.000000
23766 -24232.000000
23767 -23904.000000
23768 -24228.000000
23769 -23968.000000
23770 -24088.000000
23771 -23736.000000
23772 -23968.000000
23773 -23960.000000
23774 -23920.000000
23775 -24136.000000
23776 -24100.000000
23777 -23744.000000
23778 -23860.000000
23779 -23016.000000
23780 -23492.000000
23781 -23544.000000
23782 -23824.000000
23783 -23568.000000
23784 -23464.000000
23785 -22972.000000
23786 -23204.000000
23787 -23716.000000
23788 -23812.000000
23789 -24160.000000
23790 -24084.000000
23791 -24248.000000
23792 -23748.000000
23793 -23780.000000
23794 -23804.000000
23795 -23572.000000
23796 -23856.000000
23797 -23892.000000
23798 -23772.000000
23799 -23088.000000
23800 -23140.000000
23801 -23332.000000
23802 -22924.000000
23803 -23216.000000
23804 -23344.000000
23805 -23144.000000
23806 -23288.000000
23807 -23284.000000
23808 -23436.000000
23809 -23644.000000
23810 -23452.000000
23811 -23340.000000
23812 -23448.000000
23813 -23560.000000
23814 -23436.000000
23815 -23708.000000
23816 -23888.000000
23817 -23480.000000
23818 -23900.000000
23819 -23724.000000
23820 -23452.000000
23821 -23796.000000
23822 -23952.000000
23823 -23676.000000
23824 -23264.000000
23825 -23664.000000
23826 -23912.000000
23827 -24072.000000
23828 -23796.000000
23829 -23804.000000
23830 -23756.000000
23831 -23656.000000
23832 -23632.000000
23833 -23504.000000
23834 -23604.000000
23835 -23252.000000
23836 -23600.000000
23837 -23460.000000
23838 -23332.000000
23839 -23276.000000
23840 -23376.000000
23841 -23396.000000
23842 -23676.000000
23843 -24336.000000
23844 -23828.000000
23845 -24116.000000
23846 -24176.000000
23847 -24044.000000
23848 -23972.000000
23849 -23616.000000
23850 -23744.000000
23851 -23744.000000
23852 -23496.000000
23853 -23740.000000
23854 -23380.000000
23855 -23512.000000
23856 -23588.000000
23857 -23228.000000
23858 -23220.000000
23859 -23636.000000
23860 -23828.000000
23861 -23728.000000
23862 -23444.000000
23863 -23892.000000
23864 -24080.000000
23865 -23796.000000
23866 -23656.000000
23867 -23548.000000
23868 -23208.000000
23869 -23236.000000
23870 -23320.000000
23871 -23592.000000
23872 -23568.000000
23873 -23336.000000
23874 -23240.000000
23875 -23368.000000
23876 -23564.000000
23877 -23632.000000
23878 -23716.000000
23879 -23868.000000
23880 -23868.000000
23881 -23532.000000
23882 -23588.000000
23883 -23344.000000
23884 -23028.000000
23885 -23568.000000
23886 -23520.000000
23887 -23564.000000
23888 -23220.000000
23889 -23308.000000
23890 -23156.000000
23891 -22756.000000
23892 -22728.000000
23893 -23056.000000
23894 -23660.000000
23895 -23748.000000
23896 -23832.000000
23897 -23868.000000
23898 -24384.000000
23899 -24120.000000
23900 -23932.000000
23901 -23428.000000
23902 -23284.000000
23903 -23524.000000
23904 -23072.000000
23905 -23224.000000
23906 -23104.000000
23907 -22716.000000
23908 -23224.000000
23909 -23092.000000
23910 -23108.000000
23911 -23228.000000
23912 -23356.000000
23913 -23388.000000
23914 -23416.000000
23915 -23364.000000
23916 -23136.000000
23917 -23568.000000
23918 -23688.000000
23919 -23228.000000
23920 -23724.000000
23921 -23320.000000
23922 -23604.000000
23923 -23360.000000
23924 -23840.000000
23925 -24196.000000
23926 -23836.000000
23927 -23912.000000
23928 -24060.000000
23929 -23980.000000
23930 -23704.000000
23931 -23916.000000
23932 -23972.000000
23933 -24636.000000
23934 -24172.000000
23935 -24228.000000
23936 -24204.000000
23937 -24032.000000
23938 -24604.000000
23939 -24488.000000
23940 -24464.000000
23941 -24364.000000
23942 -23936.000000
23943 -24464.000000
23944 -24292.000000
23945 -24224.000000
23946 -24744.000000
23947 -24528.000000
23948 -24360.000000
23949 -24060.000000
23950 -23948.000000
23951 -24112.000000
23952 -24252.000000
23953 -24636.000000
23954 -24108.000000
23955 -24372.000000
23956 -24188.000000
23957 -24332.000000
23958 -24336.000000
23959 -24268.000000
23960 -24200.000000
23961 -24496.000000
23962 -24100.000000
23963 -24568.000000
23964 -24848.000000
23965 -24804.000000
23966 -24752.000000
23967 -24412.000000
23968 -24008.000000
23969 -23872.000000
23970 -23976.000000
23971 -23828.000000
23972 -24372.000000
23973 -24408.000000
23974 -24172.000000
23975 -24216.000000
23976 -24264.000000
23977 -24084.000000
23978 -24016.000000
23979 -24176.000000
23980 -24100.000000
23981 -23896.000000
23982 -24032.000000
23983 -24508.000000
23984 -24336.000000
23985 -23896.000000
23986 -23796.000000
23987 -24052.000000
23988 -23880.000000
23989 -23752.000000
23990 -23956.000000
23991 -24720.000000
23992 -24536.000000
23993 -23904.000000
23994 -24164.000000
23995 -23848.000000
23996 -23824.000000
23997 -24240.000000
23998 -23852.000000
23999 -24204.000000
24000 -24340.000000
24001 -24500.000000
24002 -24196.000000
24003 -24540.000000
24004 -24732.000000
24005 -24896.000000
24006 -24680.000000
24007 -24208.000000
24008 -24220.000000
24009 -24196.000000
24010 -24796.000000
24011 -24680.000000
24012 -24568.000000
24013 -24188.000000
24014 -24224.000000
24015 -23896.000000
24016 -23640.000000
24017 -23620.000000
24018 -24148.000000
24019 -23976.000000
24020 -24016.000000
24021 -24052.000000
24022 -24100.000000
24023 -23576.000000
24024 -23948.000000
24025 -23884.000000
24026 -23944.000000
24027 -23892.000000
24028 -23692.000000
24029 -23760.000000
24030 -23876.000000
24031 -24104.000000
24032 -24052.000000
24033 -23792.000000
24034 -23840.000000
24035 -23844.000000
24036 -24304.000000
24037 -24352.000000
24038 -24268.000000
24039 -24120.000000
24040 -24132.000000
24041 -23952.000000
24042 -24172.000000
24043 -23684.000000
24044 -23716.000000
24045 -23492.000000
24046 -23720.000000
24047 -23540.000000
24048 -23728.000000
24049 -24040.000000
24050 -24036.000000
24051 -23696.000000
24052 -24044.000000
24053 -24544.000000
24054 -24688.000000
24055 -24380.000000
24056 -24340.000000
24057 -24372.000000
24058 -24560.000000
24059 -24620.000000
24060 -24696.000000
24061 -24440.000000
24062 -24436.000000
24063 -24528.000000
24064 -24452.000000
24065 -24300.000000
24066 -24028.000000
24067 -24120.000000
24068 -24392.000000
24069 -24092.000000
24070 -23992.000000
24071 -24428.000000
24072 -24164.000000
24073 -24188.000000
24074 -24192.000000
24075 -23992.000000
24076 -23964.000000
24077 -24044.000000
24078 -24028.000000
24079 -24008.000000
24080 -24288.000000
24081 -24392.000000
24082 -24616.000000
24083 -24324.000000
24084 -24240.000000
24085 -24708.000000
24086 -24540.000000
24087 -24916.000000
24088 -24596.000000
24089 -24136.000000
24090 -24020.000000
24091 -23604.000000
24092 -24080.000000
24093 -24376.000000
24094 -23736.000000
24095 -23924.000000
24096 -23772.000000
24097 -24080.000000
24098 -23580.000000
24099 -23868.000000
24100 -23788.000000
24101 -23840.000000
24102 -23640.000000
24103 -23896.000000
24104 -24020.000000
24105 -23876.000000
24106 -24048.000000
24107 -23776.000000
24108 -23900.000000
24109 -23836.000000
24110 -24284.000000
24111 -23912.000000
24112 -23984.000000
24113 -24076.000000
24114 -23980.000000
24115 -23964.000000
24116 -23888.000000
24117 -23944.000000
24118 -23552.000000
24119 -23432.000000
24120 -23484.000000
24121 -24028.000000
24122 -23812.000000
24123 -24300.000000
24124 -24084.000000
24125 -23976.000000
24126 -23984.000000
24127 -23900.000000
24128 -23992.000000
24129 -24220.000000
24130 -24512.000000
24131 -24432.000000
24132 -24028.000000
24133 -24488.000000
24134 -24420.000000
24135 -24048.000000
24136 -24092.000000
24137 -24324.000000
24138 -24056.000000
24139 -24500.000000
24140 -24452.000000
24141 -24516.000000
24142 -24160.000000
24143 -23936.000000
24144 -24184.000000
24145 -24272.000000
24146 -23696.000000
24147 -23736.000000
24148 -23700.000000
24149 -23696.000000
24150 -23460.000000
24151 -23468.000000
24152 -23520.000000
24153 -23384.000000
24154 -23328.000000
24155 -23232.000000
24156 -23368.000000
24157 -23188.000000
24158 -23400.000000
24159 -23520.000000
24160 -23368.000000
24161 -23936.000000
24162 -23184.000000
24163 -23476.000000
24164 -23384.000000
24165 -23948.000000
24166 -23764.000000
24167 -23484.000000
24168 -23808.000000
24169 -23760.000000
24170 -23816.000000
24171 -23708.000000
24172 -23260.000000
24173 -23336.000000
24174 -23176.000000
24175 -23444.000000
24176 -23448.000000
24177 -23460.000000
24178 -23364.000000
24179 -24080.000000
24180 -24056.000000
24181 -23952.000000
24182 -23468.000000
24183 -23728.000000
24184 -23784.000000
24185 -23712.000000
24186 -24012.000000
24187 -23748.000000
24188 -23872.000000
24189 -23648.000000
24190 -23564.000000
24191 -23548.000000
24192 -23856.000000
24193 -23944.000000
24194 -23916.000000
24195 -23892.000000
24196 -23664.000000
24197 -24132.000000
24198 -23900.000000
24199 -23836.000000
24200 -23512.000000
24201 -23396.000000
24202 -23556.000000
24203 -23716.000000
24204 -23800.000000
24205 -23728.000000
24206 -23832.000000
24207 -23620.000000
24208 -23644.000000
24209 -23880.000000
24210 -24172.000000
24211 -23892.000000
24212 -23604.000000
24213 -23344.000000
24214 -23376.000000
24215 -23628.000000
24216 -23964.000000
24217 -24184.000000
24218 -24104.000000
24219 -24012.000000
24220 -24180.000000
24221 -23812.000000
24222 -23764.000000
24223 -24084.000000
24224 -23664.000000
24225 -23520.000000
24226 -23844.000000
24227 -23908.000000
24228 -23620.000000
24229 -23992.000000
24230 -23692.000000
24231 -23348.000000
24232 -23672.000000
24233 -23564.000000
24234 -24152.000000
24235 -24096.000000
24236 -23996.000000
24237 -23976.000000
24238 -23592.000000
24239 -23756.000000
24240 -23584.000000
24241 -23548.000000
24242 -23636.000000
24243 -23804.000000
24244 -23876.000000
24245 -23864.000000
24246 -23388.000000
24247 -23740.000000
24248 -23716.000000
24249 -23608.000000
24250 -23460.000000
24251 -23692.000000
24252 -23964.000000
24253 -23688.000000
24254 -23716.000000
24255 -24048.000000
24256 -23872.000000
24257 -23800.000000
24258 -23564.000000
24259 -23460.000000
24260 -23128.000000
24261 -23444.000000
24262 -23428.000000
24263 -23480.000000
24264 -23572.000000
24265 -23424.000000
24266 -23788.000000
24267 -23696.000000
24268 -23068.000000
24269 -23124.000000
24270 -23036.000000
24271 -23356.000000
24272 -22968.000000
24273 -22984.000000
24274 -23280.000000
24275 -23224.000000
24276 -23548.000000
24277 -23316.000000
24278 -22836.000000
24279 -23012.000000
24280 -23152.000000
24281 -23448.000000
24282 -23724.000000
24283 -23564.000000
24284 -23640.000000
24285 -23224.000000
24286 -23396.000000
24287 -23848.000000
24288 -23836.000000
24289 -23640.000000
24290 -23832.000000
24291 -23852.000000
24292 -23784.000000
24293 -23468.000000
24294 -23596.000000
24295 -22968.000000
24296 -23268.000000
24297 -23008.000000
24298 -23448.000000
24299 -23184.000000
24300 -23512.000000
24301 -23620.000000
24302 -22908.000000
24303 -23096.000000
24304 -23712.000000
24305 -23516.000000
24306 -23408.000000
24307 -23380.000000
24308 -23024.000000
24309 -23260.000000
24310 -22996.000000
24311 -23272.000000
24312 -23548.000000
24313 -23560.000000
24314 -24024.000000
24315 -23884.000000
24316 -23936.000000
24317 -23496.000000
24318 -23244.000000
24319 -23636.000000
24320 -23424.000000
24321 -23256.000000
24322 -23432.000000
24323 -23372.000000
24324 -23372.000000
24325 -23888.000000
24326 -23784.000000
24327 -23700.000000
24328 -24028.000000
24329 -24136.000000
24330 -23936.000000
24331 -23752.000000
24332 -24108.000000
24333 -24052.000000
24334 -23544.000000
24335 -23316.000000
24336 -23692.000000
24337 -24116.000000
24338 -23968.000000
24339 -23928.000000
24340 -23600.000000
24341 -23992.000000
24342 -24292.000000
24343 -24348.000000
24344 -24060.000000
24345 -24068.000000
24346 -24040.000000
24347 -24192.000000
24348 -24100.000000
24349 -24060.000000
24350 -23516.000000
24351 -23720.000000
24352 -23788.000000
24353 -23908.000000
24354 -23560.000000
24355 -23776.000000
24356 -23704.000000
24357 -23268.000000
24358 -23540.000000
24359 -24044.000000
24360 -23836.000000
24361 -23856.000000
24362 -24188.000000
24363 -23816.000000
24364 -23720.000000
24365 -23728.000000
24366 -23568.000000
24367 -23656.000000
24368 -23616.000000
24369 -23796.000000
24370 -23852.000000
24371 -23752.000000
24372 -23520.000000
24373 -23668.000000
24374 -23536.000000
24375 -23484.000000
24376 -22804.000000
24377 -23072.000000
24378 -23216.000000
24379 -23168.000000
24380 -22996.000000
24381 -23260.000000
24382 -22876.000000
24383 -22876.000000
24384 -22652.000000
24385 -23092.000000
24386 -22884.000000
24387 -22892.000000
24388 -23096.000000
24389 -23268.000000
24390 -23560.000000
24391 -23408.000000
24392 -23252.000000
24393 -23104.000000
24394 -22868.000000
24395 -23052.000000
24396 -23296.000000
24397 -23244.000000
24398 -23364.000000
24399 -23220.000000
24400 -23384.000000
24401 -23508.000000
24402 -23888.000000
24403 -23532.000000
24404 -23656.000000
24405 -23372.000000
24406 -23312.000000
24407 -23460.000000
24408 -23848.000000
24409 -23792.000000
24410 -23596.000000
24411 -23448.000000
24412 -23352.000000
24413 -23444.000000
24414 -23716.000000
24415 -23876.000000
24416 -23624.000000
24417 -23492.000000
24418 -23724.000000
24419 -23600.000000
24420 -24108.000000
24421 -23768.000000
24422 -23212.000000
24423 -23656.000000
24424 -23644.000000
24425 -23188.000000
24426 -23428.000000
24427 -23408.000000
24428 -23512.000000
24429 -23680.000000
24430 -23592.000000
24431 -23940.000000
24432 -23724.000000
24433 -23916.000000
24434 -23984.000000
24435 -24252.000000
24436 -24060.000000
24437 -23912.000000
24438 -23484.000000
24439 -23496.000000
24440 -24040.000000
24441 -23696.000000
24442 -23456.000000
24443 -23184.000000
24444 -22952.000000
24445 -23292.000000
24446 -23356.000000
24447 -23296.000000
24448 -23040.000000
24449 -23276.000000
24450 -23548.000000
24451 -23620.000000
24452 -23496.000000
24453 -23796.000000
24454 -23492.000000
24455 -23820.000000
24456 -23680.000000
24457 -23340.000000
24458 -23712.000000
24459 -23672.000000
24460 -23584.000000
24461 -22952.000000
24462 -23532.000000
24463 -23712.000000
24464 -23936.000000
24465 -24092.000000
24466 -23924.000000
24467 -24004.000000
24468 -23668.000000
24469 -23584.000000
24470 -23500.000000
24471 -24112.000000
24472 -23896.000000
24473 -23756.000000
24474 -23796.000000
24475 -23360.000000
24476 -23532.000000
24477 -23896.000000
24478 -23732.000000
24479 -23940.000000
24480 -23856.000000
24481 -24224.000000
24482 -24292.000000
24483 -23964.000000
24484 -23900.000000
24485 -24072.000000
24486 -23816.000000
24487 -23604.000000
24488 -23752.000000
24489 -23888.000000
24490 -23788.000000
24491 -23584.000000
24492 -24048.000000
24493 -23936.000000
24494 -23992.000000
24495 -24108.000000
24496 -23612.000000
24497 -23288.000000
24498 -23140.000000
24499 -23780.000000
24500 -23392.000000
24501 -23736.000000
24502 -23716.000000
24503 -23804.000000
24504 -23852.000000
24505 -23512.000000
24506 -23860.000000
24507 -23740.000000
24508 -24412.000000
24509 -23940.000000
24510 -24028.000000
24511 -23552.000000
24512 -23680.000000
24513 -23788.000000
24514 -23504.000000
24515 -24060.000000
24516 -23920.000000
24517 -24084.000000
24518 -23900.000000
24519 -24068.000000
24520 -24280.000000
24521 -24368.000000
24522 -24260.000000
24523 -24448.000000
24524 -24444.000000
24525 -24060.000000
24526 -23824.000000
24527 -23884.000000
24528 -23748.000000
24529 -23776.000000
24530 -23512.000000
24531 -23388.000000
24532 -23400.000000
24533 -23024.000000
24534 -23284.000000
24535 -23252.000000
24536 -23524.000000
24537 -23592.000000
24538 -23332.000000
24539 -23056.000000
24540 -22984.000000
24541 -23560.000000
24542 -23340.000000
24543 -23064.000000
24544 -22696.000000
24545 -22508.000000
24546 -23148.000000
24547 -23088.000000
24548 -23216.000000
24549 -23800.000000
24550 -23928.000000
24551 -23524.000000
24552 -23404.000000
24553 -23052.000000
24554 -23168.000000
24555 -22956.000000
24556 -23044.000000
24557 -23012.000000
24558 -23540.000000
24559 -23300.000000
24560 -22984.000000
24561 -23468.000000
24562 -23548.000000
24563 -23608.000000
24564 -23496.000000
24565 -23828.000000
24566 -24200.000000
24567 -23184.000000
24568 -23604.000000
24569 -24164.000000
24570 -24124.000000
24571 -24572.000000
24572 -24156.000000
24573 -23856.000000
24574 -23912.000000
24575 -23768.000000
24576 -23636.000000
24577 -23480.000000
24578 -23284.000000
24579 -23392.000000
24580 -23540.000000
24581 -23696.000000
24582 -23324.000000
24583 -23192.000000
24584 -22916.000000
24585 -23320.000000
24586 -23428.000000
24587 -23500.000000
24588 -23744.000000
24589 -23972.000000
24590 -24432.000000
24591 -24492.000000
24592 -23616.000000
24593 -24032.000000
24594 -24196.000000
24595 -23984.000000
24596 -24220.000000
24597 -24188.000000
24598 -24224.000000
24599 -24132.000000
24600 -23964.000000
24601 -24404.000000
24602 -24528.000000
24603 -23900.000000
24604 -24376.000000
24605 -24684.000000
24606 -24392.000000
24607 -24216.000000
24608 -23924.000000
24609 -23916.000000
24610 -23924.000000
24611 -24460.000000
24612 -24036.000000
24613 -24324.000000
24614 -24120.000000
24615 -23840.000000
24616 -24320.000000
24617 -24460.000000
24618 -24244.000000
24619 -24116.000000
24620 -24484.000000
24621 -23820.000000
24622 -23724.000000
24623 -23908.000000
24624 -23284.000000
24625 -23552.000000
24626 -23236.000000
24627 -23316.000000
24628 -23440.000000
24629 -23684.000000
24630 -23684.000000
24631 -24112.000000
24632 -24280.000000
24633 -24356.000000
24634 -24416.000000
24635 -24640.000000
24636 -24556.000000
24637 -25056.000000
24638 -24364.000000
24639 -24292.000000
24640 -24348.000000
24641 -24204.000000
24642 -23748.000000
24643 -24008.000000
24644 -24336.000000
24645 -23900.000000
24646 -24248.000000
24647 -24632.000000
24648 -24764.000000
24649 -24356.000000
24650 -24348.000000
24651 -23780.000000
24652 -23756.000000
24653 -23620.000000
24654 -23476.000000
24655 -24044.000000
24656 -23864.000000
24657 -23944.000000
24658 -23344.000000
24659 -23636.000000
24660 -23712.000000
24661 -24052.000000
24662 -24008.000000
24663 -24188.000000
24664 -23792.000000
24665 -24056.000000
24666 -24164.000000
24667 -23864.000000
24668 -24016.000000
24669 -23568.000000
24670 -23984.000000
24671 -23580.000000
24672 -23608.000000
24673 -23960.000000
24674 -23948.000000
24675 -23868.000000
24676 -23884.000000
24677 -23760.000000
24678 -24184.000000
24679 -24368.000000
24680 -24032.000000
24681 -24104.000000
24682 -23992.000000
24683 -23788.000000
24684 -23188.000000
24685 -23536.000000
24686 -23564.000000
24687 -23612.000000
24688 -23788.000000
24689 -23796.000000
24690 -23896.000000
24691 -23944.000000
24692 -23908.000000
24693 -23904.000000
24694 -23780.000000
24695 -24252.000000
24696 -23816.000000
24697 -23940.000000
24698 -23940.000000
24699 -23748.000000
24700 -24192.000000
24701 -24156.000000
24702 -24336.000000
24703 -24468.000000
24704 -24404.000000
24705 -24392.000000
24706 -24188.000000
24707 -24256.000000
24708 -24320.000000
24709 -23876.000000
24710 -23664.000000
24711 -23892.000000
24712 -23944.000000
24713 -24344.000000
24714 -24484.000000
24715 -24360.000000
24716 -23508.000000
24717 -23384.000000
24718 -23784.000000
24719 -23560.000000
24720 -23696.000000
24721 -23460.000000
24722 -23680.000000
24723 -23984.000000
24724 -24012.000000
24725 -23700.000000
24726 -23608.000000
24727 -23796.000000
24728 -23928.000000
24729 -23792.000000
24730 -23788.000000
24731 -23868.000000
24732 -23896.000000
24733 -24028.000000
24734 -23976.000000
24735 -23656.000000
24736 -24112.000000
24737 -23824.000000
24738 -23940.000000
24739 -23920.000000
24740 -24148.000000
24741 -23428.000000
24742 -23400.000000
24743 -23900.000000
24744 -23896.000000
24745 -24076.000000
24746 -23800.000000
24747 -23964.000000
24748 -23908.000000
24749 -24352.000000
24750 -24016.000000
24751 -24152.000000
24752 -23892.000000
24753 -24260.000000
24754 -24116.000000
24755 -24080.000000
24756 -23960.000000
24757 -24188.000000
24758 -24088.000000
24759 -24352.000000
24760 -24436.000000
24761 -24804.000000
24762 -24524.000000
24763 -24124.000000
24764 -23780.000000
24765 -23932.000000
24766 -23908.000000
24767 -23940.000000
24768 -24108.000000
24769 -24188.000000
24770 -24120.000000
24771 -23860.000000
24772 -23760.000000
24773 -24000.000000
24774 -23980.000000
24775 -23860.000000
24776 -23968.000000
24777 -23504.000000
24778 -23544.000000
24779 -23184.000000
24780 -23700.000000
24781 -24144.000000
24782 -24140.000000
24783 -24452.000000
24784 -24360.000000
24785 -24548.000000
24786 -24636.000000
24787 -24376.000000
24788 -24144.000000
24789 -23764.000000
24790 -23532.000000
24791 -24048.000000
24792 -24244.000000
24793 -24868.000000
24794 -24296.000000
24795 -24176.000000
24796 -24460.000000
24797 -24372.000000
24798 -24020.000000
24799 -24168.000000
24800 -23948.000000
24801 -23816.000000
24802 -24152.000000
24803 -23980.000000
24804 -23596.000000
24805 -24204.000000
24806 -24164.000000
24807 -24284.000000
24808 -24204.000000
24809 -24324.000000
24810 -24748.000000
24811 -24948.000000
24812 -24972.000000
24813 -24604.000000
24814 -24388.000000
24815 -24196.000000
24816 -24368.000000
24817 -24368.000000
24818 -24196.000000
24819 -24152.000000
24820 -23996.000000
24821 -23848.000000
24822 -24108.000000
24823 -23632.000000
24824 -23844.000000
24825 -23204.000000
24826 -23676.000000
24827 -23932.000000
24828 -23856.000000
24829 -23824.000000
24830 -23884.000000
24831 -23984.000000
24832 -23996.000000
24833 -23708.000000
24834 -23608.000000
24835 -23976.000000
24836 -23944.000000
24837 -24276.000000
24838 -24148.000000
24839 -24336.000000
24840 -23752.000000
24841 -24196.000000
24842 -24500.000000
24843 -24252.000000
24844 -24956.000000
24845 -24672.000000
24846 -24284.000000
24847 -24332.000000
24848 -24372.000000
24849 -24292.000000
24850 -24352.000000
24851 -24108.000000
24852 -24088.000000
24853 -24240.000000
24854 -23936.000000
24855 -24180.000000
24856 -24484.000000
24857 -24264.000000
24858 -24508.000000
24859 -24528.000000
24860 -24904.000000
24861 -24408.000000
24862 -23840.000000
24863 -23952.000000
24864 -24092.000000
24865 -24220.000000
24866 -24332.000000
24867 -24580.000000
24868 -24216.000000
24869 -24432.000000
24870 -24516.000000
24871 -24524.000000
24872 -24440.000000
24873 -24372.000000
24874 -24012.000000
24875 -23748.000000
24876 -23644.000000
24877 -23584.000000
24878 -23504.000000
24879 -23304.000000
24880 -23484.000000
24881 -23064.000000
24882 -23240.000000
24883 -23896.000000
24884 -24064.000000
24885 -23856.000000
24886 -23752.000000
24887 -23800.000000
24888 -23964.000000
24889 -24184.000000
24890 -24348.000000
24891 -24016.000000
24892 -24000.000000
24893 -23832.000000
24894 -24292.000000
24895 -23944.000000
24896 -24028.000000
24897 -23676.000000
24898 -23496.000000
24899 -23928.000000
24900 -23916.000000
24901 -23952.000000
24902 -23980.000000
24903 -24048.000000
24904 -24132.000000
24905 -23944.000000
24906 -23760.000000
24907 -23736.000000
24908 -23844.000000
24909 -23960.000000
24910 -23840.000000
24911 -23836.000000
24912 -24228.000000
24913 -24440.000000
24914 -24352.000000
24915 -24424.000000
24916 -24280.000000
24917 -24348.000000
24918 -23868.000000
24919 -23128.000000
24920 -23552.000000
24921 -23428.000000
24922 -23760.000000
24923 -23688.000000
24924 -23988.000000
24925 -23904.000000
24926 -23640.000000
24927 -24492.000000
24928 -24076.000000
24929 -23564.000000
24930 -23968.000000
24931 -23732.000000
24932 -23976.000000
24933 -23752.000000
24934 -23728.000000
24935 -24008.000000
24936 -24036.000000
24937 -24200.000000
24938 -24280.000000
24939 -23520.000000
24940 -23492.000000
24941 -23684.000000
24942 -23344.000000
24943 -23444.000000
24944 -23828.000000
24945 -23452.000000
24946 -22980.000000
24947 -23016.000000
24948 -23556.000000
24949 -23380.000000
24950 -23240.000000
24951 -23144.000000
24952 -22940.000000
24953 -23248.000000
24954 -23620.000000
24955 -23456.000000
24956 -23452.000000
24957 -23508.000000
24958 -23236.000000
24959 -23288.000000
24960 -23336.000000
24961 -23316.000000
24962 -23156.000000
24963 -23504.000000
24964 -23712.000000
24965 -23884.000000
24966 -24016.000000
24967 -24104.000000
24968 -23752.000000
24969 -23552.000000
24970 -23464.000000
24971 -23428.000000
24972 -23792.000000
24973 -23640.000000
24974 -23600.000000
24975 -23476.000000
24976 -23744.000000
24977 -23592.000000
24978 -24004.000000
24979 -23560.000000
24980 -23224.000000
24981 -23700.000000
24982 -23300.000000
24983 -23304.000000
24984 -23404.000000
24985 -23188.000000
24986 -23280.000000
24987 -23724.000000
24988 -23816.000000
24989 -23484.000000
24990 -23920.000000
24991 -23408.000000
24992 -23736.000000
24993 -23608.000000
24994 -23300.000000
24995 -23712.000000
24996 -23568.000000
24997 -23388.000000
24998 -23224.000000
24999 -23156.000000
25000 -23228.000000
25001 -23380.000000
25002 -23532.000000
25003 -23736.000000
25004 -23628.000000
25005 -23592.000000
25006 -23316.000000
25007 -23288.000000
25008 -23432.000000
25009 -22908.000000
25010 -23552.000000
25011 -23444.000000
25012 -23428.000000
25013 -23536.000000
25014 -23404.000000
25015 -23880.000000
25016 -23268.000000
25017 -22804.000000
25018 -23076.000000
25019 -23468.000000
25020 -23368.000000
25021 -23220.000000
25022 -23016.000000
25023 -22892.000000
25024 -23044.000000
25025 -22952.000000
25026 -22912.000000
25027 -23020.000000
25028 -23224.000000
25029 -23168.000000
25030 -22776.000000
25031 -22788.000000
25032 -23120.000000
25033 -23072.000000
25034 -22524.000000
25035 -22448.000000
25036 -22656.000000
25037 -22844.000000
25038 -23060.000000
25039 -23128.000000
25040 -23160.000000
25041 -23376.000000
25042 -23372.000000
25043 -23400.000000
25044 -22752.000000
25045 -22920.000000
25046 -22856.000000
25047 -22920.000000
25048 -23036.000000
25049 -23268.000000
25050 -23388.000000
25051 -22956.000000
25052 -23196.000000
25053 -23168.000000
25054 -23096.000000
25055 -22696.000000
25056 -23032.000000
25057 -23040.000000
25058 -23280.000000
25059 -23036.000000
25060 -22916.000000
25061 -23296.000000
25062 -23528.000000
25063 -23736.000000
25064 -23656.000000
25065 -23788.000000
25066 -23604.000000
25067 -23460.000000
25068 -23244.000000
25069 -23108.000000
25070 -23308.000000
25071 -23316.000000
25072 -23264.000000
25073 -23504.000000
25074 -23396.000000
25075 -22792.000000
25076 -22896.000000
25077 -22868.000000
25078 -22684.000000
25079 -22880.000000
25080 -23132.000000
25081 -23436.000000
25082 -23144.000000
25083 -23240.000000
25084 -23324.000000
25085 -23452.000000
25086 -23088.000000
25087 -23268.000000
25088 -23452.000000
25089 -23312.000000
25090 -22932.000000
25091 -22948.000000
25092 -23372.000000
25093 -23572.000000
25094 -23396.000000
25095 -23136.000000
25096 -22796.000000
25097 -22440.000000
25098 -22772.000000
25099 -23176.000000
25100 -23156.000000
25101 -23356.000000
25102 -23236.000000
25103 -23516.000000
25104 -23488.000000
25105 -23284.000000
25106 -23184.000000
25107 -23464.000000
25108 -23328.000000
25109 -23384.000000
25110 -23332.000000
25111 -23212.000000
25112 -23116.000000
25113 -23344.000000
25114 -23772.000000
25115 -23572.000000
25116 -23544.000000
25117 -23364.000000
25118 -23428.000000
25119 -23768.000000
25120 -23956.000000
25121 -23696.000000
25122 -23836.000000
25123 -23624.000000
25124 -23160.000000
25125 -23468.000000
25126 -23336.000000
25127 -23584.000000
25128 -23844.000000
25129 -23860.000000
25130 -24108.000000
25131 -23444.000000
25132 -23184.000000
25133 -23364.000000
25134 -23468.000000
25135 -23572.000000
25136 -23720.000000
25137 -23376.000000
25138 -23156.000000
25139 -23072.000000
25140 -23148.000000
25141 -23276.000000
25142 -23464.000000
25143 -23208.000000
25144 -23148.000000
25145 -23488.000000
25146 -23264.000000
25147 -23208.000000
25148 -23492.000000
25149 -23800.000000
25150 -23580.000000
25151 -23716.000000
25152 -23744.000000
25153 -23776.000000
25154 -23640.000000
25155 -23656.000000
25156 -24068.000000
25157 -23688.000000
25158 -23752.000000
25159 -23712.000000
25160 -23660.000000
25161 -23652.000000
25162 -23516.000000
25163 -24052.000000
25164 -23732.000000
25165 -23936.000000
25166 -24204.000000
25167 -23672.000000
25168 -23572.000000
25169 -23428.000000
25170 -23292.000000
25171 -23464.000000
25172 -23812.000000
25173 -24104.000000
25174 -23628.000000
25175 -23536.000000
25176 -23872.000000
25177 -23736.000000
25178 -23700.000000
25179 -23640.000000
25180 -23396.000000
25181 -23216.000000
25182 -23540.000000
25183 -23516.000000
25184 -23160.000000
25185 -23028.000000
25186 -23420.000000
25187 -23264.000000
25188 -23392.000000
25189 -23180.000000
25190 -22672.000000
25191 -22636.000000
25192 -22992.000000
25193 -23004.000000
25194 -23372.000000
25195 -23688.000000
25196 -23732.000000
25197 -23588.000000
25198 -23168.000000
25199 -23204.000000
25200 -23108.000000
25201 -23184.000000
25202 -23256.000000
25203 -23352.000000
25204 -22992.000000
25205 -22832.000000
25206 -23048.000000
25207 -23220.000000
25208 -23340.000000
25209 -23488.000000
25210 -23628.000000
25211 -24032.000000
25212 -23724.000000
25213 -23532.000000
25214 -23628.000000
25215 -23492.000000
25216 -23704.000000
25217 -23360.000000
25218 -23312.000000
25219 -23396.000000
25220 -23488.000000
25221 -23248.000000
25222 -22924.000000
25223 -23144.000000
25224 -23536.000000
25225 -23504.000000
25226 -23160.000000
25227 -23792.000000
25228 -23504.000000
25229 -23600.000000
25230 -23984.000000
25231 -23716.000000
25232 -23548.000000
25233 -22984.000000
25234 -23192.000000
25235 -23016.000000
25236 -23268.000000
25237 -23468.000000
25238 -23456.000000
25239 -23368.000000
25240 -23160.000000
25241 -23320.000000
25242 -23296.000000
25243 -23444.000000
25244 -23320.000000
25245 -23700.000000
25246 -23104.000000
25247 -23412.000000
25248 -23384.000000
25249 -23552.000000
25250 -23544.000000
25251 -23928.000000
25252 -23236.000000
25253 -23480.000000
25254 -23436.000000
25255 -22988.000000
25256 -23336.000000
25257 -23056.000000
25258 -23328.000000
25259 -23624.000000
25260 -23468.000000
25261 -23396.000000
25262 -23344.000000
25263 -23156.000000
25264 -22916.000000
25265 -23204.000000
25266 -23616.000000
25267 -23152.000000
25268 -23196.000000
25269 -23272.000000
25270 -23472.000000
25271 -23384.000000
25272 -23340.000000
25273 -23292.000000
25274 -23376.000000
25275 -23676.000000
25276 -23632.000000
25277 -23392.000000
25278 -23396.000000
25279 -23508.000000
25280 -23400.000000
25281 -23732.000000
25282 -23488.000000
25283 -23564.000000
25284 -23480.000000
25285 -23736.000000
25286 -23760.000000
25287 -23384.000000
25288 -23584.000000
25289 -23384.000000
25290 -23440.000000
25291 -23628.000000
25292 -23660.000000
25293 -23868.000000
25294 -23676.000000
25295 -23996.000000
25296 -24228.000000
25297 -23920.000000
25298 -23368.000000
25299 -23424.000000
25300 -23632.000000
25301 -23572.000000
25302 -23616.000000
25303 -24164.000000
25304 -23940.000000
25305 -23640.000000
25306 -23576.000000
25307 -23936.000000
25308 -23568.000000
25309 -23920.000000
25310 -23732.000000
25311 -23488.000000
25312 -23516.000000
25313 -23372.000000
25314 -23804.000000
25315 -23616.000000
25316 -23456.000000
25317 -23720.000000
25318 -23564.000000
25319 -23420.000000
25320 -23984.000000
25321 -23580.000000
25322 -23600.000000
25323 -24204.000000
25324 -23964.000000
25325 -23460.000000
25326 -23564.000000
25327 -23968.000000
25328 -23896.000000
25329 -24340.000000
25330 -24052.000000
25331 -24132.000000
25332 -23672.000000
25333 -23232.000000
25334 -23624.000000
25335 -23724.000000
25336 -23488.000000
25337 -23508.000000
25338 -23972.000000
25339 -23876.000000
25340 -24088.000000
25341 -24480.000000
25342 -24064.000000
25343 -24004.000000
25344 -24120.000000
25345 -23872.000000
25346 -23776.000000
25347 -23972.000000
25348 -23772.000000
25349 -23600.000000
25350 -23852.000000
25351 -23524.000000
25352 -23676.000000
25353 -23544.000000
25354 -23236.000000
25355 -23508.000000
25356 -23312.000000
25357 -23584.000000
25358 -23772.000000
25359 -23676.000000
25360 -23244.000000
25361 -23236.000000
25362 -23488.000000
25363 -23576.000000
25364 -23612.000000
25365 -23856.000000
25366 -24152.000000
25367 -24052.000000
25368 -23648.000000
25369 -23520.000000
25370 -23120.000000
25371 -23256.000000
25372 -23348.000000
25373 -23564.000000
25374 -24064.000000
25375 -23748.000000
25376 -23328.000000
25377 -23900.000000
25378 -23652.000000
25379 -23268.000000
25380 -23676.000000
25381 -23496.000000
25382 -23548.000000
25383 -23492.000000
25384 -23356.000000
25385 -23716.000000
25386 -23632.000000
25387 -23480.000000
25388 -23352.000000
25389 -23304.000000
25390 -23352.000000
25391 -23632.000000
25392 -23856.000000
25393 -23540.000000
25394 -23620.000000
25395 -24224.000000
25396 -23900.000000
25397 -23416.000000
25398 -23272.000000
25399 -23968.000000
25400 -24080.000000
25401 -23652.000000
25402 -23508.000000
25403 -23244.000000
25404 -23328.000000
25405 -23396.000000
25406 -23480.000000
25407 -23656.000000
25408 -23684.000000
25409 -24032.000000
25410 -23932.000000
25411 -23568.000000
25412 -23276.000000
25413 -23584.000000
25414 -23440.000000
25415 -23800.000000
25416 -23628.000000
25417 -23640.000000
25418 -23712.000000
25419 -23536.000000
25420 -23128.000000
25421 -23440.000000
25422 -23376.000000
25423 -23112.000000
25424 -23312.000000
25425 -23160.000000
25426 -23488.000000
25427 -23456.000000
25428 -23236.000000
25429 -23284.000000
25430 -23336.000000
25431 -23364.000000
25432 -23356.000000
25433 -23424.000000
25434 -23784.000000
25435 -23988.000000
25436 -23720.000000
25437 -23892.000000
25438 -23864.000000
25439 -23660.000000
25440 -23920.000000
25441 -23836.000000
25442 -24108.000000
25443 -24128.000000
25444 -23728.000000
25445 -23356.000000
25446 -23528.000000
25447 -23528.000000
25448 -23432.000000
25449 -23444.000000
25450 -24088.000000
25451 -23544.000000
25452 -23388.000000
25453 -23808.000000
25454 -24112.000000
25455 -23776.000000
25456 -23780.000000
25457 -23864.000000
25458 -24160.000000
25459 -24108.000000
25460 -23824.000000
25461 -23900.000000
25462 -23856.000000
25463 -23608.000000
25464 -23832.000000
25465 -23576.000000
25466 -23844.000000
25467 -23696.000000
25468 -23564.000000
25469 -23164.000000
25470 -23380.000000
25471 -23540.000000
25472 -23456.000000
25473 -23672.000000
25474 -23716.000000
25475 -23532.000000
25476 -23764.000000
25477 -23740.000000
25478 -23480.000000
25479 -23416.000000
25480 -23492.000000
25481 -23272.000000
25482 -23980.000000
25483 -24032.000000
25484 -24068.000000
25485 -24408.000000
25486 -23896.000000
25487 -24104.000000
25488 -24072.000000
25489 -24232.000000
25490 -24136.000000
25491 -23824.000000
25492 -23676.000000
25493 -23508.000000
25494 -23800.000000
25495 -23924.000000
25496 -24448.000000
25497 -23940.000000
25498 -23940.000000
25499 -24416.000000
25500 -24332.000000
25501 -24624.000000
25502 -24296.000000
25503 -24648.000000
25504 -24696.000000
25505 -24360.000000
25506 -23920.000000
25507 -24160.000000
25508 -24340.000000
25509 -24400.000000
25510 -24576.000000
25511 -24236.000000
25512 -24560.000000
25513 -24264.000000
25514 -24164.000000
25515 -24004.000000
25516 -23808.000000
25517 -23740.000000
25518 -23768.000000
25519 -23888.000000
25520 -24012.000000
25521 -23968.000000
25522 -23800.000000
25523 -24040.000000
25524 -24112.000000
25525 -23968.000000
25526 -24216.000000
25527 -24068.000000
25528 -24256.000000
25529 -24360.000000
25530 -24036.000000
25531 -24032.000000
25532 -23808.000000
25533 -23804.000000
25534 -24196.000000
25535 -24300.000000
25536 -24056.000000
25537 -23860.000000
25538 -23904.000000
25539 -23992.000000
25540 -23820.000000
25541 -23924.000000
25542 -23852.000000
25543 -24072.000000
25544 -24216.000000
25545 -24188.000000
25546 -23600.000000
25547 -23876.000000
25548 -23780.000000
25549 -23780.000000
25550 -23504.000000
25551 -23596.000000
25552 -23588.000000
25553 -23620.000000
25554 -23624.000000
25555 -23632.000000
25556 -23572.000000
25557 -23712.000000
25558 -23960.000000
25559 -23680.000000
25560 -23828.000000
25561 -23684.000000
25562 -24024.000000
25563 -23556.000000
25564 -23440.000000
25565 -23356.000000
25566 -23380.000000
25567 -23324.000000
25568 -23840.000000
25569 -23964.000000
25570 -23568.000000
25571 -23844.000000
25572 -24172.000000
25573 -23440.000000
25574 -23556.000000
25575 -23568.000000
25576 -23824.000000
25577 -23972.000000
25578 -24252.000000
25579 -24420.000000
25580 -24140.000000
25581 -23812.000000
25582 -23696.000000
25583 -24392.000000
25584 -24340.000000
25585 -24136.000000
25586 -23984.000000
25587 -24192.000000
25588 -24140.000000
25589 -24400.000000
25590 -23784.000000
25591 -23768.000000
25592 -23508.000000
25593 -24128.000000
25594 -23800.000000
25595 -23600.000000
25596 -23848.000000
25597 -23840.000000
25598 -23800.000000
25599 -23488.000000
25600 -23472.000000
25601 -23544.000000
25602 -23896.000000
25603 -23464.000000
25604 -23620.000000
25605 -23588.000000
25606 -23488.000000
25607 -23992.000000
25608 -23736.000000
25609 -23860.000000
25610 -24160.000000
25611 -23932.000000
25612 -23912.000000
25613 -24328.000000
25614 -23988.000000
25615 -23708.000000
25616 -23916.000000
25617 -23800.000000
25618 -23804.000000
25619 -23876.000000
25620 -24124.000000
25621 -24256.000000
25622 -24320.000000
25623 -24192.000000
25624 -24344.000000
25625 -24136.000000
25626 -24004.000000
25627 -24152.000000
25628 -24076.000000
25629 -23832.000000
25630 -23504.000000
25631 -23440.000000
25632 -23832.000000
25633 -23888.000000
25634 -23756.000000
25635 -23752.000000
25636 -23944.000000
25637 -24084.000000
25638 -23768.000000
25639 -24228.000000
25640 -23956.000000
25641 -23564.000000
25642 -24096.000000
25643 -23896.000000
25644 -23776.000000
25645 -24160.000000
25646 -24076.000000
25647 -23800.000000
25648 -24120.000000
25649 -23968.000000
25650 -24124.000000
25651 -24104.000000
25652 -24188.000000
25653 -24264.000000
25654 -24064.000000
25655 -24008.000000
25656 -24368.000000
25657 -24180.000000
25658 -23868.000000
25659 -23812.000000
25660 -24160.000000
25661 -24112.000000
25662 -23940.000000
25663 -24016.000000
25664 -24352.000000
25665 -24140.000000
25666 -23892.000000
25667 -23764.000000
25668 -23640.000000
25669 -23520.000000
25670 -23632.000000
25671 -24144.000000
25672 -23948.000000
25673 -23548.000000
25674 -23488.000000
25675 -23548.000000
25676 -23344.000000
25677 -23832.000000
25678 -24040.000000
25679 -24032.000000
25680 -24036.000000
25681 -24068.000000
25682 -24256.000000
25683 -24188.000000
25684 -24232.000000
25685 -24344.000000
25686 -23860.000000
25687 -23396.000000
25688 -23752.000000
25689 -24184.000000
25690 -24164.000000
25691 -23504.000000
25692 -24260.000000
25693 -24328.000000
25694 -24440.000000
25695 -24344.000000
25696 -24372.000000
25697 -24460.000000
25698 -24624.000000
25699 -24276.000000
25700 -24008.000000
25701 -23956.000000
25702 -24028.000000
25703 -23804.000000
25704 -23832.000000
25705 -23524.000000
25706 -23720.000000
25707 -23660.000000
25708 -24144.000000
25709 -24304.000000
25710 -24168.000000
25711 -24084.000000
25712 -24532.000000
25713 -24484.000000
25714 -24664.000000
25715 -24184.000000
25716 -24464.000000
25717 -24024.000000
25718 -23968.000000
25719 -23792.000000
25720 -23588.000000
25721 -23692.000000
25722 -24060.000000
25723 -23944.000000
25724 -23628.000000
25725 -23992.000000
25726 -24084.000000
25727 -24092.000000
25728 -23912.000000
25729 -23748.000000
25730 -24168.000000
25731 -24388.000000
25732 -24448.000000
25733 -24488.000000
25734 -24560.000000
25735 -24748.000000
25736 -24440.000000
25737 -24400.000000
25738 -24092.000000
25739 -23764.000000
25740 -24044.000000
25741 -23936.000000
25742 -23912.000000
25743 -24056.000000
25744 -23800.000000
25745 -23900.000000
25746 -23900.000000
25747 -23848.000000
25748 -23820.000000
25749 -23664.000000
25750 -23948.000000
25751 -23820.000000
25752 -23700.000000
25753 -23460.000000
25754 -23268.000000
25755 -23844.000000
25756 -23900.000000
25757 -23824.000000
25758 -23904.000000
25759 -23968.000000
25760 -23860.000000
25761 -24004.000000
25762 -24000.000000
25763 -23504.000000
25764 -23848.000000
25765 -23896.000000
25766 -23708.000000
25767 -23552.000000
25768 -24080.000000
25769 -23844.000000
25770 -24192.000000
25771 -24172.000000
25772 -24228.000000
25773 -24052.000000
25774 -23744.000000
25775 -24036.000000
25776 -23944.000000
25777 -23780.000000
25778 -23988.000000
25779 -23720.000000
25780 -23820.000000
25781 -23732.000000
25782 -23368.000000
25783 -23516.000000
25784 -23932.000000
25785 -23828.000000
25786 -23484.000000
25787 -23132.000000
25788 -23576.000000
25789 -23616.000000
25790 -23288.000000
25791 -23892.000000
25792 -23948.000000
25793 -24140.000000
25794 -24208.000000
25795 -23772.000000
25796 -24080.000000
25797 -24100.000000
25798 -24388.000000
25799 -24312.000000
25800 -24104.000000
25801 -24252.000000
25802 -24272.000000
25803 -23984.000000
25804 -23884.000000
25805 -23620.000000
25806 -23608.000000
25807 -23828.000000
25808 -23316.000000
25809 -23408.000000
25810 -23528.000000
25811 -23700.000000
25812 -23248.000000
25813 -23048.000000
25814 -22980.000000
25815 -22644.000000
25816 -23144.000000
25817 -23164.000000
25818 -23440.000000
25819 -23364.000000
25820 -23248.000000
25821 -23096.000000
25822 -23020.000000
25823 -22948.000000
25824 -23000.000000
25825 -23408.000000
25826 -22648.000000
25827 -23068.000000
25828 -23040.000000
25829 -23104.000000
25830 -23180.000000
25831 -23116.000000
25832 -23556.000000
25833 -23432.000000
25834 -23552.000000
25835 -23680.000000
25836 -23344.000000
25837 -23244.000000
25838 -23120.000000
25839 -23580.000000
25840 -23424.000000
25841 -23216.000000
25842 -23024.000000
25843 -23108.000000
25844 -23012.000000
25845 -23484.000000
25846 -23624.000000
25847 -23480.000000
25848 -23452.000000
25849 -23724.000000
25850 -23976.000000
25851 -23716.000000
25852 -23692.000000
25853 -23988.000000
25854 -23796.000000
25855 -24028.000000
25856 -23972.000000
25857 -23728.000000
25858 -23884.000000
25859 -24152.000000
25860 -23984.000000
25861 -23596.000000
25862 -23984.000000
25863 -23768.000000
25864 -23624.000000
25865 -23668.000000
25866 -23704.000000
25867 -23616.000000
25868 -23836.000000
25869 -23788.000000
25870 -23552.000000
25871 -23452.000000
25872 -23684.000000
25873 -23760.000000
25874 -23864.000000
25875 -23796.000000
25876 -23644.000000
25877 -24016.000000
25878 -23980.000000
25879 -23808.000000
25880 -23976.000000
25881 -23800.000000
25882 -23720.000000
25883 -23636.000000
25884 -23416.000000
25885 -23468.000000
25886 -23492.000000
25887 -23752.000000
25888 -24232.000000
25889 -23700.000000
25890 -23832.000000
25891 -23364.000000
25892 -23764.000000
25893 -23676.000000
25894 -23448.000000
25895 -23668.000000
25896 -23852.000000
25897 -23904.000000
25898 -24108.000000
25899 -23608.000000
25900 -23696.000000
25901 -23624.000000
25902 -23404.000000
25903 -23868.000000
25904 -23612.000000
25905 -23448.000000
25906 -23436.000000
25907 -23360.000000
25908 -23408.000000
25909 -23444.000000
25910 -23472.000000
25911 -23340.000000
25912 -23400.000000
25913 -23640.000000
25914 -23760.000000
25915 -23356.000000
25916 -23664.000000
25917 -23720.000000
25918 -23836.000000
25919 -23816.000000
25920 -24092.000000
25921 -23688.000000
25922 -23628.000000
25923 -23192.000000
25924 -23228.000000
25925 -23756.000000
25926 -23532.000000
25927 -23868.000000
25928 -23860.000000
25929 -24204.000000
25930 -24064.000000
25931 -23904.000000
25932 -23716.000000
25933 -23716.000000
25934 -23464.000000
25935 -23632.000000
25936 -23744.000000
25937 -24108.000000
25938 -23828.000000
25939 -22800.000000
25940 -23220.000000
25941 -22980.000000
25942 -23668.000000
25943 -23236.000000
25944 -23396.000000
25945 -23556.000000
25946 -23464.000000
25947 -24000.000000
25948 -23412.000000
25949 -23728.000000
25950 -23820.000000
25951 -23360.000000
25952 -23200.000000
25953 -23416.000000
25954 -23696.000000
25955 -23824.000000
25956 -23248.000000
25957 -23396.000000
25958 -23436.000000
25959 -23480.000000
25960 -23244.000000
25961 -23304.000000
25962 -23404.000000
25963 -23352.000000
25964 -23464.000000
25965 -23616.000000
25966 -23204.000000
25967 -23184.000000
25968 -23164.000000
25969 -23420.000000
25970 -23444.000000
25971 -23180.000000
25972 -23112.000000
25973 -23072.000000
25974 -23184.000000
25975 -23108.000000
25976 -23088.000000
25977 -22988.000000
25978 -23552.000000
25979 -23332.000000
25980 -23380.000000
25981 -23652.000000
25982 -23604.000000
25983 -23980.000000
25984 -23748.000000
25985 -23888.000000
25986 -23536.000000
25987 -23840.000000
25988 -23464.000000
25989 -23548.000000
25990 -23596.000000
25991 -23468.000000
25992 -23204.000000
25993 -23496.000000
25994 -23468.000000
25995 -23960.000000
25996 -23484.000000
25997 -23800.000000
25998 -23776.000000
25999 -23876.000000
26000 -23660.000000
26001 -24116.000000
26002 -23744.000000
26003 -23692.000000
26004 -23892.000000
26005 -23612.000000
26006 -23664.000000
26007 -23532.000000
26008 -23536.000000
26009 -23476.000000
26010 -23488.000000
26011 -23468.000000
26012 -23228.000000
26013 -23364.000000
26014 -23292.000000
26015 -23240.000000
26016 -23500.000000
26017 -23632.000000
26018 -23460.000000
26019 -22928.000000
26020 -23040.000000
26021 -23260.000000
26022 -23348.000000
26023 -23468.000000
26024 -23716.000000
26025 -23852.000000
26026 -23444.000000
26027 -23524.000000
26028 -23504.000000
26029 -23216.000000
26030 -23404.000000
26031 -23476.000000
26032 -23440.000000
26033 -23304.000000
26034 -23408.000000
26035 -23156.000000
26036 -23404.000000
26037 -23120.000000
26038 -23220.000000
26039 -23160.000000
26040 -23272.000000
26041 -23400.000000
26042 -23268.000000
26043 -23136.000000
26044 -23044.000000
26045 -23092.000000
26046 -23244.000000
26047 -23160.000000
26048 -23144.000000
26049 -23752.000000
26050 -23408.000000
26051 -23936.000000
26052 -23564.000000
26053 -23356.000000
26054 -23528.000000
26055 -23636.000000
26056 -23788.000000
26057 -23740.000000
26058 -23728.000000
26059 -23816.000000
26060 -24172.000000
26061 -24080.000000
26062 -23844.000000
26063 -24112.000000
26064 -24240.000000
26065 -24268.000000
26066 -23756.000000
26067 -23940.000000
26068 -24200.000000
26069 -24044.000000
26070 -23916.000000
26071 -24020.000000
26072 -23852.000000
26073 -24140.000000
26074 -23984.000000
26075 -23856.000000
26076 -24004.000000
26077 -23924.000000
26078 -23856.000000
26079 -24288.000000
26080 -23756.000000
26081 -23176.000000
26082 -23480.000000
26083 -23640.000000
26084 -23672.000000
26085 -23336.000000
26086 -23400.000000
26087 -23596.000000
26088 -23524.000000
26089 -23476.000000
26090 -23736.000000
26091 -24016.000000
26092 -23724.000000
26093 -23520.000000
26094 -23328.000000
26095 -23372.000000
26096 -23172.000000
26097 -23284.000000
26098 -23164.000000
26099 -23092.000000
26100 -23404.000000
26101 -23608.000000
26102 -23396.000000
26103 -23560.000000
26104 -23516.000000
26105 -23704.000000
26106 -23732.000000
26107 -23416.000000
26108 -23404.000000
26109 -23536.000000
26110 -23360.000000
26111 -23668.000000
26112 -23788.000000
26113 -23812.000000
26114 -23468.000000
26115 -23408.000000
26116 -23656.000000
26117 -23296.000000
26118 -23256.000000
26119 -23696.000000
26120 -23868.000000
26121 -23844.000000
26122 -23860.000000
26123 -23728.000000
26124 -23896.000000
26125 -23864.000000
26126 -23892.000000
26127 -23388.000000
26128 -23388.000000
26129 -23292.000000
26130 -23368.000000
26131 -23464.000000
26132 -23216.000000
26133 -23076.000000
26134 -23208.000000
26135 -23476.000000
26136 -23528.000000
26137 -23376.000000
26138 -23304.000000
26139 -23732.000000
26140 -23256.000000
26141 -23160.000000
26142 -23264.000000
26143 -23992.000000
26144 -23756.000000
26145 -23836.000000
26146 -23800.000000
26147 -23896.000000
26148 -23896.000000
26149 -23592.000000
26150 -23700.000000
26151 -24172.000000
26152 -24180.000000
26153 -23500.000000
26154 -23388.000000
26155 -23600.000000
26156 -23664.000000
26157 -23592.000000
26158 -23152.000000
26159 -23280.000000
26160 -23072.000000
26161 -22548.000000
26162 -22856.000000
26163 -23180.000000
26164 -23260.000000
26165 -23312.000000
26166 -23212.000000
26167 -22888.000000
26168 -23092.000000
26169 -23224.000000
26170 -22984.000000
26171 -23508.000000
26172 -23588.000000
26173 -23432.000000
26174 -23640.000000
26175 -23620.000000
26176 -23324.000000
26177 -23356.000000
26178 -23468.000000
26179 -23552.000000
26180 -23360.000000
26181 -23568.000000
26182 -23664.000000
26183 -23872.000000
26184 -23960.000000
26185 -24156.000000
26186 -23996.000000
26187 -23872.000000
26188 -23708.000000
26189 -23956.000000
26190 -23640.000000
26191 -23656.000000
26192 -23452.000000
26193 -23524.000000
26194 -23640.000000
26195 -23388.000000
26196 -23392.000000
26197 -23376.000000
26198 -23416.000000
26199 -23492.000000
26200 -23532.000000
26201 -23288.000000
26202 -22904.000000
26203 -23372.000000
26204 -23328.000000
26205 -23580.000000
26206 -23392.000000
26207 -23252.000000
26208 -23268.000000
26209 -22900.000000
26210 -23064.000000
26211 -23012.000000
26212 -23016.000000
26213 -23140.000000
26214 -22848.000000
26215 -23496.000000
26216 -22976.000000
26217 -23912.000000
26218 -23868.000000
26219 -23836.000000
26220 -23676.000000
26221 -23544.000000
26222 -23600.000000
26223 -23424.000000
26224 -23292.000000
26225 -23864.000000
26226 -23784.000000
26227 -23804.000000
26228 -23820.000000
26229 -23320.000000
26230 -23972.000000
26231 -23976.000000
26232 -23812.000000
26233 -23716.000000
26234 -23924.000000
26235 -24032.000000
26236 -23748.000000
26237 -23884.000000
26238 -24452.000000
26239 -23992.000000
26240 -23460.000000
26241 -23580.000000
26242 -23484.000000
26243 -23924.000000
26244 -23712.000000
26245 -23756.000000
26246 -23304.000000
26247 -23564.000000
26248 -23752.000000
26249 -23712.000000
26250 -24164.000000
26251 -23748.000000
26252 -23832.000000
26253 -24072.000000
26254 -23800.000000
26255 -23996.000000
26256 -24036.000000
26257 -23552.000000
26258 -23884.000000
26259 -24004.000000
26260 -24020.000000
26261 -23728.000000
26262 -23836.000000
26263 -23744.000000
26264 -23724.000000
26265 -24060.000000
26266 -24164.000000
26267 -24640.000000
26268 -24512.000000
26269 -24172.000000
26270 -24288.000000
26271 -23944.000000
26272 -23692.000000
26273 -24084.000000
26274 -24156.000000
26275 -24296.000000
26276 -23916.000000
26277 -23880.000000
26278 -23724.000000
26279 -24108.000000
26280 -23996.000000
26281 -23776.000000
26282 -23672.000000
26283 -23852.000000
26284 -23780.000000
26285 -23952.000000
26286 -23656.000000
26287 -23812.000000
26288 -23508.000000
26289 -24072.000000
26290 -24232.000000
26291 -24036.000000
26292 -23884.000000
26293 -24212.000000
26294 -24284.000000
26295 -23896.000000
26296 -23772.000000
26297 -23864.000000
26298 -23624.000000
26299 -23556.000000
26300 -23756.000000
26301 -23316.000000
26302 -23408.000000
26303 -23540.000000
26304 -23472.000000
26305 -23272.000000
26306 -23696.000000
26307 -23736.000000
26308 -23944.000000
26309 -23904.000000
26310 -23936.000000
26311 -23576.000000
26312 -23660.000000
26313 -23736.000000
26314 -23572.000000
26315 -23740.000000
26316 -23692.000000
26317 -23964.000000
26318 -23460.000000
26319 -23532.000000
26320 -23572.000000
26321 -23452.000000
26322 -23276.000000
26323 -23332.000000
26324 -23348.000000
26325 -23444.000000
26326 -23364.000000
26327 -23532.000000
26328 -23688.000000
26329 -23440.000000
26330 -23092.000000
26331 -23552.000000
26332 -23456.000000
26333 -23320.000000
26334 -23596.000000
26335 -23744.000000
26336 -23892.000000
26337 -23864.000000
26338 -23484.000000
26339 -23756.000000
26340 -23932.000000
26341 -23712.000000
26342 -23980.000000
26343 -24600.000000
26344 -23848.000000
26345 -23872.000000
26346 -23948.000000
26347 -24480.000000
26348 -24480.000000
26349 -24036.000000
26350 -24440.000000
26351 -24388.000000
26352 -24356.000000
26353 -23960.000000
26354 -24128.000000
26355 -24436.000000
26356 -24408.000000
26357 -24480.000000
26358 -24356.000000
26359 -24020.000000
26360 -24448.000000
26361 -24360.000000
26362 -24052.000000
26363 -23916.000000
26364 -23832.000000
26365 -23836.000000
26366 -24096.000000
26367 -23836.000000
26368 -24500.000000
26369 -24208.000000
26370 -24384.000000
26371 -24052.000000
26372 -24152.000000
26373 -24536.000000
26374 -24360.000000
26375 -24400.000000
26376 -24644.000000
26377 -24220.000000
26378 -24036.000000
26379 -23976.000000
26380 -24028.000000
26381 -24008.000000
26382 -24200.000000
26383 -23936.000000
26384 -24024.000000
26385 -24344.000000
26386 -24464.000000
26387 -24372.000000
26388 -24372.000000
26389 -24180.000000
26390 -24032.000000
26391 -24080.000000
26392 -24368.000000
26393 -24148.000000
26394 -23868.000000
26395 -23956.000000
26396 -23700.000000
26397 -23512.000000
26398 -23984.000000
26399 -24104.000000
26400 -24124.000000
26401 -24184.000000
26402 -24032.000000
26403 -23728.000000
26404 -23772.000000
26405 -23556.000000
26406 -23984.000000
26407 -23888.000000
26408 -24072.000000
26409 -23576.000000
26410 -24192.000000
26411 -24148.000000
26412 -24064.000000
26413 -23756.000000
26414 -23832.000000
26415 -23836.000000
26416 -23612.000000
26417 -23744.000000
26418 -23632.000000
26419 -23548.000000
26420 -23904.000000
26421 -23544.000000
26422 -23048.000000
26423 -23084.000000
26424 -22956.000000
26425 -23436.000000
26426 -23620.000000
26427 -23548.000000
26428 -23800.000000
26429 -23436.000000
26430 -23940.000000
26431 -23620.000000
26432 -23456.000000
26433 -23336.000000
26434 -23104.000000
26435 -23400.000000
26436 -23584.000000
26437 -23684.000000
26438 -23644.000000
26439 -24004.000000
26440 -23820.000000
26441 -23972.000000
26442 -24072.000000
26443 -24188.000000
26444 -23844.000000
26445 -23764.000000
26446 -23976.000000
26447 -23580.000000
26448 -23724.000000
26449 -23848.000000
26450 -23548.000000
26451 -23844.000000
26452 -23856.000000
26453 -23624.000000
26454 -23808.000000
26455 -23428.000000
26456 -23320.000000
26457 -23232.000000
26458 -23380.000000
26459 -23380.000000
26460 -23700.000000
26461 -23828.000000
26462 -23508.000000
26463 -23804.000000
26464 -24376.000000
26465 -24228.000000
26466 -23748.000000
26467 -23616.000000
26468 -23768.000000
26469 -23796.000000
26470 -23296.000000
26471 -23504.000000
26472 -24148.000000
26473 -24136.000000
26474 -24124.000000
26475 -24252.000000
26476 -24004.000000
26477 -23696.000000
26478 -24088.000000
26479 -24228.000000
26480 -24196.000000
26481 -23864.000000
26482 -23952.000000
26483 -24064.000000
26484 -23636.000000
26485 -23436.000000
26486 -23816.000000
26487 -23916.000000
26488 -23736.000000
26489 -24072.000000
26490 -24456.000000
26491 -24508.000000
26492 -23868.000000
26493 -23636.000000
26494 -23720.000000
26495 -23988.000000
26496 -24248.000000
26497 -24512.000000
26498 -24336.000000
26499 -24492.000000
26500 -24208.000000
26501 -24020.000000
26502 -24152.000000
26503 -24100.000000
26504 -24040.000000
26505 -24072.000000
26506 -24304.000000
26507 -24424.000000
26508 -24384.000000
26509 -24440.000000
26510 -24416.000000
26511 -24300.000000
26512 -24444.000000
26513 -24396.000000
26514 -24184.000000
26515 -24020.000000
26516 -24028.000000
26517 -23856.000000
26518 -23932.000000
26519 -24312.000000
26520 -23924.000000
26521 -24316.000000
26522 -24092.000000
26523 -24176.000000
26524 -24404.000000
26525 -24100.000000
26526 -24280.000000
26527 -23952.000000
26528 -23864.000000
26529 -24116.000000
26530 -24196.000000
26531 -23824.000000
26532 -24176.000000
26533 -23780.000000
26534 -23972.000000
26535 -24404.000000
26536 -23900.000000
26537 -23860.000000
26538 -23744.000000
26539 -23752.000000
26540 -23988.000000
26541 -24096.000000
26542 -24648.000000
26543 -24320.000000
26544 -24716.000000
26545 -24740.000000
26546 -24160.000000
26547 -24156.000000
26548 -24180.000000
26549 -24220.000000
26550 -24384.000000
26551 -24092.000000
26552 -23956.000000
26553 -24348.000000
26554 -24292.000000
26555 -24132.000000
26556 -23960.000000
26557 -24084.000000
26558 -24412.000000
26559 -24816.000000
26560 -24504.000000
26561 -24308.000000
26562 -24340.000000
26563 -23896.000000
26564 -24012.000000
26565 -23992.000000
26566 -23660.000000
26567 -23512.000000
26568 -23672.000000
26569 -24036.000000
26570 -23824.000000
26571 -24012.000000
26572 -24244.000000
26573 -24264.000000
26574 -24084.000000
26575 -23756.000000
26576 -23724.000000
26577 -23944.000000
26578 -23788.000000
26579 -24284.000000
26580 -23956.000000
26581 -23872.000000
26582 -23792.000000
26583 -23952.000000
26584 -24288.000000
26585 -24076.000000
26586 -24060.000000
26587 -24068.000000
26588 -24044.000000
26589 -24144.000000
26590 -24008.000000
26591 -23956.000000
26592 -24168.000000
26593 -24072.000000
26594 -23980.000000
26595 -24404.000000
26596 -24216.000000
26597 -24352.000000
26598 -24448.000000
26599 -24184.000000
26600 -24364.000000
26601 -24692.000000
26602 -24288.000000
26603 -24404.000000
26604 -24232.000000
26605 -24216.000000
26606 -24152.000000
26607 -24156.000000
26608 -24268.000000
26609 -24064.000000
26610 -24092.000000
26611 -23692.000000
26612 -23556.000000
26613 -23676.000000
26614 -23352.000000
26615 -23556.000000
26616 -23804.000000
26617 -23660.000000
26618 -24128.000000
26619 -24096.000000
26620 -23900.000000
26621 -23820.000000
26622 -24168.000000
26623 -24480.000000
26624 -24296.000000
26625 -23852.000000
26626 -24544.000000
26627 -24664.000000
26628 -24392.000000
26629 -24356.000000
26630 -24048.000000
26631 -24376.000000
26632 -24556.000000
26633 -24012.000000
26634 -24192.000000
26635 -24044.000000
26636 -23984.000000
26637 -23692.000000
26638 -23776.000000
26639 -23928.000000
26640 -24116.000000
26641 -24080.000000
26642 -23808.000000
26643 -23664.000000
26644 -23880.000000
26645 -24456.000000
26646 -24412.000000
26647 -24056.000000
26648 -24236.000000
26649 -23984.000000
26650 -24252.000000
26651 -23856.000000
26652 -23912.000000
26653 -23804.000000
26654 -24040.000000
26655 -24300.000000
26656 -24252.000000
26657 -24416.000000
26658 -23756.000000
26659 -23876.000000
26660 -23840.000000
26661 -23992.000000
26662 -24196.000000
26663 -24344.000000
26664 -24372.000000
26665 -24572.000000
26666 -24352.000000
26667 -24432.000000
26668 -24428.000000
26669 -24400.000000
26670 -24280.000000
26671 -24440.000000
26672 -24672.000000
26673 -24420.000000
26674 -24604.000000
26675 -24708.000000
26676 -24660.000000
26677 -24724.000000
26678 -24340.000000
26679 -24548.000000
26680 -24432.000000
26681 -24360.000000
26682 -24672.000000
26683 -24268.000000
26684 -24488.000000
26685 -24364.000000
26686 -24348.000000
26687 -24112.000000
26688 -24200.000000
26689 -24028.000000
26690 -23904.000000
26691 -23888.000000
26692 -23952.000000
26693 -23920.000000
26694 -23808.000000
26695 -24068.000000
26696 -24052.000000
26697 -24120.000000
26698 -24400.000000
26699 -24748.000000
26700 -24328.000000
26701 -24360.000000
26702 -24664.000000
26703 -24600.000000
26704 -24584.000000
26705 -24140.000000
26706 -23720.000000
26707 -23896.000000
26708 -24144.000000
26709 -24048.000000
26710 -23840.000000
26711 -23716.000000
26712 -23780.000000
26713 -24480.000000
26714 -24592.000000
26715 -24124.000000
26716 -24416.000000
26717 -24384.000000
26718 -24692.000000
26719 -24512.000000
26720 -24424.000000
26721 -24160.000000
26722 -24396.000000
26723 -24112.000000
26724 -24248.000000
26725 -24340.000000
26726 -24136.000000
26727 -23448.000000
26728 -23480.000000
26729 -23532.000000
26730 -23400.000000
26731 -23504.000000
26732 -23196.000000
26733 -23872.000000
26734 -23556.000000
26735 -23412.000000
26736 -23776.000000
26737 -23844.000000
26738 -23728.000000
26739 -24088.000000
26740 -23804.000000
26741 -23796.000000
26742 -23860.000000
26743 -24000.000000
26744 -23644.000000
26745 -24084.000000
26746 -24020.000000
26747 -23756.000000
26748 -23784.000000
26749 -23576.000000
26750 -23776.000000
26751 -23292.000000
26752 -23492.000000
26753 -23572.000000
26754 -24156.000000
26755 -24048.000000
26756 -24228.000000
26757 -24540.000000
26758 -24068.000000
26759 -24052.000000
26760 -24352.000000
26761 -24248.000000
26762 -24204.000000
26763 -24496.000000
26764 -24256.000000
26765 -24224.000000
26766 -24140.000000
26767 -23604.000000
26768 -23772.000000
26769 -24004.000000
26770 -24188.000000
26771 -23720.000000
26772 -23976.000000
26773 -24088.000000
26774 -24036.000000
26775 -24192.000000
26776 -24448.000000
26777 -24256.000000
26778 -23516.000000
26779 -23572.000000
26780 -23976.000000
26781 -24132.000000
26782 -23788.000000
26783 -23508.000000
26784 -24052.000000
26785 -24012.000000
26786 -23804.000000
26787 -23688.000000
26788 -23644.000000
26789 -23868.000000
26790 -24052.000000
26791 -24112.000000
26792 -23860.000000
26793 -23532.000000
26794 -24008.000000
26795 -23692.000000
26796 -24140.000000
26797 -24212.000000
26798 -24512.000000
26799 -24576.000000
26800 -24180.000000
26801 -24168.000000
26802 -24084.000000
26803 -24000.000000
26804 -24636.000000
26805 -24340.000000
26806 -24548.000000
26807 -24336.000000
26808 -23984.000000
26809 -24352.000000
26810 -23712.000000
26811 -24004.000000
26812 -23924.000000
26813 -24088.000000
26814 -23724.000000
26815 -23896.000000
26816 -23752.000000
26817 -24380.000000
26818 -23812.000000
26819 -23392.000000
26820 -23460.000000
26821 -23844.000000
26822 -23824.000000
26823 -24076.000000
26824 -24372.000000
26825 -24116.000000
26826 -23800.000000
26827 -23964.000000
26828 -23796.000000
26829 -23700.000000
26830 -23500.000000
26831 -23168.000000
26832 -23116.000000
26833 -23860.000000
26834 -23824.000000
26835 -23992.000000
26836 -23800.000000
26837 -23732.000000
26838 -23724.000000
26839 -23612.000000
26840 -23552.000000
26841 -23400.000000
26842 -23804.000000
26843 -24084.000000
26844 -23844.000000
26845 -23600.000000
26846 -23568.000000
26847 -23548.000000
26848 -23020.000000
26849 -23120.000000
26850 -23420.000000
26851 -23536.000000
26852 -23496.000000
26853 -23492.000000
26854 -23544.000000
26855 -23556.000000
26856 -23644.000000
26857 -24036.000000
26858 -24072.000000
26859 -24316.000000
26860 -24160.000000
26861 -24056.000000
26862 -24180.000000
26863 -23952.000000
26864 -24144.000000
26865 -23940.000000
26866 -23956.000000
26867 -24104.000000
26868 -24072.000000
26869 -23824.000000
26870 -23572.000000
26871 -23316.000000
26872 -23764.000000
26873 -23448.000000
26874 -23864.000000
26875 -23864.000000
26876 -23864.000000
26877 -23544.000000
26878 -24144.000000
26879 -23876.000000
26880 -23828.000000
26881 -24092.000000
26882 -24284.000000
26883 -23408.000000
26884 -23344.000000
26885 -23572.000000
26886 -23584.000000
26887 -24004.000000
26888 -23792.000000
26889 -24048.000000
26890 -24244.000000
26891 -24060.000000
26892 -23788.000000
26893 -23876.000000
26894 -23984.000000
26895 -23588.000000
26896 -23548.000000
26897 -23500.000000
26898 -23392.000000
26899 -23788.000000
26900 -23812.000000
26901 -23604.000000
26902 -23672.000000
26903 -23700.000000
26904 -24176.000000
26905 -23892.000000
26906 -23364.000000
26907 -23364.000000
26908 -23232.000000
26909 -23572.000000
26910 -23844.000000
26911 -23980.000000
26912 -24204.000000
26913 -24248.000000
26914 -24400.000000
26915 -24252.000000
26916 -24136.000000
26917 -24056.000000
26918 -23840.000000
26919 -23740.000000
26920 -23848.000000
26921 -23640.000000
26922 -23468.000000
26923 -23704.000000
26924 -23612.000000
26925 -23424.000000
26926 -23140.000000
26927 -23056.000000
26928 -23360.000000
26929 -23260.000000
26930 -23560.000000
26931 -23604.000000
26932 -23776.000000
26933 -23820.000000
26934 -23460.000000
26935 -23176.000000
26936 -23536.000000
26937 -23676.000000
26938 -23648.000000
26939 -23396.000000
26940 -23592.000000
26941 -23464.000000
26942 -23256.000000
26943 -23628.000000
26944 -23760.000000
26945 -23916.000000
26946 -23840.000000
26947 -23240.000000
26948 -23420.000000
26949 -23976.000000
26950 -23788.000000
26951 -23816.000000
26952 -24040.000000
26953 -24244.000000
26954 -24148.000000
26955 -24108.000000
26956 -24080.000000
26957 -24036.000000
26958 -23996.000000
26959 -24076.000000
26960 -23728.000000
26961 -23880.000000
26962 -23828.000000
26963 -24232.000000
26964 -23812.000000
26965 -23820.000000
26966 -23604.000000
26967 -23600.000000
26968 -23816.000000
26969 -23352.000000
26970 -23512.000000
26971 -23616.000000
26972 -23308.000000
26973 -23172.000000
26974 -23004.000000
26975 -23464.000000
26976 -23520.000000
26977 -23712.000000
26978 -23408.000000
26979 -23168.000000
26980 -23548.000000
26981 -23180.000000
26982 -23388.000000
26983 -23616.000000
26984 -23548.000000
26985 -22952.000000
26986 -23244.000000
26987 -23344.000000
26988 -23504.000000
26989 -24172.000000
26990 -23824.000000
26991 -23952.000000
26992 -24028.000000
26993 -24056.000000
26994 -24100.000000
26995 -24004.000000
26996 -24128.000000
26997 -23924.000000
26998 -23900.000000
26999 -24000.000000
27000 -23920.000000
27001 -24216.000000
27002 -24004.000000
27003 -24428.000000
27004 -24332.000000
27005 -24372.000000
27006 -24604.000000
27007 -23976.000000
27008 -23996.000000
27009 -23664.000000
27010 -24208.000000
27011 -23996.000000
27012 -23932.000000
27013 -24216.000000
27014 -24112.000000
27015 -23628.000000
27016 -23436.000000
27017 -23588.000000
27018 -23544.000000
27019 -24272.000000
27020 -24260.000000
27021 -24400.000000
27022 -24124.000000
27023 -24080.000000
27024 -24240.000000
27025 -24368.000000
27026 -24252.000000
27027 -24176.000000
27028 -24316.000000
27029 -24364.000000
27030 -24036.000000
27031 -23952.000000
27032 -23768.000000
27033 -23984.000000
27034 -23956.000000
27035 -24240.000000
27036 -24224.000000
27037 -23988.000000
27038 -23728.000000
27039 -23336.000000
27040 -23740.000000
27041 -23840.000000
27042 -24064.000000
27043 -24212.000000
27044 -24116.000000
27045 -23984.000000
27046 -24176.000000
27047 -23948.000000
27048 -23660.000000
27049 -23560.000000
27050 -23488.000000
27051 -23600.000000
27052 -23672.000000
27053 -23504.000000
27054 -23596.000000
27055 -23464.000000
27056 -23628.000000
27057 -23704.000000
27058 -23820.000000
27059 -24196.000000
27060 -23916.000000
27061 -24228.000000
27062 -24024.000000
27063 -23624.000000
27064 -23572.000000
27065 -23984.000000
27066 -23992.000000
27067 -23832.000000
27068 -23740.000000
27069 -23340.000000
27070 -23672.000000
27071 -23680.000000
27072 -23520.000000
27073 -23460.000000
27074 -23596.000000
27075 -23904.000000
27076 -24048.000000
27077 -23816.000000
27078 -23660.000000
27079 -24068.000000
27080 -24008.000000
27081 -23500.000000
27082 -23432.000000
27083 -23700.000000
27084 -23856.000000
27085 -23772.000000
27086 -23980.000000
27087 -23904.000000
27088 -23968.000000
27089 -23956.000000
27090 -24236.000000
27091 -24056.000000
27092 -24080.000000
27093 -24056.000000
27094 -23620.000000
27095 -23812.000000
27096 -23960.000000
27097 -24124.000000
27098 -23572.000000
27099 -23696.000000
27100 -23652.000000
27101 -24056.000000
27102 -24064.000000
27103 -23616.000000
27104 -24140.000000
27105 -23468.000000
27106 -23296.000000
27107 -23572.000000
27108 -23724.000000
27109 -23480.000000
27110 -23332.000000
27111 -23452.000000
27112 -23868.000000
27113 -23680.000000
27114 -23580.000000
27115 -24072.000000
27116 -23632.000000
27117 -23932.000000
27118 -23756.000000
27119 -24052.000000
27120 -23740.000000
27121 -23716.000000
27122 -23684.000000
27123 -24060.000000
27124 -23732.000000
27125 -23564.000000
27126 -23832.000000
27127 -23528.000000
27128 -23672.000000
27129 -23300.000000
27130 -23600.000000
27131 -23548.000000
27132 -23504.000000
27133 -23340.000000
27134 -23332.000000
27135 -23336.000000
27136 -23260.000000
27137 -23384.000000
27138 -23404.000000
27139 -23408.000000
27140 -23304.000000
27141 -23612.000000
27142 -23952.000000
27143 -24224.000000
27144 -23892.000000
27145 -24564.000000
27146 -24572.000000
27147 -24304.000000
27148 -24548.000000
27149 -23928.000000
27150 -23684.000000
27151 -24100.000000
27152 -24280.000000
27153 -24072.000000
27154 -23604.000000
27155 -23588.000000
27156 -23356.000000
27157 -23704.000000
27158 -23836.000000
27159 -23888.000000
27160 -23372.000000
27161 -24020.000000
27162 -23608.000000
27163 -23840.000000
27164 -23868.000000
27165 -24040.000000
27166 -23804.000000
27167 -23528.000000
27168 -23420.000000
27169 -23032.000000
27170 -23508.000000
27171 -23796.000000
27172 -23832.000000
27173 -23808.000000
27174 -23760.000000
27175 -23916.000000
27176 -24300.000000
27177 -24368.000000
27178 -24436.000000
27179 -24188.000000
27180 -24244.000000
27181 -23576.000000
27182 -23788.000000
27183 -23956.000000
27184 -23976.000000
27185 -24264.000000
27186 -24304.000000
27187 -24636.000000
27188 -24688.000000
27189 -24668.000000
27190 -24872.000000
27191 -24776.000000
27192 -24708.000000
27193 -24216.000000
27194 -24200.000000
27195 -24156.000000
27196 -24092.000000
27197 -23840.000000
27198 -23596.000000
27199 -24224.000000
27200 -24304.000000
27201 -24564.000000
27202 -25124.000000
27203 -24620.000000
27204 -24608.000000
27205 -24384.000000
27206 -24552.000000
27207 -24304.000000
27208 -24596.000000
27209 -24456.000000
27210 -24096.000000
27211 -23856.000000
27212 -24312.000000
27213 -24136.000000
27214 -24304.000000
27215 -23672.000000
27216 -23476.000000
27217 -23836.000000
27218 -23916.000000
27219 -23836.000000
27220 -23272.000000
27221 -23536.000000
27222 -23904.000000
27223 -23540.000000
27224 -23832.000000
27225 -23656.000000
27226 -23436.000000
27227 -23056.000000
27228 -23336.000000
27229 -23612.000000
27230 -23484.000000
27231 -23392.000000
27232 -23336.000000
27233 -23216.000000
27234 -23424.000000
27235 -23460.000000
27236 -23940.000000
27237 -23608.000000
27238 -23704.000000
27239 -23728.000000
27240 -23236.000000
27241 -23428.000000
27242 -23600.000000
27243 -23640.000000
27244 -23800.000000
27245 -23976.000000
27246 -23932.000000
27247 -23612.000000
27248 -23420.000000
27249 -23548.000000
27250 -23468.000000
27251 -23848.000000
27252 -23808.000000
27253 -24052.000000
27254 -23848.000000
27255 -23880.000000
27256 -23924.000000
27257 -24140.000000
27258 -23736.000000
27259 -24092.000000
27260 -23996.000000
27261 -23928.000000
27262 -23936.000000
27263 -24068.000000
27264 -23708.000000
27265 -23552.000000
27266 -23748.000000
27267 -24236.000000
27268 -24184.000000
27269 -24020.000000
27270 -24112.000000
27271 -24128.000000
27272 -24256.000000
27273 -24624.000000
27274 -24512.000000
27275 -24244.000000
27276 -24224.000000
27277 -24112.000000
27278 -24156.000000
27279 -23724.000000
27280 -23692.000000
27281 -23984.000000
27282 -24300.000000
27283 -24404.000000
27284 -23812.000000
27285 -24008.000000
27286 -24072.000000
27287 -23732.000000
27288 -23572.000000
27289 -23628.000000
27290 -23508.000000
27291 -23652.000000
27292 -24080.000000
27293 -24024.000000
27294 -24212.000000
27295 -24216.000000
27296 -24312.000000
27297 -24316.000000
27298 -24076.000000
27299 -24256.000000
27300 -23904.000000
27301 -23580.000000
27302 -23592.000000
27303 -23744.000000
27304 -23752.000000
27305 -23612.000000
27306 -24000.000000
27307 -23776.000000
27308 -24180.000000
27309 -24400.000000
27310 -24200.000000
27311 -23656.000000
27312 -23624.000000
27313 -23628.000000
27314 -23920.000000
27315 -23788.000000
27316 -23896.000000
27317 -23496.000000
27318 -23408.000000
27319 -23792.000000
27320 -23924.000000
27321 -24232.000000
27322 -23568.000000
27323 -23292.000000
27324 -23500.000000
27325 -23768.000000
27326 -23444.000000
27327 -23644.000000
27328 -23348.000000
27329 -23236.000000
27330 -22848.000000
27331 -22588.000000
27332 -23264.000000
27333 -23484.000000
27334 -23320.000000
27335 -23520.000000
27336 -23512.000000
27337 -23532.000000
27338 -23840.000000
27339 -24100.000000
27340 -23940.000000
27341 -23916.000000
27342 -24116.000000
27343 -23912.000000
27344 -23528.000000
27345 -23976.000000
27346 -23520.000000
27347 -24024.000000
27348 -23680.000000
27349 -23684.000000
27350 -23928.000000
27351 -23964.000000
27352 -24424.000000
27353 -24264.000000
27354 -23992.000000
27355 -23784.000000
27356 -23804.000000
27357 -23652.000000
27358 -23992.000000
27359 -23472.000000
27360 -23984.000000
27361 -23608.000000
27362 -23732.000000
27363 -23888.000000
27364 -23668.000000
27365 -23668.000000
27366 -24204.000000
27367 -24120.000000
27368 -23716.000000
27369 -23408.000000
27370 -23264.000000
27371 -23660.000000
27372 -23524.000000
27373 -23596.000000
27374 -23896.000000
27375 -23488.000000
27376 -23720.000000
27377 -23240.000000
27378 -23664.000000
27379 -23048.000000
27380 -23600.000000
27381 -23320.000000
27382 -23660.000000
27383 -23164.000000
27384 -23312.000000
27385 -23700.000000
27386 -23876.000000
27387 -23776.000000
27388 -24204.000000
27389 -24216.000000
27390 -23888.000000
27391 -23740.000000
27392 -23956.000000
27393 -23988.000000
27394 -23812.000000
27395 -23744.000000
27396 -23968.000000
27397 -24060.000000
27398 -23848.000000
27399 -23764.000000
27400 -23832.000000
27401 -23816.000000
27402 -23420.000000
27403 -24004.000000
27404 -23852.000000
27405 -23888.000000
27406 -24104.000000
27407 -24776.000000
27408 -24624.000000
27409 -24520.000000
27410 -24004.000000
27411 -23928.000000
27412 -23920.000000
27413 -23936.000000
27414 -24200.000000
27415 -23736.000000
27416 -23960.000000
27417 -24180.000000
27418 -24112.000000
27419 -23844.000000
27420 -23792.000000
27421 -24128.000000
27422 -23900.000000
27423 -23572.000000
27424 -23132.000000
27425 -23840.000000
27426 -23776.000000
27427 -23652.000000
27428 -23924.000000
27429 -24368.000000
27430 -24744.000000
27431 -24584.000000
27432 -24100.000000
27433 -24240.000000
27434 -24152.000000
27435 -24064.000000
27436 -23976.000000
27437 -23948.000000
27438 -23808.000000
27439 -23732.000000
27440 -23828.000000
27441 -23920.000000
27442 -24144.000000
27443 -24316.000000
27444 -24212.000000
27445 -24580.000000
27446 -24160.000000
27447 -24044.000000
27448 -24372.000000
27449 -24064.000000
27450 -23984.000000
27451 -23652.000000
27452 -24080.000000
27453 -23928.000000
27454 -23844.000000
27455 -23732.000000
27456 -23280.000000
27457 -23540.000000
27458 -23524.000000
27459 -23812.000000
27460 -23772.000000
27461 -24244.000000
27462 -23784.000000
27463 -24184.000000
27464 -24112.000000
27465 -24204.000000
27466 -23980.000000
27467 -24020.000000
27468 -24268.000000
27469 -23888.000000
27470 -23572.000000
27471 -23460.000000
27472 -23664.000000
27473 -24056.000000
27474 -24288.000000
27475 -24284.000000
27476 -24336.000000
27477 -24344.000000
27478 -24688.000000
27479 -24128.000000
27480 -24140.000000
27481 -24148.000000
27482 -24296.000000
27483 -24756.000000
27484 -24560.000000
27485 -24012.000000
27486 -23736.000000
27487 -23592.000000
27488 -23552.000000
27489 -23480.000000
27490 -23840.000000
27491 -23212.000000
27492 -23060.000000
27493 -23260.000000
27494 -22952.000000
27495 -22984.000000
27496 -23072.000000
27497 -22900.000000
27498 -23276.000000
27499 -23148.000000
27500 -23024.000000
27501 -23204.000000
27502 -23132.000000
27503 -23592.000000
27504 -23604.000000
27505 -23580.000000
27506 -23808.000000
27507 -23324.000000
27508 -23876.000000
27509 -23748.000000
27510 -23512.000000
27511 -23772.000000
27512 -23904.000000
27513 -23928.000000
27514 -23896.000000
27515 -23888.000000
27516 -23868.000000
27517 -24212.000000
27518 -23540.000000
27519 -24000.000000
27520 -24064.000000
27521 -23916.000000
27522 -23824.000000
27523 -23736.000000
27524 -23416.000000
27525 -23516.000000
27526 -23360.000000
27527 -23560.000000
27528 -24384.000000
27529 -24284.000000
27530 -24032.000000
27531 -23856.000000
27532 -23552.000000
27533 -23340.000000
27534 -23528.000000
27535 -24184.000000
27536 -23912.000000
27537 -24312.000000
27538 -23984.000000
27539 -23896.000000
27540 -23916.000000
27541 -24372.000000
27542 -23908.000000
27543 -23816.000000
27544 -23932.000000
27545 -23736.000000
27546 -23720.000000
27547 -24004.000000
27548 -23552.000000
27549 -24092.000000
27550 -23488.000000
27551 -23784.000000
27552 -23660.000000
27553 -24048.000000
27554 -23716.000000
27555 -23952.000000
27556 -24388.000000
27557 -24256.000000
27558 -23928.000000
27559 -23944.000000
27560 -24124.000000
27561 -23440.000000
27562 -23656.000000
27563 -23428.000000
27564 -23848.000000
27565 -23812.000000
27566 -23988.000000
27567 -23684.000000
27568 -24100.000000
27569 -24340.000000
27570 -24628.000000
27571 -24276.000000
27572 -24224.000000
27573 -23992.000000
27574 -24180.000000
27575 -24380.000000
27576 -24216.000000
27577 -24488.000000
27578 -24036.000000
27579 -24092.000000
27580 -24348.000000
27581 -24136.000000
27582 -24536.000000
27583 -24224.000000
27584 -24500.000000
27585 -24224.000000
27586 -24188.000000
27587 -23936.000000
27588 -23996.000000
27589 -24224.000000
27590 -23780.000000
27591 -23840.000000
27592 -24092.000000
27593 -23688.000000
27594 -23896.000000
27595 -23760.000000
27596 -23664.000000
27597 -23760.000000
27598 -24480.000000
27599 -24020.000000
27600 -23808.000000
27601 -24312.000000
27602 -23996.000000
27603 -24232.000000
27604 -24028.000000
27605 -23856.000000
27606 -23928.000000
27607 -23960.000000
27608 -24524.000000
27609 -24732.000000
27610 -24324.000000
27611 -24460.000000
27612 -24240.000000
27613 -23992.000000
27614 -23664.000000
27615 -24024.000000
27616 -24032.000000
27617 -23896.000000
27618 -24176.000000
27619 -23600.000000
27620 -23580.000000
27621 -23428.000000
27622 -24004.000000
27623 -23996.000000
27624 -23768.000000
27625 -23904.000000
27626 -23896.000000
27627 -23984.000000
27628 -24064.000000
27629 -24504.000000
27630 -24508.000000
27631 -24408.000000
27632 -24680.000000
27633 -24176.000000
27634 -24064.000000
27635 -24580.000000
27636 -24304.000000
27637 -24240.000000
27638 -23824.000000
27639 -24188.000000
27640 -24520.000000
27641 -24224.000000
27642 -24140.000000
27643 -24088.000000
27644 -24560.000000
27645 -24372.000000
27646 -24624.000000
27647 -24508.000000
27648 -24044.000000
27649 -24272.000000
27650 -24108.000000
27651 -23900.000000
27652 -23888.000000
27653 -23708.000000
27654 -23572.000000
27655 -24208.000000
27656 -24256.000000
27657 -24084.000000
27658 -23852.000000
27659 -23684.000000
27660 -23544.000000
27661 -23144.000000
27662 -23412.000000
27663 -23680.000000
27664 -23400.000000
27665 -23376.000000
27666 -23344.000000
27667 -23812.000000
27668 -23180.000000
27669 -23480.000000
27670 -23580.000000
27671 -23468.000000
27672 -23868.000000
27673 -23384.000000
27674 -23576.000000
27675 -23472.000000
27676 -23272.000000
27677 -23488.000000
27678 -24000.000000
27679 -24340.000000
27680 -24192.000000
27681 -23756.000000
27682 -23956.000000
27683 -23736.000000
27684 -23744.000000
27685 -23808.000000
27686 -23980.000000
27687 -23828.000000
27688 -23620.000000
27689 -23312.000000
27690 -22728.000000
27691 -22836.000000
27692 -23300.000000
27693 -23016.000000
27694 -23592.000000
27695 -23592.000000
27696 -23400.000000
27697 -23628.000000
27698 -23416.000000
27699 -23604.000000
27700 -23920.000000
27701 -23424.000000
27702 -23356.000000
27703 -23508.000000
27704 -23208.000000
27705 -23084.000000
27706 -23124.000000
27707 -23236.000000
27708 -23508.000000
27709 -23452.000000
27710 -23316.000000
27711 -23432.000000
27712 -23660.000000
27713 -23316.000000
27714 -23292.000000
27715 -23280.000000
27716 -23132.000000
27717 -23048.000000
27718 -23076.000000
27719 -23236.000000
27720 -23412.000000
27721 -22932.000000
27722 -23376.000000
27723 -23400.000000
27724 -23224.000000
27725 -23220.000000
27726 -23244.000000
27727 -23312.000000
27728 -23692.000000
27729 -22840.000000
27730 -22964.000000
27731 -23588.000000
27732 -23992.000000
27733 -23740.000000
27734 -23488.000000
27735 -23512.000000
27736 -22976.000000
27737 -23376.000000
27738 -23440.000000
27739 -24016.000000
27740 -24036.000000
27741 -23984.000000
27742 -23872.000000
27743 -23868.000000
27744 -23696.000000
27745 -23916.000000
27746 -23940.000000
27747 -24256.000000
27748 -24024.000000
27749 -23976.000000
27750 -23348.000000
27751 -23428.000000
27752 -23240.000000
27753 -23316.000000
27754 -23224.000000
27755 -23012.000000
27756 -23188.000000
27757 -23028.000000
27758 -23296.000000
27759 -23340.000000
27760 -23424.000000
27761 -23348.000000
27762 -23108.000000
27763 -23172.000000
27764 -23396.000000
27765 -23276.000000
27766 -22920.000000
27767 -23088.000000
27768 -23532.000000
27769 -23576.000000
27770 -23168.000000
27771 -23620.000000
27772 -23704.000000
27773 -23792.000000
27774 -23652.000000
27775 -23816.000000
27776 -23464.000000
27777 -23820.000000
27778 -23732.000000
27779 -23468.000000
27780 -23464.000000
27781 -23696.000000
27782 -23552.000000
27783 -23844.000000
27784 -23888.000000
27785 -24008.000000
27786 -24056.000000
27787 -24116.000000
27788 -23948.000000
27789 -24068.000000
27790 -24176.000000
27791 -23876.000000
27792 -23716.000000
27793 -23664.000000
27794 -23712.000000
27795 -23788.000000
27796 -23228.000000
27797 -23556.000000
27798 -23792.000000
27799 -23476.000000
27800 -23524.000000
27801 -23816.000000
27802 -23540.000000
27803 -23324.000000
27804 -23036.000000
27805 -22968.000000
27806 -22984.000000
27807 -23252.000000
27808 -22788.000000
27809 -22804.000000
27810 -23024.000000
27811 -22788.000000
27812 -23248.000000
27813 -22904.000000
27814 -23344.000000
27815 -23400.000000
27816 -23920.000000
27817 -23944.000000
27818 -23836.000000
27819 -24036.000000
27820 -23844.000000
27821 -23368.000000
27822 -23548.000000
27823 -23732.000000
27824 -23428.000000
27825 -23960.000000
27826 -23864.000000
27827 -23848.000000
27828 -23524.000000
27829 -23856.000000
27830 -24180.000000
27831 -23924.000000
27832 -24232.000000
27833 -23824.000000
27834 -23796.000000
27835 -23968.000000
27836 -23820.000000
27837 -23632.000000
27838 -23844.000000
27839 -24012.000000
27840 -24256.000000
27841 -24012.000000
27842 -23664.000000
27843 -23840.000000
27844 -23924.000000
27845 -24076.000000
27846 -23824.000000
27847 -23508.000000
27848 -23372.000000
27849 -23316.000000
27850 -23124.000000
27851 -23116.000000
27852 -23516.000000
27853 -23736.000000
27854 -23872.000000
27855 -24156.000000
27856 -24076.000000
27857 -23892.000000
27858 -24104.000000
27859 -24292.000000
27860 -23776.000000
27861 -23900.000000
27862 -23680.000000
27863 -23856.000000
27864 -24088.000000
27865 -24304.000000
27866 -23988.000000
27867 -24064.000000
27868 -24372.000000
27869 -23700.000000
27870 -23480.000000
27871 -23972.000000
27872 -23832.000000
27873 -23736.000000
27874 -23504.000000
27875 -23464.000000
27876 -23580.000000
27877 -23876.000000
27878 -23772.000000
27879 -23508.000000
27880 -23548.000000
27881 -23344.000000
27882 -23496.000000
27883 -23884.000000
27884 -23600.000000
27885 -23536.000000
27886 -23576.000000
27887 -23268.000000
27888 -23484.000000
27889 -23628.000000
27890 -23912.000000
27891 -23876.000000
27892 -23824.000000
27893 -24156.000000
27894 -24116.000000
27895 -24048.000000
27896 -23852.000000
27897 -24140.000000
27898 -24272.000000
27899 -23988.000000
27900 -23440.000000
27901 -23300.000000
27902 -23604.000000
27903 -23912.000000
27904 -23536.000000
27905 -24048.000000
27906 -23892.000000
27907 -23808.000000
27908 -24136.000000
27909 -24016.000000
27910 -23836.000000
27911 -24296.000000
27912 -24300.000000
27913 -23940.000000
27914 -23640.000000
27915 -23776.000000
27916 -24028.000000
27917 -23636.000000
27918 -23504.000000
27919 -23328.000000
27920 -23392.000000
27921 -22944.000000
27922 -23104.000000
27923 -22976.000000
27924 -23052.000000
27925 -23048.000000
27926 -23036.000000
27927 -23252.000000
27928 -23316.000000
27929 -23408.000000
27930 -23364.000000
27931 -23472.000000
27932 -23460.000000
27933 -22864.000000
27934 -23044.000000
27935 -23308.000000
27936 -23624.000000
27937 -23292.000000
27938 -22996.000000
27939 -22884.000000
27940 -23000.000000
27941 -22608.000000
27942 -22980.000000
27943 -22740.000000
27944 -22800.000000
27945 -22376.000000
27946 -22552.000000
27947 -22684.000000
27948 -22940.000000
27949 -22788.000000
27950 -22664.000000
27951 -22612.000000
27952 -22708.000000
27953 -22840.000000
27954 -22784.000000
27955 -22888.000000
27956 -22884.000000
27957 -22920.000000
27958 -23012.000000
27959 -23216.000000
27960 -23024.000000
27961 -22848.000000
27962 -22916.000000
27963 -22900.000000
27964 -23128.000000
27965 -23300.000000
27966 -23300.000000
27967 -23480.000000
27968 -23268.000000
27969 -23268.000000
27970 -23124.000000
27971 -23424.000000
27972 -23492.000000
27973 -23288.000000
27974 -23572.000000
27975 -23456.000000
27976 -23720.000000
27977 -23752.000000
27978 -23812.000000
27979 -23720.000000
27980 -23816.000000
27981 -23380.000000
27982 -23624.000000
27983 -23180.000000
27984 -23244.000000
27985 -23136.000000
27986 -23252.000000
27987 -23556.000000
27988 -23832.000000
27989 -23324.000000
27990 -23716.000000
27991 -23328.000000
27992 -23532.000000
27993 -23364.000000
27994 -23264.000000
27995 -22904.000000
27996 -23260.000000
27997 -23184.000000
27998 -23172.000000
27999 -23224.000000
28000 -23364.000000
28001 -23048.000000
28002 -23612.000000
28003 -23176.000000
28004 -22740.000000
28005 -23008.000000
28006 -22980.000000
28007 -22624.000000
28008 -22620.000000
28009 -23080.000000
28010 -23020.000000
28011 -22804.000000
28012 -23160.000000
28013 -23276.000000
28014 -22776.000000
28015 -22496.000000
28016 -22808.000000
28017 -23052.000000
28018 -22920.000000
28019 -23052.000000
28020 -22924.000000
28021 -22608.000000
28022 -22304.000000
28023 -22352.000000
28024 -22600.000000
28025 -22316.000000
28026 -22624.000000
28027 -22632.000000
28028 -23136.000000
28029 -23488.000000
28030 -23400.000000
28031 -23344.000000
28032 -23384.000000
28033 -23196.000000
28034 -22588.000000
28035 -22616.000000
28036 -22724.000000
28037 -22744.000000
28038 -23052.000000
28039 -23464.000000
28040 -23436.000000
28041 -23348.000000
28042 -23624.000000
28043 -23324.000000
28044 -23276.000000
28045 -23380.000000
28046 -23392.000000
28047 -23240.000000
28048 -23032.000000
28049 -23480.000000
28050 -23348.000000
28051 -23156.000000
28052 -23528.000000
28053 -22656.000000
28054 -22744.000000
28055 -23184.000000
28056 -23364.000000
28057 -23140.000000
28058 -23332.000000
28059 -23088.000000
28060 -22512.000000
28061 -22004.000000
28062 -22624.000000
28063 -22436.000000
28064 -22600.000000
28065 -22732.000000
28066 -23224.000000
28067 -23368.000000
28068 -23076.000000
28069 -23012.000000
28070 -23400.000000
28071 -23512.000000
28072 -23784.000000
28073 -23868.000000
28074 -23660.000000
28075 -23708.000000
28076 -23608.000000
28077 -23716.000000
28078 -23560.000000
28079 -23304.000000
28080 -23160.000000
28081 -23496.000000
28082 -23668.000000
28083 -23892.000000
28084 -24288.000000
28085 -24068.000000
28086 -24168.000000
28087 -24012.000000
28088 -23600.000000
28089 -23904.000000
28090 -23704.000000
28091 -23064.000000
28092 -23412.000000
28093 -23612.000000
28094 -24000.000000
28095 -23776.000000
28096 -23876.000000
28097 -23568.000000
28098 -23912.000000
28099 -23692.000000
28100 -24044.000000
28101 -24316.000000
28102 -24044.000000
28103 -24064.000000
28104 -24340.000000
28105 -24456.000000
28106 -24132.000000
28107 -24124.000000
28108 -23544.000000
28109 -23856.000000
28110 -23860.000000
28111 -23784.000000
28112 -23520.000000
28113 -23356.000000
28114 -23516.000000
28115 -23376.000000
28116 -23892.000000
28117 -24316.000000
28118 -23836.000000
28119 -23720.000000
28120 -23884.000000
28121 -23732.000000
28122 -24044.000000
28123 -23968.000000
28124 -24288.000000
28125 -23820.000000
28126 -23864.000000
28127 -23728.000000
28128 -23672.000000
28129 -23256.000000
28130 -23688.000000
28131 -23568.000000
28132 -23504.000000
28133 -23432.000000
28134 -23616.000000
28135 -23308.000000
28136 -23576.000000
28137 -23752.000000
28138 -23748.000000
28139 -23816.000000
28140 -23932.000000
28141 -23528.000000
28142 -23952.000000
28143 -23908.000000
28144 -23708.000000
28145 -23844.000000
28146 -24000.000000
28147 -23636.000000
28148 -23788.000000
28149 -24196.000000
28150 -23828.000000
28151 -24036.000000
28152 -23552.000000
28153 -23520.000000
28154 -24096.000000
28155 -24500.000000
28156 -24040.000000
28157 -24184.000000
28158 -24192.000000
28159 -24352.000000
28160 -24636.000000
28161 -24652.000000
28162 -24240.000000
28163 -23480.000000
28164 -23360.000000
28165 -23496.000000
28166 -23796.000000
28167 -23780.000000
28168 -23888.000000
28169 -24024.000000
28170 -23808.000000
28171 -23748.000000
28172 -23876.000000
28173 -23896.000000
28174 -24008.000000
28175 -24428.000000
28176 -24376.000000
28177 -24208.000000
28178 -24416.000000
28179 -24284.000000
28180 -24100.000000
28181 -23996.000000
28182 -23624.000000
28183 -24332.000000
28184 -24464.000000
28185 -24528.000000
28186 -24036.000000
28187 -24140.000000
28188 -24036.000000
28189 -24128.000000
28190 -23992.000000
28191 -24220.000000
28192 -24180.000000
28193 -23972.000000
28194 -23832.000000
28195 -23756.000000
28196 -23908.000000
28197 -24096.000000
28198 -24172.000000
28199 -24088.000000
28200 -24048.000000
28201 -24372.000000
28202 -23772.000000
28203 -23872.000000
28204 -23988.000000
28205 -23968.000000
28206 -23684.000000
28207 -23888.000000
28208 -23600.000000
28209 -23984.000000
28210 -23696.000000
28211 -23724.000000
28212 -24012.000000
28213 -23820.000000
28214 -23440.000000
28215 -22948.000000
28216 -23372.000000
28217 -23408.000000
28218 -23516.000000
28219 -23948.000000
28220 -23580.000000
28221 -23584.000000
28222 -23468.000000
28223 -23336.000000
28224 -23292.000000
28225 -23428.000000
28226 -23152.000000
28227 -23040.000000
28228 -23172.000000
28229 -23224.000000
28230 -23476.000000
28231 -23336.000000
28232 -23416.000000
28233 -24008.000000
28234 -23976.000000
28235 -23720.000000
28236 -23384.000000
28237 -23892.000000
28238 -23380.000000
28239 -23496.000000
28240 -23216.000000
28241 -23232.000000
28242 -23704.000000
28243 -23496.000000
28244 -23244.000000
28245 -23192.000000
28246 -23588.000000
28247 -23688.000000
28248 -23804.000000
28249 -24056.000000
28250 -24240.000000
28251 -24284.000000
28252 -24160.000000
28253 -23800.000000
28254 -23908.000000
28255 -23760.000000
28256 -24080.000000
28257 -23900.000000
28258 -23496.000000
28259 -23476.000000
28260 -24220.000000
28261 -23824.000000
28262 -23940.000000
28263 -23992.000000
28264 -23780.000000
28265 -23880.000000
28266 -23628.000000
28267 -23700.000000
28268 -23584.000000
28269 -23868.000000
28270 -23184.000000
28271 -23404.000000
28272 -23484.000000
28273 -23808.000000
28274 -23832.000000
28275 -23428.000000
28276 -23608.000000
28277 -23496.000000
28278 -23732.000000
28279 -23748.000000
28280 -23844.000000
28281 -23440.000000
28282 -23568.000000
28283 -23552.000000
28284 -23724.000000
28285 -23832.000000
28286 -23900.000000
28287 -23724.000000
28288 -23432.000000
28289 -23660.000000
28290 -23144.000000
28291 -23172.000000
28292 -23680.000000
28293 -23968.000000
28294 -23720.000000
28295 -24020.000000
28296 -23624.000000
28297 -23596.000000
28298 -23764.000000
28299 -23952.000000
28300 -23924.000000
28301 -24080.000000
28302 -23816.000000
28303 -23828.000000
28304 -24128.000000
28305 -23936.000000
28306 -23684.000000
28307 -23520.000000
28308 -23644.000000
28309 -23580.000000
28310 -23736.000000
28311 -23572.000000
28312 -23384.000000
28313 -23588.000000
28314 -23520.000000
28315 -23916.000000
28316 -23876.000000
28317 -23480.000000
28318 -23740.000000
28319 -23696.000000
28320 -24120.000000
28321 -23568.000000
28322 -22964.000000
28323 -23164.000000
28324 -23672.000000
28325 -23532.000000
28326 -23488.000000
28327 -23824.000000
28328 -23292.000000
28329 -23540.000000
28330 -23628.000000
28331 -23720.000000
28332 -23676.000000
28333 -23360.000000
28334 -23668.000000
28335 -23376.000000
28336 -23492.000000
28337 -23168.000000
28338 -23488.000000
28339 -23308.000000
28340 -23300.000000
28341 -22900.000000
28342 -23388.000000
28343 -23480.000000
28344 -23560.000000
28345 -23612.000000
28346 -23844.000000
28347 -24144.000000
28348 -23480.000000
28349 -23716.000000
28350 -23544.000000
28351 -23688.000000
28352 -23652.000000
28353 -23332.000000
28354 -23260.000000
28355 -22912.000000
28356 -23204.000000
28357 -23248.000000
28358 -23804.000000
28359 -23612.000000
28360 -23496.000000
28361 -23912.000000
28362 -24180.000000
28363 -23688.000000
28364 -23652.000000
28365 -23920.000000
28366 -24028.000000
28367 -24028.000000
28368 -24668.000000
28369 -24256.000000
28370 -24404.000000
28371 -24028.000000
28372 -24180.000000
28373 -24356.000000
28374 -24256.000000
28375 -23768.000000
28376 -23960.000000
28377 -24044.000000
28378 -24148.000000
28379 -24308.000000
28380 -23640.000000
28381 -23820.000000
28382 -24128.000000
28383 -24060.000000
28384 -23884.000000
28385 -23872.000000
28386 -23952.000000
28387 -23928.000000
28388 -23980.000000
28389 -24316.000000
28390 -24380.000000
28391 -24436.000000
28392 -24260.000000
28393 -24160.000000
28394 -24044.000000
28395 -24132.000000
28396 -24184.000000
28397 -24100.000000
28398 -24020.000000
28399 -24052.000000
28400 -23596.000000
28401 -23676.000000
28402 -23380.000000
28403 -23460.000000
28404 -24168.000000
28405 -23980.000000
28406 -23540.000000
28407 -23576.000000
28408 -24044.000000
28409 -23632.000000
28410 -23976.000000
28411 -23728.000000
28412 -23376.000000
28413 -23416.000000
28414 -23488.000000
28415 -23652.000000
28416 -23376.000000
28417 -23492.000000
28418 -23112.000000
28419 -23116.000000
28420 -23680.000000
28421 -23672.000000
28422 -23428.000000
28423 -23428.000000
28424 -23664.000000
28425 -23884.000000
28426 -24048.000000
28427 -23692.000000
28428 -23716.000000
28429 -24176.000000
28430 -23516.000000
28431 -23388.000000
28432 -23380.000000
28433 -23540.000000
28434 -23320.000000
28435 -23496.000000
28436 -23412.000000
28437 -23480.000000
28438 -23580.000000
28439 -23884.000000
28440 -24076.000000
28441 -24204.000000
28442 -23800.000000
28443 -23712.000000
28444 -23852.000000
28445 -23832.000000
28446 -23696.000000
28447 -23660.000000
28448 -23636.000000
28449 -24044.000000
28450 -23924.000000
28451 -24088.000000
28452 -24000.000000
28453 -23804.000000
28454 -23476.000000
28455 -23556.000000
28456 -23452.000000
28457 -23756.000000
28458 -23352.000000
28459 -23332.000000
28460 -23712.000000
28461 -23812.000000
28462 -24276.000000
28463 -23960.000000
28464 -24272.000000
28465 -24064.000000
28466 -24588.000000
28467 -24272.000000
28468 -24500.000000
28469 -24000.000000
28470 -24188.000000
28471 -24124.000000
28472 -23960.000000
28473 -24048.000000
28474 -23916.000000
28475 -24164.000000
28476 -24180.000000
28477 -24200.000000
28478 -23656.000000
28479 -24200.000000
28480 -23960.000000
28481 -24200.000000
28482 -24228.000000
28483 -24076.000000
28484 -23892.000000
28485 -23608.000000
28486 -23452.000000
28487 -23724.000000
28488 -23632.000000
28489 -23764.000000
28490 -23824.000000
28491 -24104.000000
28492 -23568.000000
28493 -23772.000000
28494 -23668.000000
28495 -24432.000000
28496 -23984.000000
28497 -24552.000000
28498 -23824.000000
28499 -24100.000000
28500 -24144.000000
28501 -24020.000000
28502 -23676.000000
28503 -23400.000000
28504 -23804.000000
28505 -23396.000000
28506 -23404.000000
28507 -23844.000000
28508 -23904.000000
28509 -23812.000000
28510 -23664.000000
28511 -23544.000000
28512 -23300.000000
28513 -23780.000000
28514 -24284.000000
28515 -23740.000000
28516 -24080.000000
28517 -24072.000000
28518 -24196.000000
28519 -24224.000000
28520 -24236.000000
28521 -24500.000000
28522 -24272.000000
28523 -24144.000000
28524 -24636.000000
28525 -24452.000000
28526 -24268.000000
28527 -24392.000000
28528 -24356.000000
28529 -23984.000000
28530 -23704.000000
28531 -24056.000000
28532 -24580.000000
28533 -24124.000000
28534 -23756.000000
28535 -23840.000000
28536 -24028.000000
28537 -23936.000000
28538 -23664.000000
28539 -23544.000000
28540 -24128.000000
28541 -24160.000000
28542 -24268.000000
28543 -23980.000000
28544 -24204.000000
28545 -24236.000000
28546 -23860.000000
28547 -23944.000000
28548 -23860.000000
28549 -24056.000000
28550 -23720.000000
28551 -23224.000000
28552 -23592.000000
28553 -23776.000000
28554 -24460.000000
28555 -24208.000000
28556 -24188.000000
28557 -23856.000000
28558 -23664.000000
28559 -24056.000000
28560 -23964.000000
28561 -24064.000000
28562 -23772.000000
28563 -24296.000000
28564 -24460.000000
28565 -24544.000000
28566 -24204.000000
28567 -24276.000000
28568 -23888.000000
28569 -23684.000000
28570 -24176.000000
28571 -23836.000000
28572 -23984.000000
28573 -23992.000000
28574 -23388.000000
28575 -23332.000000
28576 -23232.000000
28577 -23436.000000
28578 -23240.000000
28579 -23592.000000
28580 -23580.000000
28581 -23092.000000
28582 -23828.000000
28583 -23732.000000
28584 -23724.000000
28585 -23584.000000
28586 -23804.000000
28587 -23588.000000
28588 -23796.000000
28589 -23540.000000
28590 -23320.000000
28591 -23304.000000
28592 -23688.000000
28593 -23968.000000
28594 -24108.000000
28595 -24036.000000
28596 -24016.000000
28597 -23760.000000
28598 -23844.000000
28599 -24360.000000
28600 -24268.000000
28601 -23736.000000
28602 -24152.000000
28603 -23580.000000
28604 -23756.000000
28605 -23820.000000
28606 -23864.000000
28607 -23692.000000
28608 -23692.000000
28609 -23684.000000
28610 -23796.000000
28611 -23652.000000
28612 -23692.000000
28613 -23616.000000
28614 -23552.000000
28615 -23572.000000
28616 -23284.000000
28617 -23232.000000
28618 -23028.000000
28619 -23136.000000
28620 -23696.000000
28621 -23168.000000
28622 -23256.000000
28623 -23532.000000
28624 -23840.000000
28625 -23720.000000
28626 -23552.000000
28627 -23112.000000
28628 -23600.000000
28629 -24004.000000
28630 -23640.000000
28631 -23520.000000
28632 -24144.000000
28633 -23760.000000
28634 -23916.000000
28635 -24132.000000
28636 -23976.000000
28637 -23844.000000
28638 -23464.000000
28639 -23416.000000
28640 -23408.000000
28641 -23628.000000
28642 -24076.000000
28643 -23812.000000
28644 -23648.000000
28645 -23912.000000
28646 -24200.000000
28647 -24048.000000
28648 -23908.000000
28649 -23544.000000
28650 -23304.000000
28651 -23544.000000
28652 -23548.000000
28653 -23404.000000
28654 -24044.000000
28655 -23596.000000
28656 -24032.000000
28657 -23768.000000
28658 -24044.000000
28659 -24256.000000
28660 -24176.000000
28661 -24168.000000
28662 -23952.000000
28663 -23980.000000
28664 -24188.000000
28665 -24328.000000
28666 -24404.000000
28667 -23764.000000
28668 -23668.000000
28669 -23672.000000
28670 -23916.000000
28671 -24360.000000
28672 -24048.000000
28673 -24192.000000
28674 -24152.000000
28675 -23728.000000
28676 -24104.000000
28677 -23968.000000
28678 -23540.000000
28679 -23376.000000
28680 -23380.000000
28681 -23652.000000
28682 -23776.000000
28683 -24244.000000
28684 -23996.000000
28685 -24400.000000
28686 -24304.000000
28687 -24088.000000
28688 -24200.000000
28689 -23828.000000
28690 -23952.000000
28691 -23680.000000
28692 -23780.000000
28693 -23676.000000
28694 -23624.000000
28695 -23832.000000
28696 -24328.000000
28697 -23924.000000
28698 -24088.000000
28699 -24436.000000
28700 -24696.000000
28701 -24228.000000
28702 -24220.000000
28703 -24004.000000
28704 -24192.000000
28705 -23956.000000
28706 -23644.000000
28707 -23888.000000
28708 -24132.000000
28709 -23688.000000
28710 -23592.000000
28711 -23864.000000
28712 -23724.000000
28713 -23788.000000
28714 -23608.000000
28715 -23032.000000
28716 -23164.000000
28717 -23392.000000
28718 -23948.000000
28719 -24068.000000
28720 -23996.000000
28721 -23736.000000
28722 -23812.000000
28723 -23980.000000
28724 -24020.000000
28725 -24140.000000
28726 -23804.000000
28727 -23944.000000
28728 -23952.000000
28729 -24312.000000
28730 -24232.000000
28731 -24324.000000
28732 -24368.000000
28733 -24080.000000
28734 -24084.000000
28735 -23844.000000
28736 -23948.000000
28737 -23972.000000
28738 -23652.000000
28739 -23640.000000
28740 -23508.000000
28741 -23708.000000
28742 -23276.000000
28743 -23604.000000
28744 -23724.000000
28745 -23900.000000
28746 -23980.000000
28747 -24088.000000
28748 -24024.000000
28749 -24108.000000
28750 -24120.000000
28751 -24324.000000
28752 -24608.000000
28753 -24320.000000
28754 -24028.000000
28755 -24104.000000
28756 -24400.000000
28757 -24204.000000
28758 -24488.000000
28759 -24320.000000
28760 -24092.000000
28761 -24180.000000
28762 -24236.000000
28763 -23720.000000
28764 -23464.000000
28765 -23372.000000
28766 -23404.000000
28767 -23700.000000
28768 -23708.000000
28769 -23608.000000
28770 -23664.000000
28771 -23656.000000
28772 -23688.000000
28773 -23716.000000
28774 -23768.000000
28775 -24016.000000
28776 -24028.000000
28777 -24260.000000
28778 -24380.000000
28779 -23936.000000
28780 -23928.000000
28781 -23320.000000
28782 -23628.000000
28783 -23836.000000
28784 -23580.000000
28785 -24056.000000
28786 -23860.000000
28787 -23740.000000
28788 -23816.000000
28789 -23836.000000
28790 -23624.000000
28791 -23864.000000
28792 -23896.000000
28793 -23792.000000
28794 -23908.000000
28795 -24064.000000
28796 -23792.000000
28797 -23748.000000
28798 -23592.000000
28799 -23584.000000
28800 -23940.000000
28801 -23660.000000
28802 -23152.000000
28803 -23128.000000
28804 -23584.000000
28805 -23592.000000
28806 -23864.000000
28807 -23308.000000
28808 -23328.000000
28809 -23368.000000
28810 -23524.000000
28811 -23408.000000
28812 -23448.000000
28813 -23588.000000
28814 -23932.000000
28815 -24040.000000
28816 -23992.000000
28817 -23712.000000
28818 -24048.000000
28819 -23896.000000
28820 -24048.000000
28821 -23800.000000
28822 -23424.000000
28823 -23140.000000
28824 -23196.000000
28825 -23212.000000
28826 -23204.000000
28827 -23324.000000
28828 -23712.000000
28829 -23456.000000
28830 -23636.000000
28831 -23816.000000
28832 -23580.000000
28833 -23676.000000
28834 -23768.000000
28835 -23524.000000
28836 -23696.000000
28837 -23372.000000
28838 -23468.000000
28839 -23700.000000
28840 -23784.000000
28841 -23892.000000
28842 -23784.000000
28843 -23952.000000
28844 -23684.000000
28845 -23776.000000
28846 -23660.000000
28847 -24112.000000
28848 -23596.000000
28849 -23416.000000
28850 -23208.000000
28851 -23844.000000
28852 -24144.000000
28853 -24100.000000
28854 -24304.000000
28855 -23484.000000
28856 -23688.000000
28857 -23516.000000
28858 -23800.000000
28859 -23636.000000
28860 -23812.000000
28861 -23804.000000
28862 -23936.000000
28863 -24248.000000
28864 -23800.000000
28865 -24068.000000
28866 -23860.000000
28867 -23444.000000
28868 -23572.000000
28869 -23544.000000
28870 -23644.000000
28871 -24072.000000
28872 -24320.000000
28873 -23820.000000
28874 -23684.000000
28875 -23272.000000
28876 -23548.000000
28877 -23764.000000
28878 -23768.000000
28879 -24468.000000
28880 -23996.000000
28881 -23840.000000
28882 -23272.000000
28883 -23384.000000
28884 -23272.000000
28885 -23032.000000
28886 -23128.000000
28887 -23532.000000
28888 -23756.000000
28889 -23320.000000
28890 -23376.000000
28891 -23352.000000
28892 -23744.000000
28893 -23812.000000
28894 -24204.000000
28895 -24268.000000
28896 -23900.000000
28897 -23548.000000
28898 -23712.000000
28899 -23992.000000
28900 -24196.000000
28901 -24208.000000
28902 -24080.000000
28903 -24160.000000
28904 -24176.000000
28905 -23800.000000
28906 -23572.000000
28907 -23736.000000
28908 -24252.000000
28909 -24272.000000
28910 -24204.000000
28911 -24452.000000
28912 -23908.000000
28913 -24004.000000
28914 -23928.000000
28915 -23876.000000
28916 -23564.000000
28917 -23824.000000
28918 -23992.000000
28919 -24124.000000
28920 -23776.000000
28921 -23628.000000
28922 -23444.000000
28923 -23856.000000
28924 -23884.000000
28925 -23356.000000
28926 -23612.000000
28927 -23988.000000
28928 -23352.000000
28929 -23660.000000
28930 -23468.000000
28931 -23584.000000
28932 -23444.000000
28933 -23988.000000
28934 -23824.000000
28935 -23744.000000
28936 -23644.000000
28937 -23652.000000
28938 -23844.000000
28939 -24240.000000
28940 -24200.000000
28941 -24164.000000
28942 -24312.000000
28943 -24112.000000
28944 -24052.000000
28945 -24272.000000
28946 -23908.000000
28947 -23968.000000
28948 -23628.000000
28949 -24288.000000
28950 -24520.000000
28951 -24152.000000
28952 -24380.000000
28953 -24456.000000
28954 -23952.000000
28955 -24060.000000
28956 -23960.000000
28957 -24144.000000
28958 -24120.000000
28959 -24012.000000
28960 -24388.000000
28961 -24028.000000
28962 -23172.000000
28963 -23636.000000
28964 -24140.000000
28965 -23592.000000
28966 -23604.000000
28967 -23444.000000
28968 -23976.000000
28969 -24008.000000
28970 -23832.000000
28971 -23832.000000
28972 -24204.000000
28973 -23820.000000
28974 -23548.000000
28975 -23720.000000
28976 -24184.000000
28977 -23916.000000
28978 -23616.000000
28979 -23580.000000
28980 -24124.000000
28981 -24164.000000
28982 -24424.000000
28983 -23568.000000
28984 -23708.000000
28985 -23868.000000
28986 -24296.000000
28987 -24212.000000
28988 -23952.000000
28989 -23924.000000
28990 -23960.000000
28991 -24084.000000
28992 -24156.000000
28993 -23832.000000
28994 -23628.000000
28995 -23248.000000
28996 -23652.000000
28997 -23840.000000
28998 -24084.000000
28999 -24200.000000
29000 -24444.000000
29001 -23876.000000
29002 -23916.000000
29003 -23924.000000
29004 -24176.000000
29005 -24248.000000
29006 -23716.000000
29007 -23240.000000
29008 -23480.000000
29009 -23904.000000
29010 -23800.000000
29011 -23928.000000
29012 -24320.000000
29013 -24164.000000
29014 -24124.000000
29015 -23716.000000
29016 -23908.000000
29017 -24016.000000
29018 -24200.000000
29019 -23988.000000
29020 -23824.000000
29021 -24032.000000
29022 -24404.000000
29023 -24092.000000
29024 -23856.000000
29025 -24040.000000
29026 -23964.000000
29027 -24016.000000
29028 -24180.000000
29029 -24172.000000
29030 -24288.000000
29031 -24232.000000
29032 -23812.000000
29033 -23928.000000
29034 -23752.000000
29035 -23528.000000
29036 -23492.000000
29037 -23268.000000
29038 -23476.000000
29039 -23488.000000
29040 -23772.000000
29041 -23656.000000
29042 -23984.000000
29043 -23828.000000
29044 -23388.000000
29045 -23428.000000
29046 -23568.000000
29047 -23312.000000
29048 -23880.000000
29049 -23796.000000
29050 -23672.000000
29051 -24016.000000
29052 -23888.000000
29053 -24188.000000
29054 -24172.000000
29055 -24472.000000
29056 -24252.000000
29057 -24304.000000
29058 -24308.000000
29059 -23896.000000
29060 -23464.000000
29061 -23648.000000
29062 -23268.000000
29063 -23372.000000
29064 -23700.000000
29065 -23516.000000
29066 -23772.000000
29067 -24032.000000
29068 -23152.000000
29069 -23120.000000
29070 -23392.000000
29071 -23500.000000
29072 -23564.000000
29073 -23220.000000
29074 -23208.000000
29075 -23396.000000
29076 -23004.000000
29077 -23284.000000
29078 -22908.000000
29079 -23556.000000
29080 -23784.000000
29081 -23504.000000
29082 -23472.000000
29083 -23940.000000
29084 -23960.000000
29085 -24012.000000
29086 -23756.000000
29087 -23432.000000
29088 -23764.000000
29089 -23920.000000
29090 -23816.000000
29091 -24004.000000
29092 -24068.000000
29093 -24144.000000
29094 -24156.000000
29095 -23804.000000
29096 -24004.000000
29097 -24096.000000
29098 -24084.000000
29099 -24160.000000
29100 -23896.000000
29101 -23704.000000
29102 -23848.000000
29103 -23924.000000
29104 -23996.000000
29105 -23800.000000
29106 -24032.000000
29107 -23800.000000
29108 -23356.000000
29109 -23400.000000
29110 -23568.000000
29111 -23892.000000
29112 -23504.000000
29113 -23468.000000
29114 -23708.000000
29115 -23932.000000
29116 -23912.000000
29117 -23720.000000
29118 -23540.000000
29119 -24024.000000
29120 -23832.000000
29121 -24036.000000
29122 -24188.000000
29123 -24048.000000
29124 -24140.000000
29125 -24116.000000
29126 -23760.000000
29127 -23796.000000
29128 -23688.000000
29129 -23464.000000
29130 -23512.000000
29131 -23244.000000
29132 -23744.000000
29133 -23716.000000
29134 -24112.000000
29135 -24224.000000
29136 -23584.000000
29137 -23976.000000
29138 -23900.000000
29139 -23940.000000
29140 -23988.000000
29141 -24080.000000
29142 -23652.000000
29143 -23764.000000
29144 -23732.000000
29145 -23488.000000
29146 -23900.000000
29147 -24024.000000
29148 -24064.000000
29149 -23908.000000
29150 -23900.000000
29151 -24072.000000
29152 -23944.000000
29153 -24180.000000
29154 -23724.000000
29155 -23864.000000
29156 -23904.000000
29157 -23828.000000
29158 -24472.000000
29159 -24168.000000
29160 -24144.000000
29161 -23768.000000
29162 -23696.000000
29163 -24096.000000
29164 -24444.000000
29165 -24288.000000
29166 -23948.000000
29167 -23876.000000
29168 -24060.000000
29169 -24032.000000
29170 -23832.000000
29171 -23768.000000
29172 -24028.000000
29173 -24188.000000
29174 -24084.000000
29175 -23732.000000
29176 -23792.000000
29177 -23676.000000
29178 -23748.000000
29179 -23596.000000
29180 -23664.000000
29181 -23924.000000
29182 -23644.000000
29183 -23872.000000
29184 -23920.000000
29185 -23888.000000
29186 -23884.000000
29187 -24232.000000
29188 -24480.000000
29189 -24268.000000
29190 -24036.000000
29191 -23844.000000
29192 -23916.000000
29193 -23820.000000
29194 -24028.000000
29195 -23704.000000
29196 -23220.000000
29197 -23544.000000
29198 -23584.000000
29199 -23492.000000
29200 -23088.000000
29201 -23600.000000
29202 -23380.000000
29203 -23340.000000
29204 -22940.000000
29205 -22948.000000
29206 -23060.000000
29207 -22676.000000
29208 -22996.000000
29209 -23100.000000
29210 -23128.000000
29211 -23424.000000
29212 -23824.000000
29213 -23576.000000
29214 -23520.000000
29215 -23452.000000
29216 -23352.000000
29217 -23356.000000
29218 -23152.000000
29219 -23620.000000
29220 -23888.000000
29221 -23956.000000
29222 -23500.000000
29223 -23756.000000
29224 -23328.000000
29225 -23712.000000
29226 -23424.000000
29227 -23736.000000
29228 -23688.000000
29229 -23320.000000
29230 -23532.000000
29231 -23436.000000
29232 -23772.000000
29233 -23672.000000
29234 -23656.000000
29235 -23824.000000
29236 -23692.000000
29237 -23868.000000
29238 -24180.000000
29239 -24332.000000
29240 -24152.000000
29241 -23680.000000
29242 -23540.000000
29243 -23564.000000
29244 -23776.000000
29245 -24264.000000
29246 -24264.000000
29247 -23924.000000
29248 -24624.000000
29249 -24012.000000
29250 -23660.000000
29251 -23888.000000
29252 -23688.000000
29253 -23480.000000
29254 -23720.000000
29255 -23924.000000
29256 -23764.000000
29257 -23820.000000
29258 -23840.000000
29259 -24088.000000
29260 -24456.000000
29261 -23916.000000
29262 -23936.000000
29263 -23396.000000
29264 -23524.000000
29265 -23644.000000
29266 -23704.000000
29267 -23804.000000
29268 -23432.000000
29269 -23928.000000
29270 -23788.000000
29271 -23344.000000
29272 -23700.000000
29273 -23776.000000
29274 -23832.000000
29275 -23368.000000
29276 -22920.000000
29277 -23048.000000
29278 -22900.000000
29279 -22888.000000
29280 -23168.000000
29281 -23336.000000
29282 -23500.000000
29283 -24056.000000
29284 -23612.000000
29285 -23796.000000
29286 -23568.000000
29287 -23556.000000
29288 -24024.000000
29289 -23688.000000
29290 -23612.000000
29291 -23432.000000
29292 -23672.000000
29293 -23764.000000
29294 -24380.000000
29295 -24604.000000
29296 -24268.000000
29297 -23680.000000
29298 -23712.000000
29299 -24084.000000
29300 -23392.000000
29301 -23304.000000
29302 -23300.000000
29303 -23536.000000
29304 -24008.000000
29305 -23852.000000
29306 -23460.000000
29307 -23852.000000
29308 -23404.000000
29309 -23476.000000
29310 -23576.000000
29311 -23976.000000
29312 -23956.000000
29313 -23692.000000
29314 -23612.000000
29315 -23340.000000
29316 -23216.000000
29317 -23088.000000
29318 -23236.000000
29319 -23568.000000
29320 -23456.000000
29321 -23772.000000
29322 -23688.000000
29323 -23496.000000
29324 -23688.000000
29325 -23420.000000
29326 -23668.000000
29327 -23684.000000
29328 -24144.000000
29329 -24008.000000
29330 -23564.000000
29331 -23708.000000
29332 -23740.000000
29333 -23532.000000
29334 -23132.000000
29335 -23316.000000
29336 -23596.000000
29337 -23456.000000
29338 -23604.000000
29339 -23264.000000
29340 -23196.000000
29341 -23220.000000
29342 -23636.000000
29343 -23828.000000
29344 -23676.000000
29345 -23112.000000
29346 -23276.000000
29347 -23600.000000
29348 -22880.000000
29349 -23432.000000
29350 -23212.000000
29351 -23828.000000
29352 -23624.000000
29353 -23888.000000
29354 -23404.000000
29355 -23088.000000
29356 -23196.000000
29357 -23480.000000
29358 -23628.000000
29359 -23908.000000
29360 -23724.000000
29361 -23684.000000
29362 -23632.000000
29363 -23604.000000
29364 -23436.000000
29365 -23288.000000
29366 -23276.000000
29367 -23144.000000
29368 -23200.000000
29369 -23288.000000
29370 -23956.000000
29371 -23912.000000
29372 -23380.000000
29373 -23344.000000
29374 -23264.000000
29375 -23612.000000
29376 -23984.000000
29377 -23572.000000
29378 -23984.000000
29379 -23688.000000
29380 -23684.000000
29381 -23280.000000
29382 -23280.000000
29383 -23796.000000
29384 -23616.000000
29385 -23804.000000
29386 -23436.000000
29387 -23556.000000
29388 -23784.000000
29389 -23584.000000
29390 -23448.000000
29391 -23984.000000
29392 -24020.000000
29393 -23888.000000
29394 -24484.000000
29395 -23980.000000
29396 -24120.000000
29397 -24444.000000
29398 -23948.000000
29399 -24008.000000
29400 -24056.000000
29401 -23952.000000
29402 -24168.000000
29403 -24292.000000
29404 -23864.000000
29405 -23856.000000
29406 -23576.000000
29407 -23516.000000
29408 -23652.000000
29409 -23600.000000
29410 -23548.000000
29411 -24092.000000
29412 -23544.000000
29413 -23920.000000
29414 -23784.000000
29415 -23556.000000
29416 -23328.000000
29417 -23692.000000
29418 -24124.000000
29419 -23632.000000
29420 -23640.000000
29421 -23188.000000
29422 -23788.000000
29423 -23960.000000
29424 -23888.000000
29425 -23496.000000
29426 -23140.000000
29427 -23236.000000
29428 -23432.000000
29429 -23428.000000
29430 -23604.000000
29431 -23816.000000
29432 -23628.000000
29433 -23760.000000
29434 -23688.000000
29435 -24176.000000
29436 -23712.000000
29437 -23704.000000
29438 -23816.000000
29439 -23764.000000
29440 -23576.000000
29441 -23936.000000
29442 -24012.000000
29443 -23828.000000
29444 -23452.000000
29445 -23816.000000
29446 -23460.000000
29447 -23048.000000
29448 -23120.000000
29449 -23252.000000
29450 -23452.000000
29451 -23544.000000
29452 -23532.000000
29453 -23424.000000
29454 -23364.000000
29455 -23124.000000
29456 -23064.000000
29457 -23320.000000
29458 -23588.000000
29459 -23572.000000
29460 -23600.000000
29461 -24044.000000
29462 -23272.000000
29463 -23704.000000
29464 -23804.000000
29465 -23760.000000
29466 -23436.000000
29467 -23524.000000
29468 -23356.000000
29469 -23264.000000
29470 -23724.000000
29471 -23528.000000
29472 -23348.000000
29473 -23960.000000
29474 -24020.000000
29475 -24000.000000
29476 -23592.000000
29477 -23932.000000
29478 -23096.000000
29479 -23484.000000
29480 -23392.000000
29481 -23476.000000
29482 -23840.000000
29483 -23436.000000
29484 -23176.000000
29485 -23604.000000
29486 -23764.000000
29487 -23840.000000
29488 -24000.000000
29489 -23760.000000
29490 -23696.000000
29491 -23440.000000
29492 -23364.000000
29493 -23312.000000
29494 -23968.000000
29495 -24068.000000
29496 -23788.000000
29497 -24012.000000
29498 -23700.000000
29499 -23804.000000
29500 -23768.000000
29501 -23488.000000
29502 -23796.000000
29503 -23388.000000
29504 -23736.000000
29505 -23444.000000
29506 -23544.000000
29507 -23276.000000
29508 -23080.000000
29509 -23440.000000
29510 -23744.000000
29511 -23160.000000
29512 -23460.000000
29513 -23548.000000
29514 -23628.000000
29515 -23560.000000
29516 -23392.000000
29517 -23432.000000
29518 -23836.000000
29519 -23604.000000
29520 -23896.000000
29521 -24172.000000
29522 -24380.000000
29523 -24200.000000
29524 -24224.000000
29525 -23972.000000
29526 -23636.000000
29527 -23972.000000
29528 -24432.000000
29529 -23776.000000
29530 -23868.000000
29531 -23728.000000
29532 -24092.000000
29533 -23984.000000
29534 -23824.000000
29535 -24088.000000
29536 -24136.000000
29537 -23956.000000
29538 -23736.000000
29539 -23636.000000
29540 -23772.000000
29541 -24008.000000
29542 -24184.000000
29543 -24768.000000
29544 -24588.000000
29545 -24676.000000
29546 -24396.000000
29547 -23984.000000
29548 -24140.000000
29549 -23856.000000
29550 -23860.000000
29551 -24000.000000
29552 -23940.000000
29553 -23712.000000
29554 -23352.000000
29555 -23376.000000
29556 -23728.000000
29557 -23532.000000
29558 -23480.000000
29559 -23776.000000
29560 -23804.000000
29561 -23884.000000
29562 -23956.000000
29563 -23548.000000
29564 -23348.000000
29565 -23284.000000
29566 -23320.000000
29567 -23548.000000
29568 -23700.000000
29569 -23708.000000
29570 -23492.000000
29571 -23520.000000
29572 -23580.000000
29573 -23684.000000
29574 -23916.000000
29575 -23580.000000
29576 -23616.000000
29577 -23652.000000
29578 -23544.000000
29579 -23568.000000
29580 -23964.000000
29581 -23688.000000
29582 -23936.000000
29583 -23936.000000
29584 -23788.000000
29585 -23640.000000
29586 -23816.000000
29587 -23756.000000
29588 -23664.000000
29589 -23180.000000
29590 -23264.000000
29591 -23204.000000
29592 -23440.000000
29593 -23620.000000
29594 -23120.000000
29595 -23548.000000
29596 -23656.000000
29597 -23296.000000
29598 -22996.000000
29599 -23628.000000
29600 -23596.000000
29601 -23368.000000
29602 -23748.000000
29603 -23736.000000
29604 -23540.000000
29605 -23676.000000
29606 -23548.000000
29607 -23968.000000
29608 -23348.000000
29609 -23260.000000
29610 -23424.000000
29611 -23892.000000
29612 -23524.000000
29613 -23836.000000
29614 -23780.000000
29615 -23668.000000
29616 -23528.000000
29617 -23456.000000
29618 -23424.000000
29619 -23296.000000
29620 -23440.000000
29621 -23468.000000
29622 -23688.000000
29623 -24004.000000
29624 -24052.000000
29625 -23852.000000
29626 -24160.000000
29627 -23956.000000
29628 -23760.000000
29629 -23576.000000
29630 -23180.000000
29631 -23344.000000
29632 -23932.000000
29633 -23616.000000
29634 -23864.000000
29635 -23852.000000
29636 -23916.000000
29637 -23848.000000
29638 -23396.000000
29639 -23444.000000
29640 -23608.000000
29641 -23160.000000
29642 -23644.000000
29643 -24016.000000
29644 -23504.000000
29645 -23600.000000
29646 -23556.000000
29647 -23560.000000
29648 -23820.000000
29649 -23848.000000
29650 -23700.000000
29651 -23552.000000
29652 -23728.000000
29653 -23860.000000
29654 -23864.000000
29655 -23676.000000
29656 -23192.000000
29657 -23728.000000
29658 -23804.000000
29659 -23392.000000
29660 -23488.000000
29661 -23532.000000
29662 -23580.000000
29663 -23516.000000
29664 -23396.000000
29665 -23368.000000
29666 -23388.000000
29667 -23356.000000
29668 -23496.000000
29669 -23360.000000
29670 -23392.000000
29671 -23632.000000
29672 -23460.000000
29673 -23356.000000
29674 -23176.000000
29675 -23356.000000
29676 -23224.000000
29677 -23224.000000
29678 -23648.000000
29679 -23440.000000
29680 -23852.000000
29681 -23592.000000
29682 -23484.000000
29683 -23668.000000
29684 -23696.000000
29685 -23932.000000
29686 -23796.000000
29687 -24012.000000
29688 -23520.000000
29689 -23500.000000
29690 -23896.000000
29691 -23720.000000
29692 -23236.000000
29693 -22744.000000
29694 -23284.000000
29695 -23392.000000
29696 -24004.000000
29697 -23528.000000
29698 -23356.000000
29699 -23592.000000
29700 -23948.000000
29701 -23800.000000
29702 -23536.000000
29703 -23904.000000
29704 -23408.000000
29705 -23948.000000
29706 -23552.000000
29707 -23464.000000
29708 -23408.000000
29709 -23592.000000
29710 -23676.000000
29711 -23500.000000
29712 -23464.000000
29713 -23508.000000
29714 -23824.000000
29715 -23448.000000
29716 -23324.000000
29717 -23420.000000
29718 -23036.000000
29719 -23172.000000
29720 -23968.000000
29721 -24204.000000
29722 -24116.000000
29723 -23740.000000
29724 -23996.000000
29725 -23796.000000
29726 -24068.000000
29727 -24240.000000
29728 -23996.000000
29729 -23916.000000
29730 -23924.000000
29731 -23592.000000
29732 -23480.000000
29733 -23640.000000
29734 -23564.000000
29735 -23732.000000
29736 -23840.000000
29737 -23640.000000
29738 -24140.000000
29739 -24080.000000
29740 -23752.000000
29741 -23808.000000
29742 -23636.000000
29743 -23772.000000
29744 -23840.000000
29745 -24092.000000
29746 -24172.000000
29747 -24228.000000
29748 -24168.000000
29749 -24176.000000
29750 -24240.000000
29751 -23708.000000
29752 -23668.000000
29753 -23860.000000
29754 -23276.000000
29755 -23028.000000
29756 -23288.000000
29757 -23344.000000
29758 -23236.000000
29759 -23348.000000
29760 -23176.000000
29761 -23228.000000
29762 -24036.000000
29763 -23952.000000
29764 -23996.000000
29765 -23912.000000
29766 -23452.000000
29767 -23788.000000
29768 -23756.000000
29769 -23520.000000
29770 -23772.000000
29771 -23884.000000
29772 -23700.000000
29773 -23604.000000
29774 -23396.000000
29775 -23740.000000
29776 -24064.000000
29777 -24376.000000
29778 -24276.000000
29779 -24148.000000
29780 -24004.000000
29781 -23968.000000
29782 -24068.000000
29783 -24192.000000
29784 -23948.000000
29785 -23772.000000
29786 -24064.000000
29787 -23712.000000
29788 -23892.000000
29789 -23904.000000
29790 -24264.000000
29791 -23980.000000
29792 -23852.000000
29793 -23736.000000
29794 -23912.000000
29795 -23968.000000
29796 -23892.000000
29797 -23584.000000
29798 -23440.000000
29799 -23896.000000
29800 -24216.000000
29801 -24124.000000
29802 -23952.000000
29803 -24176.000000
29804 -24276.000000
29805 -24312.000000
29806 -24016.000000
29807 -23952.000000
29808 -23608.000000
29809 -23500.000000
29810 -23516.000000
29811 -23720.000000
29812 -23840.000000
29813 -23880.000000
29814 -23504.000000
29815 -24112.000000
29816 -24092.000000
29817 -23780.000000
29818 -23684.000000
29819 -24140.000000
29820 -23848.000000
29821 -23824.000000
29822 -23728.000000
29823 -23796.000000
29824 -23516.000000
29825 -24172.000000
29826 -23604.000000
29827 -23544.000000
29828 -23524.000000
29829 -23656.000000
29830 -23668.000000
29831 -23964.000000
29832 -24256.000000
29833 -24000.000000
29834 -23416.000000
29835 -23992.000000
29836 -23964.000000
29837 -24376.000000
29838 -23756.000000
29839 -23632.000000
29840 -23812.000000
29841 -23980.000000
29842 -23836.000000
29843 -24496.000000
29844 -24008.000000
29845 -23732.000000
29846 -23824.000000
29847 -23684.000000
29848 -24264.000000
29849 -24204.000000
29850 -24352.000000
29851 -24384.000000
29852 -23768.000000
29853 -23604.000000
29854 -23372.000000
29855 -23788.000000
29856 -23724.000000
29857 -23544.000000
29858 -23768.000000
29859 -24136.000000
29860 -24096.000000
29861 -24396.000000
29862 -24292.000000
29863 -23932.000000
29864 -24032.000000
29865 -23784.000000
29866 -23432.000000
29867 -24156.000000
29868 -24120.000000
29869 -23936.000000
29870 -24112.000000
29871 -23960.000000
29872 -23780.000000
29873 -23960.000000
29874 -24372.000000
29875 -24384.000000
29876 -24352.000000
29877 -24276.000000
29878 -24112.000000
29879 -24100.000000
29880 -23628.000000
29881 -24164.000000
29882 -23276.000000
29883 -23940.000000
29884 -24108.000000
29885 -24060.000000
29886 -24476.000000
29887 -24468.000000
29888 -24684.000000
29889 -24276.000000
29890 -24020.000000
29891 -24212.000000
29892 -24648.000000
29893 -24308.000000
29894 -24048.000000
29895 -24284.000000
29896 -24136.000000
29897 -24104.000000
29898 -24084.000000
29899 -24368.000000
29900 -24264.000000
29901 -24760.000000
29902 -24116.000000
29903 -23784.000000
29904 -24088.000000
29905 -24352.000000
29906 -24172.000000
29907 -24596.000000
29908 -24720.000000
29909 -24560.000000
29910 -24248.000000
29911 -23956.000000
29912 -23752.000000
29913 -24204.000000
29914 -24324.000000
29915 -24568.000000
29916 -24348.000000
29917 -24372.000000
29918 -25040.000000
29919 -24664.000000
29920 -24708.000000
29921 -24592.000000
29922 -24392.000000
29923 -24416.000000
29924 -24372.000000
29925 -24204.000000
29926 -23868.000000
29927 -24268.000000
29928 -23968.000000
29929 -23948.000000
29930 -24464.000000
29931 -23868.000000
29932 -23988.000000
29933 -23920.000000
29934 -23448.000000
29935 -23932.000000
29936 -23972.000000
29937 -23856.000000
29938 -23944.000000
29939 -23780.000000
29940 -23788.000000
29941 -23996.000000
29942 -23700.000000
29943 -23588.000000
29944 -23816.000000
29945 -24348.000000
29946 -24000.000000
29947 -23948.000000
29948 -23736.000000
29949 -23676.000000
29950 -23668.000000
29951 -23932.000000
29952 -23812.000000
29953 -24128.000000
29954 -23516.000000
29955 -23840.000000
29956 -23492.000000
29957 -23856.000000
29958 -23880.000000
29959 -24128.000000
29960 -24160.000000
29961 -23952.000000
29962 -23624.000000
29963 -23868.000000
29964 -24232.000000
29965 -24076.000000
29966 -24180.000000
29967 -24452.000000
29968 -24024.000000
29969 -23612.000000
29970 -23396.000000
29971 -23548.000000
29972 -24084.000000
29973 -24028.000000
29974 -24188.000000
29975 -24068.000000
29976 -23856.000000
29977 -23660.000000
29978 -23932.000000
29979 -24128.000000
29980 -23788.000000
29981 -23608.000000
29982 -24128.000000
29983 -23864.000000
29984 -23640.000000
29985 -24076.000000
29986 -23772.000000
29987 -23492.000000
29988 -23748.000000
29989 -23612.000000
29990 -23560.000000
29991 -24136.000000
29992 -23844.000000
29993 -23912.000000
29994 -23664.000000
29995 -23824.000000
29996 -24040.000000
29997 -23624.000000
29998 -23860.000000
29999 -23608.000000
