0 -0.601196
1 -0.602295
2 -0.603638
3 -0.601685
4 -0.581177
5 -0.586060
6 -0.583008
7 -0.619019
8 -0.620605
9 -0.602661
10 -0.616333
11 -0.625977
12 -0.637207
13 -0.641113
14 -0.636475
15 -0.633423
16 -0.616089
17 -0.623047
18 -0.627441
19 -0.623413
20 -0.628784
21 -0.632813
22 -0.639648
23 -0.635986
24 -0.647095
25 -0.669800
26 -0.667725
27 -0.670044
28 -0.679199
29 -0.680664
30 -0.670288
31 -0.666626
32 -0.673340
33 -0.677856
34 -0.673462
35 -0.654663
36 -0.649048
37 -0.646729
38 -0.644409
39 -0.643433
40 -0.657471
41 -0.651855
42 -0.646240
43 -0.641357
44 -0.659180
45 -0.676392
46 -0.679321
47 -0.679077
48 -0.658936
49 -0.645996
50 -0.655029
51 -0.644531
52 -0.631348
53 -0.652100
54 -0.640381
55 -0.659058
56 -0.639648
57 -0.625610
58 -0.606934
59 -0.599243
60 -0.606689
61 -0.618774
62 -0.605225
63 -0.608765
64 -0.596680
65 -0.588989
66 -0.595093
67 -0.599976
68 -0.609863
69 -0.600342
70 -0.620605
71 -0.613281
72 -0.584106
73 -0.581421
74 -0.609985
75 -0.609741
76 -0.616821
77 -0.621948
78 -0.612305
79 -0.586426
80 -0.614502
81 -0.623169
82 -0.634644
83 -0.629639
84 -0.631714
85 -0.625366
86 -0.618652
87 -0.604004
88 -0.601074
89 -0.609253
90 -0.629272
91 -0.625366
92 -0.614868
93 -0.601196
94 -0.611572
95 -0.617676
96 -0.617676
97 -0.623169
98 -0.628662
99 -0.613892
100 -0.620117
101 -0.628174
102 -0.626587
103 -0.632813
104 -0.631836
105 -0.630371
106 -0.630737
107 -0.635742
108 -0.629517
109 -0.622437
110 -0.607666
111 -0.602051
112 -0.608887
113 -0.623047
114 -0.632935
115 -0.631104
116 -0.630005
117 -0.629272
118 -0.650757
119 -0.645386
120 -0.630737
121 -0.604980
122 -0.614502
123 -0.625244
124 -0.621704
125 -0.611694
126 -0.600098
127 -0.591309
128 -0.589722
129 -0.577881
130 -0.569702
131 -0.576416
132 -0.573364
133 -0.597778
134 -0.602661
135 -0.591187
136 -0.616699
137 -0.621826
138 -0.619995
139 -0.615234
140 -0.630005
141 -0.644043
142 -0.632568
143 -0.617310
144 -0.625244
145 -0.629761
146 -0.628784
147 -0.625732
148 -0.636475
149 -0.642456
150 -0.631226
151 -0.633911
152 -0.639282
153 -0.640015
154 -0.634277
155 -0.637695
156 -0.633789
157 -0.627930
158 -0.614746
159 -0.633545
160 -0.648071
161 -0.638916
162 -0.638672
163 -0.637451
164 -0.647461
165 -0.643433
166 -0.649780
167 -0.656250
168 -0.662231
169 -0.669189
170 -0.654175
171 -0.650513
172 -0.645874
173 -0.651245
174 -0.642822
175 -0.656006
176 -0.652466
177 -0.644653
178 -0.652344
179 -0.648926
180 -0.645874
181 -0.628662
182 -0.639038
183 -0.651001
184 -0.655396
185 -0.666138
186 -0.676758
187 -0.678101
188 -0.666992
189 -0.665161
190 -0.658447
191 -0.666016
192 -0.668213
193 -0.654907
194 -0.635620
195 -0.646851
196 -0.649292
197 -0.648193
198 -0.670532
199 -0.674683
200 -0.674805
201 -0.692383
202 -0.686768
203 -0.681885
204 -0.664917
205 -0.681030
206 -0.671875
207 -0.667480
208 -0.666260
209 -0.676514
210 -0.701294
211 -0.697144
212 -0.692383
213 -0.710449
214 -0.720093
215 -0.716309
216 -0.716309
217 -0.714478
218 -0.708984
219 -0.704468
220 -0.699829
221 -0.701416
222 -0.715088
223 -0.714355
224 -0.714722
225 -0.711548
226 -0.707397
227 -0.711426
228 -0.695068
229 -0.677368
230 -0.686035
231 -0.692749
232 -0.701172
233 -0.677979
234 -0.683350
235 -0.693359
236 -0.672119
237 -0.661865
238 -0.658447
239 -0.669434
240 -0.675415
241 -0.678101
242 -0.687378
243 -0.693604
244 -0.703003
245 -0.708862
246 -0.706543
247 -0.699585
248 -0.697998
249 -0.687988
250 -0.672974
251 -0.661987
252 -0.664429
253 -0.655273
254 -0.677856
255 -0.675049
256 -0.672485
257 -0.679077
258 -0.688599
259 -0.674927
260 -0.661255
261 -0.666626
262 -0.679321
263 -0.665405
264 -0.657104
265 -0.666870
266 -0.694092
267 -0.705688
268 -0.692993
269 -0.675781
270 -0.682495
271 -0.665405
272 -0.663818
273 -0.654541
274 -0.665527
275 -0.678711
276 -0.683472
277 -0.697998
278 -0.712524
279 -0.734619
280 -0.736450
281 -0.732544
282 -0.737183
283 -0.750122
284 -0.756470
285 -0.739502
286 -0.728760
287 -0.729858
288 -0.736938
289 -0.729126
290 -0.728882
291 -0.714478
292 -0.729248
293 -0.732422
294 -0.734985
295 -0.744263
296 -0.728638
297 -0.714355
298 -0.705688
299 -0.703979
300 -0.701172
301 -0.692993
302 -0.678955
303 -0.688110
304 -0.681519
305 -0.690552
306 -0.693970
307 -0.674438
308 -0.691650
309 -0.702637
310 -0.699097
311 -0.718018
312 -0.708984
313 -0.706909
314 -0.684448
315 -0.688477
316 -0.705322
317 -0.695313
318 -0.713989
319 -0.697266
320 -0.695801
321 -0.705933
322 -0.698730
323 -0.693604
324 -0.687988
325 -0.709229
326 -0.731812
327 -0.729248
328 -0.706421
329 -0.716553
330 -0.730835
331 -0.733643
332 -0.731201
333 -0.739746
334 -0.740845
335 -0.732788
336 -0.733887
337 -0.737671
338 -0.748413
339 -0.751221
340 -0.763794
341 -0.764160
342 -0.744263
343 -0.742676
344 -0.744385
345 -0.724731
346 -0.725464
347 -0.708252
348 -0.692871
349 -0.672729
350 -0.686768
351 -0.687866
352 -0.691895
353 -0.702026
354 -0.709717
355 -0.714600
356 -0.724609
357 -0.721069
358 -0.728271
359 -0.749268
360 -0.743042
361 -0.734375
362 -0.745361
363 -0.736572
364 -0.715942
365 -0.719971
366 -0.728882
367 -0.719116
368 -0.716797
369 -0.725464
370 -0.733887
371 -0.739746
372 -0.739258
373 -0.739990
374 -0.739868
375 -0.740967
376 -0.739990
377 -0.742920
378 -0.735107
379 -0.750854
380 -0.727905
381 -0.724976
382 -0.739380
383 -0.746094
384 -0.735352
385 -0.736328
386 -0.724854
387 -0.726318
388 -0.722290
389 -0.730347
390 -0.730835
391 -0.729004
392 -0.727051
393 -0.711182
394 -0.714111
395 -0.695435
396 -0.695313
397 -0.716553
398 -0.706177
399 -0.718140
400 -0.694214
401 -0.702881
402 -0.706909
403 -0.695313
404 -0.686646
405 -0.684204
406 -0.680786
407 -0.685059
408 -0.671021
409 -0.657715
410 -0.658447
411 -0.689575
412 -0.670410
413 -0.661865
414 -0.695923
415 -0.713745
416 -0.711548
417 -0.713867
418 -0.703247
419 -0.706909
420 -0.721924
421 -0.712891
422 -0.690063
423 -0.691650
424 -0.697998
425 -0.687866
426 -0.676758
427 -0.669922
428 -0.684814
429 -0.669556
430 -0.658813
431 -0.650391
432 -0.667480
433 -0.669434
434 -0.665894
435 -0.678711
436 -0.677856
437 -0.680542
438 -0.679688
439 -0.675659
440 -0.678101
441 -0.681641
442 -0.662476
443 -0.659180
444 -0.643066
445 -0.646851
446 -0.662842
447 -0.640503
448 -0.643799
449 -0.653076
450 -0.675781
451 -0.667847
452 -0.646606
453 -0.668945
454 -0.668701
455 -0.676025
456 -0.660034
457 -0.644043
458 -0.635498
459 -0.640015
460 -0.631592
461 -0.644653
462 -0.665039
463 -0.662720
464 -0.668701
465 -0.666260
466 -0.682251
467 -0.682983
468 -0.681519
469 -0.685547
470 -0.695679
471 -0.697266
472 -0.711304
473 -0.717529
474 -0.736206
475 -0.739380
476 -0.733032
477 -0.735352
478 -0.725220
479 -0.734253
480 -0.729004
481 -0.736450
482 -0.722412
483 -0.726074
484 -0.743286
485 -0.725708
486 -0.734009
487 -0.735474
488 -0.732544
489 -0.728760
490 -0.717041
491 -0.717896
492 -0.723389
493 -0.717529
494 -0.738403
495 -0.742554
496 -0.751099
497 -0.752075
498 -0.745239
499 -0.747437
500 -0.735229
501 -0.738525
502 -0.743530
503 -0.727417
504 -0.741211
505 -0.758179
506 -0.753784
507 -0.766479
508 -0.768921
509 -0.773315
510 -0.778076
511 -0.761719
512 -0.760986
513 -0.762207
514 -0.732666
515 -0.733521
516 -0.729980
517 -0.727905
518 -0.732300
519 -0.736938
520 -0.741089
521 -0.745972
522 -0.732300
523 -0.709595
524 -0.701172
525 -0.704590
526 -0.721069
527 -0.704834
528 -0.704468
529 -0.720459
530 -0.722900
531 -0.708252
532 -0.713989
533 -0.708130
534 -0.723022
535 -0.724976
536 -0.726929
537 -0.718384
538 -0.720459
539 -0.725952
540 -0.729492
541 -0.734131
542 -0.735474
543 -0.738159
544 -0.731323
545 -0.724854
546 -0.725952
547 -0.719849
548 -0.715210
549 -0.715332
550 -0.703003
551 -0.678955
552 -0.673096
553 -0.649170
554 -0.635986
555 -0.615234
556 -0.615723
557 -0.608032
558 -0.614380
559 -0.601318
560 -0.600464
561 -0.602417
562 -0.617676
563 -0.626221
564 -0.626465
565 -0.625854
566 -0.642212
567 -0.646851
568 -0.652954
569 -0.635620
570 -0.651001
571 -0.647583
572 -0.669312
573 -0.651245
574 -0.652832
575 -0.660400
576 -0.646851
577 -0.646606
578 -0.664185
579 -0.652344
580 -0.657349
581 -0.640137
582 -0.646118
583 -0.644897
584 -0.653687
585 -0.658569
586 -0.682983
587 -0.680054
588 -0.664551
589 -0.655396
590 -0.663940
591 -0.662476
592 -0.673218
593 -0.672485
594 -0.678711
595 -0.670776
596 -0.679443
597 -0.678833
598 -0.660767
599 -0.645996
600 -0.650879
601 -0.632446
602 -0.627319
603 -0.630981
604 -0.620850
605 -0.626953
606 -0.618652
607 -0.625122
608 -0.630981
609 -0.633301
610 -0.640503
611 -0.625977
612 -0.631104
613 -0.632568
614 -0.624634
615 -0.627686
616 -0.619141
617 -0.603882
618 -0.633545
619 -0.636353
620 -0.657959
621 -0.664429
622 -0.665894
623 -0.674072
624 -0.687622
625 -0.681274
626 -0.681274
627 -0.670532
628 -0.691650
629 -0.672974
630 -0.674438
631 -0.672729
632 -0.673828
633 -0.663696
634 -0.657471
635 -0.670044
636 -0.659180
637 -0.666992
638 -0.652222
639 -0.647461
640 -0.657349
641 -0.645264
642 -0.650391
643 -0.654785
644 -0.680054
645 -0.676636
646 -0.650757
647 -0.656982
648 -0.668945
649 -0.656128
650 -0.658325
651 -0.646240
652 -0.657227
653 -0.662109
654 -0.674194
655 -0.698486
656 -0.702271
657 -0.697388
658 -0.713623
659 -0.695190
660 -0.691895
661 -0.685059
662 -0.692871
663 -0.684204
664 -0.694946
665 -0.687500
666 -0.682373
667 -0.674072
668 -0.678101
669 -0.700928
670 -0.704956
671 -0.714111
672 -0.712891
673 -0.713989
674 -0.700928
675 -0.684814
676 -0.684082
677 -0.688110
678 -0.688599
679 -0.682251
680 -0.690674
681 -0.695068
682 -0.699219
683 -0.700928
684 -0.702515
685 -0.706177
686 -0.686279
687 -0.700684
688 -0.680420
689 -0.678101
690 -0.675903
691 -0.682495
692 -0.665771
693 -0.674805
694 -0.683594
695 -0.691772
696 -0.681763
697 -0.669434
698 -0.669434
699 -0.661011
700 -0.667358
701 -0.667603
702 -0.659058
703 -0.639648
704 -0.661621
705 -0.635742
706 -0.606689
707 -0.592651
708 -0.553467
709 -0.583862
710 -0.607788
711 -0.603027
712 -0.625488
713 -0.621582
714 -0.649170
715 -0.651367
716 -0.657837
717 -0.664917
718 -0.645142
719 -0.651367
720 -0.658203
721 -0.661377
722 -0.636475
723 -0.638428
724 -0.626709
725 -0.633789
726 -0.643066
727 -0.655151
728 -0.671387
729 -0.648193
730 -0.621582
731 -0.615601
732 -0.607666
733 -0.602661
734 -0.624756
735 -0.614380
736 -0.627563
737 -0.642456
738 -0.652100
739 -0.666016
740 -0.676392
741 -0.674927
742 -0.677368
743 -0.663330
744 -0.657837
745 -0.651367
746 -0.648438
747 -0.653564
748 -0.673584
749 -0.682983
750 -0.686646
751 -0.694214
752 -0.699219
753 -0.714111
754 -0.696167
755 -0.690552
756 -0.697144
757 -0.673462
758 -0.684204
759 -0.680786
760 -0.660767
761 -0.643433
762 -0.650879
763 -0.641724
764 -0.650879
765 -0.630249
766 -0.603760
767 -0.616699
768 -0.610352
769 -0.610352
770 -0.627930
771 -0.632813
772 -0.628906
773 -0.631592
774 -0.625000
775 -0.641602
776 -0.645386
777 -0.633545
778 -0.653198
779 -0.664917
780 -0.654541
781 -0.678467
782 -0.674683
783 -0.673706
784 -0.671509
785 -0.675415
786 -0.677979
787 -0.674438
788 -0.678589
789 -0.668701
790 -0.670410
791 -0.679077
792 -0.666626
793 -0.657593
794 -0.677979
795 -0.689209
796 -0.697510
797 -0.703003
798 -0.724731
799 -0.711426
800 -0.726807
801 -0.724243
802 -0.716797
803 -0.729614
804 -0.717163
805 -0.718140
806 -0.710815
807 -0.728638
808 -0.725952
809 -0.727295
810 -0.719238
811 -0.732056
812 -0.731445
813 -0.712524
814 -0.709595
815 -0.709106
816 -0.700439
817 -0.691650
818 -0.697510
819 -0.686279
820 -0.681274
821 -0.688477
822 -0.671143
823 -0.666992
824 -0.665405
825 -0.684448
826 -0.691528
827 -0.694336
828 -0.683594
829 -0.686035
830 -0.699341
831 -0.709595
832 -0.709106
833 -0.704468
834 -0.679443
835 -0.692993
836 -0.688477
837 -0.700562
838 -0.712036
839 -0.711670
840 -0.717285
841 -0.719238
842 -0.731323
843 -0.731689
844 -0.716553
845 -0.739624
846 -0.734009
847 -0.738525
848 -0.734985
849 -0.726440
850 -0.727905
851 -0.708740
852 -0.710449
853 -0.718750
854 -0.726074
855 -0.744141
856 -0.712158
857 -0.700806
858 -0.718994
859 -0.708130
860 -0.714600
861 -0.721069
862 -0.728516
863 -0.729248
864 -0.713501
865 -0.735352
866 -0.738281
867 -0.731689
868 -0.719360
869 -0.719482
870 -0.724243
871 -0.723511
872 -0.713257
873 -0.718384
874 -0.715332
875 -0.686890
876 -0.703491
877 -0.709961
878 -0.711060
879 -0.698608
880 -0.697632
881 -0.694336
882 -0.708252
883 -0.697998
884 -0.703125
885 -0.688110
886 -0.680542
887 -0.677979
888 -0.695068
889 -0.686279
890 -0.690552
891 -0.683960
892 -0.678223
893 -0.682129
894 -0.707764
895 -0.712158
896 -0.716431
897 -0.712402
898 -0.718994
899 -0.713989
900 -0.708130
901 -0.719360
902 -0.705200
903 -0.711060
904 -0.700195
905 -0.685547
906 -0.683960
907 -0.681396
908 -0.686890
909 -0.694946
910 -0.672852
911 -0.681519
912 -0.690430
913 -0.688110
914 -0.682983
915 -0.677490
916 -0.680786
917 -0.680420
918 -0.666260
919 -0.675903
920 -0.661987
921 -0.640015
922 -0.626221
923 -0.606323
924 -0.592896
925 -0.592773
926 -0.580688
927 -0.586182
928 -0.600220
929 -0.596924
930 -0.617188
931 -0.618164
932 -0.626953
933 -0.642822
934 -0.650635
935 -0.657227
936 -0.652344
937 -0.659546
938 -0.662842
939 -0.669312
940 -0.666016
941 -0.662109
942 -0.661011
943 -0.671265
944 -0.691284
945 -0.682617
946 -0.682251
947 -0.660522
948 -0.644897
949 -0.659302
950 -0.658691
951 -0.662598
952 -0.686523
953 -0.680298
954 -0.657471
955 -0.648926
956 -0.655518
957 -0.671387
958 -0.682983
959 -0.687256
960 -0.663940
961 -0.641602
962 -0.643066
963 -0.652832
964 -0.656250
965 -0.672363
966 -0.651611
967 -0.636963
968 -0.660400
969 -0.663696
970 -0.683228
971 -0.674194
972 -0.669556
973 -0.679810
974 -0.672974
975 -0.677979
976 -0.671997
977 -0.664917
978 -0.659790
979 -0.668945
980 -0.673096
981 -0.685181
982 -0.684570
983 -0.690186
984 -0.694336
985 -0.702026
986 -0.694214
987 -0.698975
988 -0.720215
989 -0.705078
990 -0.704346
991 -0.680298
992 -0.677979
993 -0.687622
994 -0.674561
995 -0.669678
996 -0.659180
997 -0.661621
998 -0.665894
999 -0.671509
1000 -0.669189
1001 -0.661377
1002 -0.658325
1003 -0.667114
1004 -0.658203
1005 -0.659546
1006 -0.642578
1007 -0.661377
1008 -0.672241
1009 -0.662109
1010 -0.666992
1011 -0.684326
1012 -0.683716
1013 -0.703247
1014 -0.718506
1015 -0.725098
1016 -0.707642
1017 -0.699219
1018 -0.683960
1019 -0.693359
1020 -0.684082
1021 -0.680908
1022 -0.688721
1023 -0.700317
1024 -0.700317
1025 -0.700317
1026 -0.702148
1027 -0.698730
1028 -0.701904
1029 -0.687622
1030 -0.660522
1031 -0.660889
1032 -0.672852
1033 -0.644775
1034 -0.660645
1035 -0.659058
1036 -0.652832
1037 -0.639404
1038 -0.661499
1039 -0.652832
1040 -0.630127
1041 -0.638794
1042 -0.637451
1043 -0.644165
1044 -0.643555
1045 -0.643188
1046 -0.659912
1047 -0.662476
1048 -0.668457
1049 -0.661865
1050 -0.647339
1051 -0.649536
1052 -0.651855
1053 -0.646362
1054 -0.632813
1055 -0.621582
1056 -0.615967
1057 -0.616211
1058 -0.634033
1059 -0.612305
1060 -0.607300
1061 -0.618042
1062 -0.602173
1063 -0.594727
1064 -0.596802
1065 -0.614258
1066 -0.617310
1067 -0.606934
1068 -0.627808
1069 -0.618774
1070 -0.625977
1071 -0.633667
1072 -0.631958
1073 -0.636719
1074 -0.619629
1075 -0.611084
1076 -0.598999
1077 -0.591064
1078 -0.580444
1079 -0.572266
1080 -0.585938
1081 -0.590820
1082 -0.614258
1083 -0.612061
1084 -0.621948
1085 -0.632202
1086 -0.607544
1087 -0.625000
1088 -0.615845
1089 -0.613281
1090 -0.611816
1091 -0.624146
1092 -0.621948
1093 -0.600708
1094 -0.586304
1095 -0.601807
1096 -0.611572
1097 -0.625854
1098 -0.628174
1099 -0.645386
1100 -0.643311
1101 -0.646851
1102 -0.634277
1103 -0.638306
1104 -0.624756
1105 -0.620605
1106 -0.627808
1107 -0.626221
1108 -0.630371
1109 -0.611206
1110 -0.606079
1111 -0.603882
1112 -0.603760
1113 -0.590820
1114 -0.593384
1115 -0.611206
1116 -0.602661
1117 -0.608032
1118 -0.606323
1119 -0.612427
1120 -0.621094
1121 -0.609009
1122 -0.629883
1123 -0.627686
1124 -0.623901
1125 -0.609985
1126 -0.636230
1127 -0.647705
1128 -0.650513
1129 -0.656860
1130 -0.650879
1131 -0.676880
1132 -0.656372
1133 -0.657593
1134 -0.650879
1135 -0.631226
1136 -0.633667
1137 -0.629517
1138 -0.638916
1139 -0.642700
1140 -0.636597
1141 -0.624634
1142 -0.633057
1143 -0.643188
1144 -0.621826
1145 -0.614136
1146 -0.590942
1147 -0.603516
1148 -0.605469
1149 -0.608398
1150 -0.598755
1151 -0.606812
1152 -0.622681
1153 -0.622803
1154 -0.613403
1155 -0.588867
1156 -0.585205
1157 -0.570923
1158 -0.573853
1159 -0.571167
1160 -0.564209
1161 -0.581299
1162 -0.598755
1163 -0.617310
1164 -0.627808
1165 -0.617065
1166 -0.628052
1167 -0.640625
1168 -0.624634
1169 -0.617188
1170 -0.625488
1171 -0.627686
1172 -0.616577
1173 -0.625854
1174 -0.630737
1175 -0.621094
1176 -0.619629
1177 -0.624146
1178 -0.631348
1179 -0.640015
1180 -0.632813
1181 -0.641968
1182 -0.617065
1183 -0.616089
1184 -0.620972
1185 -0.594360
1186 -0.580078
1187 -0.607788
1188 -0.619507
1189 -0.605225
1190 -0.627197
1191 -0.642578
1192 -0.641357
1193 -0.641724
1194 -0.644775
1195 -0.635864
1196 -0.631592
1197 -0.640259
1198 -0.646484
1199 -0.627930
1200 -0.619507
1201 -0.607544
1202 -0.614624
1203 -0.589355
1204 -0.589966
1205 -0.611206
1206 -0.616089
1207 -0.619385
1208 -0.619751
1209 -0.627808
1210 -0.621704
1211 -0.620728
1212 -0.624512
1213 -0.634399
1214 -0.628662
1215 -0.629272
1216 -0.616333
1217 -0.608887
1218 -0.614258
1219 -0.616943
1220 -0.616089
1221 -0.608398
1222 -0.606567
1223 -0.614746
1224 -0.626465
1225 -0.633789
1226 -0.627808
1227 -0.629883
1228 -0.633911
1229 -0.620361
1230 -0.628540
1231 -0.621704
1232 -0.623535
1233 -0.609741
1234 -0.616333
1235 -0.621704
1236 -0.615356
1237 -0.606079
1238 -0.606689
1239 -0.626587
1240 -0.610107
1241 -0.618896
1242 -0.624756
1243 -0.630615
1244 -0.629639
1245 -0.622437
1246 -0.612427
1247 -0.616699
1248 -0.609863
1249 -0.613647
1250 -0.602905
1251 -0.599731
1252 -0.595947
1253 -0.605713
1254 -0.629517
1255 -0.632690
1256 -0.618042
1257 -0.611450
1258 -0.632813
1259 -0.623047
1260 -0.618774
1261 -0.614868
1262 -0.609741
1263 -0.602783
1264 -0.594360
1265 -0.583618
1266 -0.589111
1267 -0.588379
1268 -0.614014
1269 -0.620117
1270 -0.609741
1271 -0.633179
1272 -0.638550
1273 -0.636353
1274 -0.641357
1275 -0.641479
1276 -0.625122
1277 -0.645752
1278 -0.649170
1279 -0.660645
1280 -0.647949
1281 -0.641968
1282 -0.645630
1283 -0.649658
1284 -0.649536
1285 -0.647705
1286 -0.647705
1287 -0.638794
1288 -0.632446
1289 -0.633667
1290 -0.643921
1291 -0.653687
1292 -0.656982
1293 -0.649414
1294 -0.647583
1295 -0.640015
1296 -0.627808
1297 -0.611694
1298 -0.618164
1299 -0.639160
1300 -0.661255
1301 -0.663330
1302 -0.648193
1303 -0.658447
1304 -0.642456
1305 -0.634155
1306 -0.641479
1307 -0.650879
1308 -0.640747
1309 -0.653320
1310 -0.667725
1311 -0.668457
1312 -0.662964
1313 -0.670532
1314 -0.648438
1315 -0.659668
1316 -0.662354
1317 -0.659546
1318 -0.644775
1319 -0.632813
1320 -0.638794
1321 -0.641602
1322 -0.650757
1323 -0.660400
1324 -0.659424
1325 -0.652832
1326 -0.657104
1327 -0.659058
1328 -0.649414
1329 -0.643799
1330 -0.639282
1331 -0.639526
1332 -0.657471
1333 -0.662598
1334 -0.676270
1335 -0.684814
1336 -0.706177
1337 -0.719727
1338 -0.703125
1339 -0.701538
1340 -0.702026
1341 -0.714722
1342 -0.708130
1343 -0.708984
1344 -0.685181
1345 -0.698608
1346 -0.699951
1347 -0.692871
1348 -0.698120
1349 -0.694214
1350 -0.703857
1351 -0.702637
1352 -0.690430
1353 -0.679199
1354 -0.680298
1355 -0.682495
1356 -0.670166
1357 -0.694702
1358 -0.707764
1359 -0.697510
1360 -0.694092
1361 -0.690796
1362 -0.688721
1363 -0.690552
1364 -0.687378
1365 -0.687744
1366 -0.700562
1367 -0.691284
1368 -0.715088
1369 -0.700073
1370 -0.700439
1371 -0.696411
1372 -0.695190
1373 -0.680786
1374 -0.689453
1375 -0.687744
1376 -0.684692
1377 -0.657837
1378 -0.656860
1379 -0.664673
1380 -0.659058
1381 -0.658081
1382 -0.671509
1383 -0.648071
1384 -0.661865
1385 -0.680420
1386 -0.682983
1387 -0.683960
1388 -0.675171
1389 -0.689331
1390 -0.701416
1391 -0.704224
1392 -0.703979
1393 -0.703857
1394 -0.703857
1395 -0.709229
1396 -0.692017
1397 -0.683838
1398 -0.695557
1399 -0.699829
1400 -0.691772
1401 -0.694824
1402 -0.702271
1403 -0.703247
1404 -0.695557
1405 -0.704834
1406 -0.688110
1407 -0.682739
1408 -0.692383
1409 -0.706909
1410 -0.697998
1411 -0.672485
1412 -0.678833
1413 -0.676636
1414 -0.684204
1415 -0.665283
1416 -0.691528
1417 -0.674561
1418 -0.663696
1419 -0.682373
1420 -0.701782
1421 -0.705322
1422 -0.702148
1423 -0.725708
1424 -0.722412
1425 -0.725464
1426 -0.738770
1427 -0.738403
1428 -0.743530
1429 -0.746460
1430 -0.741211
1431 -0.726074
1432 -0.726318
1433 -0.746948
1434 -0.723633
1435 -0.706177
1436 -0.691406
1437 -0.686157
1438 -0.686279
1439 -0.686523
1440 -0.663208
1441 -0.673218
1442 -0.682007
1443 -0.696289
1444 -0.707642
1445 -0.710327
1446 -0.708252
1447 -0.719360
1448 -0.734253
1449 -0.736572
1450 -0.732056
1451 -0.731323
1452 -0.747070
1453 -0.725342
1454 -0.712769
1455 -0.732422
1456 -0.725708
1457 -0.704102
1458 -0.707397
1459 -0.702271
1460 -0.708740
1461 -0.702148
1462 -0.681763
1463 -0.677979
1464 -0.673462
1465 -0.667236
1466 -0.673340
1467 -0.681763
1468 -0.674927
1469 -0.656494
1470 -0.654053
1471 -0.657104
1472 -0.661987
1473 -0.662598
1474 -0.660645
1475 -0.686157
1476 -0.711914
1477 -0.722778
1478 -0.715332
1479 -0.721802
1480 -0.722412
1481 -0.715576
1482 -0.713745
1483 -0.710449
1484 -0.703735
1485 -0.703369
1486 -0.702881
1487 -0.693604
1488 -0.699951
1489 -0.699219
1490 -0.706909
1491 -0.708862
1492 -0.711548
1493 -0.713623
1494 -0.706665
1495 -0.694946
1496 -0.704590
1497 -0.716309
1498 -0.705322
1499 -0.699463
1500 -0.679443
1501 -0.672241
1502 -0.682251
1503 -0.702026
1504 -0.708618
1505 -0.700073
1506 -0.678467
1507 -0.681152
1508 -0.688599
1509 -0.679199
1510 -0.701904
1511 -0.691162
1512 -0.706665
1513 -0.703125
1514 -0.699463
1515 -0.690796
1516 -0.692139
1517 -0.681519
1518 -0.695068
1519 -0.698975
1520 -0.705444
1521 -0.711182
1522 -0.696045
1523 -0.692627
1524 -0.681885
1525 -0.681519
1526 -0.687622
1527 -0.710571
1528 -0.713867
1529 -0.705688
1530 -0.712158
1531 -0.699829
1532 -0.718384
1533 -0.725586
1534 -0.734619
1535 -0.729614
1536 -0.715576
1537 -0.720093
1538 -0.718628
1539 -0.704346
1540 -0.717651
1541 -0.720093
1542 -0.737061
1543 -0.732178
1544 -0.717041
1545 -0.727905
1546 -0.746826
1547 -0.720947
1548 -0.719116
1549 -0.715454
1550 -0.713623
1551 -0.714722
1552 -0.703247
1553 -0.694702
1554 -0.711792
1555 -0.725464
1556 -0.709229
1557 -0.707153
1558 -0.698730
1559 -0.703979
1560 -0.703491
1561 -0.713623
1562 -0.708130
1563 -0.710327
1564 -0.708618
1565 -0.722534
1566 -0.730713
1567 -0.732910
1568 -0.720703
1569 -0.736206
1570 -0.720459
1571 -0.718994
1572 -0.730347
1573 -0.727539
1574 -0.746582
1575 -0.743286
1576 -0.731689
1577 -0.736572
1578 -0.731689
1579 -0.732300
1580 -0.725586
1581 -0.717407
1582 -0.730713
1583 -0.743652
1584 -0.750244
1585 -0.753052
1586 -0.741699
1587 -0.732056
1588 -0.736938
1589 -0.733887
1590 -0.747559
1591 -0.737915
1592 -0.723877
1593 -0.729370
1594 -0.731567
1595 -0.742920
1596 -0.722412
1597 -0.700684
1598 -0.701416
1599 -0.708008
1600 -0.725098
1601 -0.714355
1602 -0.732056
1603 -0.717041
1604 -0.706787
1605 -0.704224
1606 -0.684814
1607 -0.690552
1608 -0.684082
1609 -0.680298
1610 -0.691895
1611 -0.690796
1612 -0.719727
1613 -0.725952
1614 -0.718262
1615 -0.722046
1616 -0.731567
1617 -0.735107
1618 -0.753052
1619 -0.733154
1620 -0.728394
1621 -0.718140
1622 -0.720947
1623 -0.711792
1624 -0.707520
1625 -0.692383
1626 -0.684937
1627 -0.674194
1628 -0.676636
1629 -0.678345
1630 -0.680298
1631 -0.676636
1632 -0.667603
1633 -0.679688
1634 -0.688477
1635 -0.692993
1636 -0.689331
1637 -0.671143
1638 -0.671387
1639 -0.666138
1640 -0.663574
1641 -0.657227
1642 -0.670044
1643 -0.673828
1644 -0.693359
1645 -0.694946
1646 -0.692505
1647 -0.681152
1648 -0.676392
1649 -0.682983
1650 -0.664551
1651 -0.684448
1652 -0.683350
1653 -0.677734
1654 -0.705078
1655 -0.694092
1656 -0.702881
1657 -0.707397
1658 -0.699097
1659 -0.683350
1660 -0.672485
1661 -0.663452
1662 -0.677734
1663 -0.694702
1664 -0.687744
1665 -0.707642
1666 -0.693970
1667 -0.700439
1668 -0.708130
1669 -0.709106
1670 -0.715454
1671 -0.726929
1672 -0.729614
1673 -0.723511
1674 -0.718628
1675 -0.722778
1676 -0.695435
1677 -0.671265
1678 -0.684692
1679 -0.686035
1680 -0.687866
1681 -0.705078
1682 -0.691284
1683 -0.676636
1684 -0.667114
1685 -0.684570
1686 -0.682739
1687 -0.691772
1688 -0.676758
1689 -0.692017
1690 -0.688110
1691 -0.676270
1692 -0.671021
1693 -0.663330
1694 -0.661987
1695 -0.651978
1696 -0.660767
1697 -0.677124
1698 -0.684937
1699 -0.689087
1700 -0.689453
1701 -0.674316
1702 -0.652710
1703 -0.662598
1704 -0.665405
1705 -0.667480
1706 -0.675049
1707 -0.676270
1708 -0.664551
1709 -0.682617
1710 -0.684448
1711 -0.672241
1712 -0.661011
1713 -0.659546
1714 -0.677734
1715 -0.681641
1716 -0.677856
1717 -0.681763
1718 -0.693970
1719 -0.707764
1720 -0.707031
1721 -0.707642
1722 -0.708252
1723 -0.729370
1724 -0.708496
1725 -0.711548
1726 -0.707520
1727 -0.697876
1728 -0.713135
1729 -0.707275
1730 -0.687256
1731 -0.674072
1732 -0.674561
1733 -0.651611
1734 -0.654053
1735 -0.634155
1736 -0.645874
1737 -0.643188
1738 -0.635376
1739 -0.619629
1740 -0.599609
1741 -0.613037
1742 -0.620972
1743 -0.621582
1744 -0.605835
1745 -0.596802
1746 -0.605225
1747 -0.596680
1748 -0.621338
1749 -0.608398
1750 -0.608398
1751 -0.620850
1752 -0.641724
1753 -0.636108
1754 -0.623779
1755 -0.632568
1756 -0.641724
1757 -0.648560
1758 -0.650146
1759 -0.652344
1760 -0.664917
1761 -0.661255
1762 -0.655762
1763 -0.658203
1764 -0.663574
1765 -0.652222
1766 -0.646118
1767 -0.650024
1768 -0.665405
1769 -0.670288
1770 -0.660034
1771 -0.661987
1772 -0.672974
1773 -0.688843
1774 -0.671631
1775 -0.672974
1776 -0.662354
1777 -0.663940
1778 -0.677979
1779 -0.680176
1780 -0.679199
1781 -0.684570
1782 -0.684448
1783 -0.673340
1784 -0.682495
1785 -0.673462
1786 -0.650513
1787 -0.649048
1788 -0.626465
1789 -0.627930
1790 -0.646484
1791 -0.634399
1792 -0.637939
1793 -0.612671
1794 -0.616943
1795 -0.628662
1796 -0.623291
1797 -0.634033
1798 -0.635742
1799 -0.649292
1800 -0.655029
1801 -0.661987
1802 -0.656372
1803 -0.634399
1804 -0.627441
1805 -0.633301
1806 -0.639282
1807 -0.645020
1808 -0.642578
1809 -0.626587
1810 -0.610840
1811 -0.618774
1812 -0.610718
1813 -0.602783
1814 -0.602295
1815 -0.630127
1816 -0.620117
1817 -0.628906
1818 -0.629272
1819 -0.620605
1820 -0.615356
1821 -0.627319
1822 -0.630371
1823 -0.628784
1824 -0.637939
1825 -0.633179
1826 -0.634399
1827 -0.603638
1828 -0.610107
1829 -0.605835
1830 -0.617554
1831 -0.619995
1832 -0.641724
1833 -0.653076
1834 -0.654541
1835 -0.659790
1836 -0.645508
1837 -0.640137
1838 -0.627441
1839 -0.612183
1840 -0.606689
1841 -0.588745
1842 -0.582031
1843 -0.591919
1844 -0.591187
1845 -0.590454
1846 -0.598511
1847 -0.613525
1848 -0.630249
1849 -0.620239
1850 -0.648804
1851 -0.638794
1852 -0.646729
1853 -0.649536
1854 -0.642334
1855 -0.627075
1856 -0.624512
1857 -0.627319
1858 -0.633057
1859 -0.632202
1860 -0.643555
1861 -0.636353
1862 -0.611450
1863 -0.584106
1864 -0.593018
1865 -0.615601
1866 -0.608643
1867 -0.586060
1868 -0.590698
1869 -0.596436
1870 -0.608887
1871 -0.609009
1872 -0.621216
1873 -0.623901
1874 -0.613159
1875 -0.621216
1876 -0.625488
1877 -0.629517
1878 -0.640381
1879 -0.653564
1880 -0.654785
1881 -0.663452
1882 -0.664307
1883 -0.667114
1884 -0.650879
1885 -0.650757
1886 -0.663940
1887 -0.672119
1888 -0.671631
1889 -0.683594
1890 -0.657715
1891 -0.665283
1892 -0.657715
1893 -0.653931
1894 -0.656494
1895 -0.661011
1896 -0.646484
1897 -0.653809
1898 -0.651367
1899 -0.638794
1900 -0.634644
1901 -0.639160
1902 -0.636841
1903 -0.625854
1904 -0.635376
1905 -0.645752
1906 -0.632202
1907 -0.616943
1908 -0.628662
1909 -0.619385
1910 -0.645508
1911 -0.662476
1912 -0.640991
1913 -0.634155
1914 -0.619751
1915 -0.631592
1916 -0.629028
1917 -0.631104
1918 -0.635376
1919 -0.645142
1920 -0.643555
1921 -0.673828
1922 -0.680176
1923 -0.682495
1924 -0.677979
1925 -0.672119
1926 -0.669800
1927 -0.678345
1928 -0.682617
1929 -0.676270
1930 -0.670532
1931 -0.647949
1932 -0.633911
1933 -0.640137
1934 -0.649902
1935 -0.634644
1936 -0.641357
1937 -0.637451
1938 -0.659546
1939 -0.664429
1940 -0.656738
1941 -0.639160
1942 -0.655396
1943 -0.658203
1944 -0.636353
1945 -0.648682
1946 -0.644531
1947 -0.640625
1948 -0.619751
1949 -0.605469
1950 -0.607544
1951 -0.611572
1952 -0.606812
1953 -0.605469
1954 -0.605835
1955 -0.598755
1956 -0.601074
1957 -0.594116
1958 -0.603149
1959 -0.618774
1960 -0.614380
1961 -0.635254
1962 -0.657104
1963 -0.664673
1964 -0.666016
1965 -0.675415
1966 -0.670898
1967 -0.687988
1968 -0.695557
1969 -0.689331
1970 -0.690186
1971 -0.705322
1972 -0.688232
1973 -0.684204
1974 -0.684937
1975 -0.677002
1976 -0.666870
1977 -0.671143
1978 -0.652832
1979 -0.647705
1980 -0.643311
1981 -0.650635
1982 -0.659546
1983 -0.676270
1984 -0.675293
1985 -0.671143
1986 -0.662354
1987 -0.682251
1988 -0.673096
1989 -0.666382
1990 -0.675415
1991 -0.682617
1992 -0.693970
1993 -0.703613
1994 -0.710327
1995 -0.698608
1996 -0.690186
1997 -0.695068
1998 -0.702148
1999 -0.712769
2000 -0.703247
2001 -0.691162
2002 -0.700317
2003 -0.697510
2004 -0.707520
2005 -0.718140
2006 -0.717651
2007 -0.727417
2008 -0.730835
2009 -0.743164
2010 -0.732178
2011 -0.715576
2012 -0.713379
2013 -0.715088
2014 -0.712891
2015 -0.693237
2016 -0.705322
2017 -0.705444
2018 -0.735229
2019 -0.742188
2020 -0.755127
2021 -0.741333
2022 -0.751343
2023 -0.743774
2024 -0.740967
2025 -0.734497
2026 -0.738647
2027 -0.736938
2028 -0.729980
2029 -0.713013
2030 -0.725464
2031 -0.727905
2032 -0.712402
2033 -0.717041
2034 -0.705933
2035 -0.692261
2036 -0.710449
2037 -0.712646
2038 -0.720581
2039 -0.704712
2040 -0.707031
2041 -0.689331
2042 -0.677734
2043 -0.688477
2044 -0.686157
2045 -0.692139
2046 -0.692383
2047 -0.688721
2048 -0.682251
2049 -0.693848
2050 -0.697998
2051 -0.676758
2052 -0.682007
2053 -0.711792
2054 -0.695923
2055 -0.674316
2056 -0.677246
2057 -0.680420
2058 -0.670044
2059 -0.669067
2060 -0.699341
2061 -0.698608
2062 -0.701294
2063 -0.712524
2064 -0.703491
2065 -0.686890
2066 -0.679688
2067 -0.671509
2068 -0.675049
2069 -0.674927
2070 -0.668579
2071 -0.683472
2072 -0.687500
2073 -0.681274
2074 -0.673218
2075 -0.663452
2076 -0.678833
2077 -0.690552
2078 -0.697388
2079 -0.706665
2080 -0.684326
2081 -0.680908
2082 -0.679932
2083 -0.698853
2084 -0.683105
2085 -0.683350
2086 -0.695313
2087 -0.698975
2088 -0.692749
2089 -0.658325
2090 -0.656738
2091 -0.657593
2092 -0.632324
2093 -0.612305
2094 -0.623779
2095 -0.644897
2096 -0.646484
2097 -0.640991
2098 -0.648560
2099 -0.640137
2100 -0.636963
2101 -0.632813
2102 -0.625366
2103 -0.657837
2104 -0.656372
2105 -0.647949
2106 -0.643555
2107 -0.619751
2108 -0.624390
2109 -0.630127
2110 -0.635010
2111 -0.652588
2112 -0.661865
2113 -0.682373
2114 -0.685791
2115 -0.683594
2116 -0.681519
2117 -0.698853
2118 -0.697632
2119 -0.718140
2120 -0.706421
2121 -0.721924
2122 -0.720337
2123 -0.712036
2124 -0.707275
2125 -0.715332
2126 -0.715820
2127 -0.725952
2128 -0.719604
2129 -0.724854
2130 -0.724243
2131 -0.734985
2132 -0.752441
2133 -0.746826
2134 -0.750977
2135 -0.740723
2136 -0.755005
2137 -0.747559
2138 -0.717163
2139 -0.727661
2140 -0.737671
2141 -0.747925
2142 -0.753174
2143 -0.739990
2144 -0.748535
2145 -0.750000
2146 -0.754395
2147 -0.752930
2148 -0.748413
2149 -0.757690
2150 -0.758057
2151 -0.735229
2152 -0.722900
2153 -0.721436
2154 -0.729248
2155 -0.740967
2156 -0.752197
2157 -0.740234
2158 -0.730225
2159 -0.736938
2160 -0.731201
2161 -0.724731
2162 -0.717041
2163 -0.708008
2164 -0.700928
2165 -0.717285
2166 -0.718140
2167 -0.720703
2168 -0.711060
2169 -0.716919
2170 -0.724487
2171 -0.706299
2172 -0.704224
2173 -0.696899
2174 -0.720825
2175 -0.709839
2176 -0.711060
2177 -0.720703
2178 -0.714600
2179 -0.721069
2180 -0.726074
2181 -0.723267
2182 -0.724854
2183 -0.716553
2184 -0.722778
2185 -0.705933
2186 -0.701538
2187 -0.711182
2188 -0.709839
2189 -0.704590
2190 -0.707275
2191 -0.692017
2192 -0.693481
2193 -0.685913
2194 -0.689575
2195 -0.687622
2196 -0.687622
2197 -0.674561
2198 -0.670532
2199 -0.658325
2200 -0.671997
2201 -0.675049
2202 -0.686279
2203 -0.710083
2204 -0.720947
2205 -0.708984
2206 -0.689209
2207 -0.702759
2208 -0.683838
2209 -0.689941
2210 -0.704346
2211 -0.707031
2212 -0.701538
2213 -0.709351
2214 -0.713135
2215 -0.727661
2216 -0.720459
2217 -0.712402
2218 -0.713257
2219 -0.721924
2220 -0.722778
2221 -0.739136
2222 -0.728271
2223 -0.734131
2224 -0.746338
2225 -0.751221
2226 -0.744995
2227 -0.735596
2228 -0.731567
2229 -0.731445
2230 -0.719116
2231 -0.706299
2232 -0.704712
2233 -0.734131
2234 -0.729614
2235 -0.728271
2236 -0.735840
2237 -0.733398
2238 -0.733398
2239 -0.732910
2240 -0.735840
2241 -0.738037
2242 -0.730957
2243 -0.736572
2244 -0.715698
2245 -0.713501
2246 -0.703003
2247 -0.693481
2248 -0.682251
2249 -0.677368
2250 -0.714600
2251 -0.708618
2252 -0.698120
2253 -0.718140
2254 -0.725464
2255 -0.726563
2256 -0.728638
2257 -0.729980
2258 -0.735352
2259 -0.721558
2260 -0.697998
2261 -0.701782
2262 -0.691284
2263 -0.684570
2264 -0.678101
2265 -0.683472
2266 -0.673340
2267 -0.657349
2268 -0.675781
2269 -0.676270
2270 -0.694214
2271 -0.686890
2272 -0.678345
2273 -0.676758
2274 -0.703247
2275 -0.699829
2276 -0.696289
2277 -0.692749
2278 -0.701416
2279 -0.693726
2280 -0.687500
2281 -0.684814
2282 -0.682617
2283 -0.663818
2284 -0.653931
2285 -0.678711
2286 -0.667114
2287 -0.668945
2288 -0.675537
2289 -0.690552
2290 -0.701660
2291 -0.709351
2292 -0.711426
2293 -0.702026
2294 -0.691162
2295 -0.687744
2296 -0.698975
2297 -0.666748
2298 -0.676758
2299 -0.709961
2300 -0.710449
2301 -0.703979
2302 -0.715576
2303 -0.702515
2304 -0.695190
2305 -0.707520
2306 -0.703613
2307 -0.701538
2308 -0.687622
2309 -0.679932
2310 -0.672119
2311 -0.656738
2312 -0.652954
2313 -0.643066
2314 -0.633667
2315 -0.644165
2316 -0.662231
2317 -0.656250
2318 -0.640991
2319 -0.638794
2320 -0.645142
2321 -0.648560
2322 -0.637939
2323 -0.633667
2324 -0.633179
2325 -0.647095
2326 -0.671875
2327 -0.677856
2328 -0.659058
2329 -0.654663
2330 -0.658936
2331 -0.653198
2332 -0.647949
2333 -0.632080
2334 -0.623779
2335 -0.628296
2336 -0.628052
2337 -0.630127
2338 -0.635010
2339 -0.652954
2340 -0.659668
2341 -0.644897
2342 -0.651489
2343 -0.661743
2344 -0.649414
2345 -0.655396
2346 -0.669800
2347 -0.659790
2348 -0.661133
2349 -0.668823
2350 -0.694580
2351 -0.687500
2352 -0.676880
2353 -0.676880
2354 -0.669434
2355 -0.672607
2356 -0.673218
2357 -0.670898
2358 -0.652222
2359 -0.636230
2360 -0.624268
2361 -0.648193
2362 -0.643921
2363 -0.635132
2364 -0.645752
2365 -0.641113
2366 -0.642944
2367 -0.629272
2368 -0.622437
2369 -0.646851
2370 -0.639404
2371 -0.658813
2372 -0.651245
2373 -0.648682
2374 -0.663452
2375 -0.651978
2376 -0.652832
2377 -0.659180
2378 -0.663208
2379 -0.667725
2380 -0.667603
2381 -0.666748
2382 -0.675171
2383 -0.664307
2384 -0.661499
2385 -0.661255
2386 -0.655640
2387 -0.654053
2388 -0.666626
2389 -0.678589
2390 -0.678955
2391 -0.664795
2392 -0.687256
2393 -0.699463
2394 -0.690552
2395 -0.689209
2396 -0.678833
2397 -0.681396
2398 -0.692261
2399 -0.687012
2400 -0.689575
2401 -0.677612
2402 -0.689087
2403 -0.680786
2404 -0.678223
2405 -0.673340
2406 -0.661377
2407 -0.676392
2408 -0.666748
2409 -0.671021
2410 -0.688232
2411 -0.702271
2412 -0.706055
2413 -0.734009
2414 -0.746460
2415 -0.727173
2416 -0.717163
2417 -0.712769
2418 -0.734863
2419 -0.724487
2420 -0.723389
2421 -0.724976
2422 -0.710205
2423 -0.698730
2424 -0.713623
2425 -0.724121
2426 -0.722290
2427 -0.721069
2428 -0.701660
2429 -0.703979
2430 -0.711426
2431 -0.698730
2432 -0.712891
2433 -0.705322
2434 -0.713867
2435 -0.707153
2436 -0.715088
2437 -0.731323
2438 -0.726685
2439 -0.728516
2440 -0.709595
2441 -0.701416
2442 -0.707886
2443 -0.694824
2444 -0.690063
2445 -0.696289
2446 -0.711914
2447 -0.712036
2448 -0.716309
2449 -0.719604
2450 -0.702026
2451 -0.698242
2452 -0.706543
2453 -0.700684
2454 -0.697754
2455 -0.700195
2456 -0.706299
2457 -0.695068
2458 -0.704590
2459 -0.697266
2460 -0.683960
2461 -0.684204
2462 -0.706299
2463 -0.709961
2464 -0.701294
2465 -0.687500
2466 -0.689575
2467 -0.676270
2468 -0.680298
2469 -0.680786
2470 -0.664795
2471 -0.667358
2472 -0.683838
2473 -0.705200
2474 -0.715088
2475 -0.733521
2476 -0.726807
2477 -0.730591
2478 -0.732910
2479 -0.715088
2480 -0.715210
2481 -0.724365
2482 -0.707520
2483 -0.710815
2484 -0.717163
2485 -0.718506
2486 -0.702026
2487 -0.701538
2488 -0.700195
2489 -0.712769
2490 -0.728394
2491 -0.729980
2492 -0.733887
2493 -0.727783
2494 -0.734619
2495 -0.755615
2496 -0.744385
2497 -0.736084
2498 -0.745605
2499 -0.752319
2500 -0.751465
2501 -0.758057
2502 -0.732178
2503 -0.749146
2504 -0.744751
2505 -0.759521
2506 -0.756226
2507 -0.751587
2508 -0.751465
2509 -0.739136
2510 -0.728149
2511 -0.744019
2512 -0.754517
2513 -0.765015
2514 -0.758667
2515 -0.740234
2516 -0.720459
2517 -0.718994
2518 -0.716187
2519 -0.730225
2520 -0.732666
2521 -0.722778
2522 -0.711426
2523 -0.721313
2524 -0.726318
2525 -0.714233
2526 -0.705444
2527 -0.700806
2528 -0.677368
2529 -0.694336
2530 -0.696899
2531 -0.696533
2532 -0.688843
2533 -0.691650
2534 -0.691528
2535 -0.696289
2536 -0.678467
2537 -0.666016
2538 -0.675659
2539 -0.689209
2540 -0.680664
2541 -0.692871
2542 -0.692871
2543 -0.698853
2544 -0.705566
2545 -0.700073
2546 -0.689819
2547 -0.705200
2548 -0.702759
2549 -0.718018
2550 -0.719238
2551 -0.722290
2552 -0.723999
2553 -0.726074
2554 -0.715698
2555 -0.694702
2556 -0.701416
2557 -0.709717
2558 -0.700806
2559 -0.704346
2560 -0.695923
2561 -0.703857
2562 -0.701050
2563 -0.701172
2564 -0.716309
2565 -0.741089
2566 -0.737915
2567 -0.724854
2568 -0.723267
2569 -0.741943
2570 -0.748779
2571 -0.753784
2572 -0.756348
2573 -0.760254
2574 -0.747803
2575 -0.749390
2576 -0.756104
2577 -0.742310
2578 -0.731934
2579 -0.731445
2580 -0.728271
2581 -0.738281
2582 -0.739014
2583 -0.722290
2584 -0.711792
2585 -0.692993
2586 -0.697021
2587 -0.721436
2588 -0.719971
2589 -0.706543
2590 -0.689087
2591 -0.677124
2592 -0.669434
2593 -0.677612
2594 -0.671387
2595 -0.671509
2596 -0.673950
2597 -0.668945
2598 -0.691040
2599 -0.688232
2600 -0.688843
2601 -0.686646
2602 -0.700439
2603 -0.712158
2604 -0.747192
2605 -0.740479
2606 -0.734985
2607 -0.745239
2608 -0.725464
2609 -0.710571
2610 -0.705200
2611 -0.712036
2612 -0.703369
2613 -0.697388
2614 -0.713867
2615 -0.724976
2616 -0.713501
2617 -0.685425
2618 -0.677979
2619 -0.683594
2620 -0.698853
2621 -0.688232
2622 -0.677246
2623 -0.677490
2624 -0.692871
2625 -0.698486
2626 -0.701172
2627 -0.676392
2628 -0.694824
2629 -0.709961
2630 -0.711914
2631 -0.711426
2632 -0.729614
2633 -0.722900
2634 -0.717773
2635 -0.716064
2636 -0.720703
2637 -0.730957
2638 -0.739868
2639 -0.748779
2640 -0.746826
2641 -0.736450
2642 -0.719360
2643 -0.713623
2644 -0.725952
2645 -0.730713
2646 -0.725830
2647 -0.739258
2648 -0.730469
2649 -0.731934
2650 -0.742920
2651 -0.740967
2652 -0.728760
2653 -0.707275
2654 -0.707275
2655 -0.708740
2656 -0.732788
2657 -0.709961
2658 -0.711792
2659 -0.716797
2660 -0.730469
2661 -0.721191
2662 -0.712036
2663 -0.727173
2664 -0.734985
2665 -0.722046
2666 -0.740112
2667 -0.746460
2668 -0.736816
2669 -0.734863
2670 -0.729858
2671 -0.736328
2672 -0.716064
2673 -0.715332
2674 -0.725952
2675 -0.723633
2676 -0.718872
2677 -0.718140
2678 -0.719238
2679 -0.724487
2680 -0.746826
2681 -0.731567
2682 -0.711548
2683 -0.715576
2684 -0.704346
2685 -0.710083
2686 -0.718750
2687 -0.725952
2688 -0.708984
2689 -0.719849
2690 -0.719482
2691 -0.733765
2692 -0.738525
2693 -0.750854
2694 -0.744873
2695 -0.744385
2696 -0.746704
2697 -0.732056
2698 -0.716797
2699 -0.728271
2700 -0.729248
2701 -0.731445
2702 -0.721313
2703 -0.729004
2704 -0.707031
2705 -0.710205
2706 -0.710083
2707 -0.703979
2708 -0.716309
2709 -0.737915
2710 -0.717041
2711 -0.715942
2712 -0.717407
2713 -0.698608
2714 -0.694214
2715 -0.708374
2716 -0.721313
2717 -0.732788
2718 -0.731201
2719 -0.727539
2720 -0.747070
2721 -0.729004
2722 -0.752563
2723 -0.745605
2724 -0.755737
2725 -0.744019
2726 -0.736694
2727 -0.751709
2728 -0.750732
2729 -0.736206
2730 -0.742554
2731 -0.741211
2732 -0.727417
2733 -0.728149
2734 -0.749268
2735 -0.743652
2736 -0.728882
2737 -0.726318
2738 -0.725464
2739 -0.735474
2740 -0.741943
2741 -0.754028
2742 -0.744751
2743 -0.750488
2744 -0.751831
2745 -0.741455
2746 -0.739136
2747 -0.736694
2748 -0.728760
2749 -0.716919
2750 -0.707397
2751 -0.704224
2752 -0.728271
2753 -0.712524
2754 -0.702148
2755 -0.692139
2756 -0.699829
2757 -0.710815
2758 -0.709351
2759 -0.713745
2760 -0.701538
2761 -0.704102
2762 -0.694214
2763 -0.689453
2764 -0.700684
2765 -0.701538
2766 -0.707275
2767 -0.684570
2768 -0.674072
2769 -0.703369
2770 -0.699707
2771 -0.705444
2772 -0.713135
2773 -0.715942
2774 -0.708862
2775 -0.733643
2776 -0.731812
2777 -0.730713
2778 -0.747070
2779 -0.727051
2780 -0.728394
2781 -0.738159
2782 -0.748657
2783 -0.750732
2784 -0.747559
2785 -0.755371
2786 -0.758423
2787 -0.745972
2788 -0.743286
2789 -0.742920
2790 -0.744629
2791 -0.742310
2792 -0.740112
2793 -0.729736
2794 -0.718750
2795 -0.720093
2796 -0.720459
2797 -0.717041
2798 -0.719604
2799 -0.723877
2800 -0.752319
2801 -0.723755
2802 -0.732178
2803 -0.738159
2804 -0.742798
2805 -0.757324
2806 -0.753662
2807 -0.750977
2808 -0.747803
2809 -0.742432
2810 -0.758301
2811 -0.749023
2812 -0.742920
2813 -0.748901
2814 -0.752686
2815 -0.744141
2816 -0.733398
2817 -0.734131
2818 -0.738647
2819 -0.741699
2820 -0.746948
2821 -0.733521
2822 -0.734497
2823 -0.744629
2824 -0.748291
2825 -0.756226
2826 -0.775513
2827 -0.757568
2828 -0.773438
2829 -0.772339
2830 -0.755493
2831 -0.744873
2832 -0.730347
2833 -0.726318
2834 -0.745239
2835 -0.748169
2836 -0.749756
2837 -0.753296
2838 -0.750488
2839 -0.743042
2840 -0.736938
2841 -0.741211
2842 -0.753418
2843 -0.744873
2844 -0.750610
2845 -0.726563
2846 -0.730469
2847 -0.724976
2848 -0.737915
2849 -0.746094
2850 -0.755249
2851 -0.765259
2852 -0.757813
2853 -0.755737
2854 -0.758789
2855 -0.737915
2856 -0.735107
2857 -0.724854
2858 -0.732056
2859 -0.724487
2860 -0.728394
2861 -0.735352
2862 -0.736206
2863 -0.743774
2864 -0.746582
2865 -0.760010
2866 -0.764648
2867 -0.767212
2868 -0.772705
2869 -0.752808
2870 -0.756592
2871 -0.759155
2872 -0.741455
2873 -0.731812
2874 -0.729248
2875 -0.735474
2876 -0.719116
2877 -0.710693
2878 -0.710815
2879 -0.731201
2880 -0.734619
2881 -0.742920
2882 -0.733521
2883 -0.722656
2884 -0.718872
2885 -0.704590
2886 -0.720581
2887 -0.733398
2888 -0.733032
2889 -0.718018
2890 -0.708740
2891 -0.701538
2892 -0.702393
2893 -0.708252
2894 -0.688843
2895 -0.704346
2896 -0.695923
2897 -0.711426
2898 -0.699829
2899 -0.698486
2900 -0.708618
2901 -0.693848
2902 -0.685181
2903 -0.674683
2904 -0.664307
2905 -0.661499
2906 -0.670532
2907 -0.673584
2908 -0.693359
2909 -0.700195
2910 -0.685669
2911 -0.698242
2912 -0.697266
2913 -0.694702
2914 -0.700928
2915 -0.705688
2916 -0.708008
2917 -0.716187
2918 -0.713989
2919 -0.720825
2920 -0.703491
2921 -0.716919
2922 -0.708862
2923 -0.711914
2924 -0.714111
2925 -0.721558
2926 -0.742920
2927 -0.742188
2928 -0.737183
2929 -0.730957
2930 -0.753296
2931 -0.739502
2932 -0.752686
2933 -0.764282
2934 -0.747070
2935 -0.763916
2936 -0.766357
2937 -0.741821
2938 -0.723511
2939 -0.728760
2940 -0.711426
2941 -0.718262
2942 -0.698975
2943 -0.693359
2944 -0.696777
2945 -0.684692
2946 -0.687012
2947 -0.679199
2948 -0.691895
2949 -0.682495
2950 -0.692261
2951 -0.700684
2952 -0.697754
2953 -0.697266
2954 -0.704956
2955 -0.710449
2956 -0.725830
2957 -0.703491
2958 -0.678955
2959 -0.674805
2960 -0.687744
2961 -0.694946
2962 -0.696777
2963 -0.705322
2964 -0.721191
2965 -0.727905
2966 -0.737549
2967 -0.740845
2968 -0.755615
2969 -0.757568
2970 -0.745239
2971 -0.753052
2972 -0.755005
2973 -0.739258
2974 -0.729736
2975 -0.747559
2976 -0.727417
2977 -0.721802
2978 -0.724609
2979 -0.718628
2980 -0.714600
2981 -0.719238
2982 -0.722046
2983 -0.722412
2984 -0.726074
2985 -0.721924
2986 -0.717041
2987 -0.726563
2988 -0.731445
2989 -0.716064
2990 -0.703613
2991 -0.691406
2992 -0.680664
2993 -0.692261
2994 -0.695679
2995 -0.701172
2996 -0.687256
2997 -0.689819
2998 -0.688232
2999 -0.713623
3000 -0.713745
3001 -0.713745
3002 -0.707642
3003 -0.712280
3004 -0.717529
3005 -0.717896
3006 -0.708252
3007 -0.715576
3008 -0.728149
3009 -0.732300
3010 -0.757935
3011 -0.747559
3012 -0.739014
3013 -0.743530
3014 -0.733765
3015 -0.721802
3016 -0.708740
3017 -0.706055
3018 -0.688965
3019 -0.693726
3020 -0.704590
3021 -0.686035
3022 -0.691650
3023 -0.674927
3024 -0.679321
3025 -0.672241
3026 -0.678101
3027 -0.694824
3028 -0.682129
3029 -0.676758
3030 -0.692749
3031 -0.698364
3032 -0.715820
3033 -0.697754
3034 -0.716064
3035 -0.720947
3036 -0.711182
3037 -0.726929
3038 -0.712036
3039 -0.719360
3040 -0.713989
3041 -0.720703
3042 -0.718994
3043 -0.729736
3044 -0.727051
3045 -0.721436
3046 -0.713989
3047 -0.708374
3048 -0.714722
3049 -0.699341
3050 -0.693115
3051 -0.708374
3052 -0.698975
3053 -0.677002
3054 -0.669922
3055 -0.680542
3056 -0.695190
3057 -0.694824
3058 -0.715332
3059 -0.723389
3060 -0.727661
3061 -0.722290
3062 -0.715698
3063 -0.721069
3064 -0.722046
3065 -0.708618
3066 -0.712158
3067 -0.701294
3068 -0.700073
3069 -0.713989
3070 -0.702881
3071 -0.713135
3072 -0.708740
3073 -0.705322
3074 -0.712524
3075 -0.711548
3076 -0.703613
3077 -0.713623
3078 -0.703613
3079 -0.724487
3080 -0.714355
3081 -0.718506
3082 -0.733276
3083 -0.717651
3084 -0.724976
3085 -0.736938
3086 -0.733032
3087 -0.745850
3088 -0.754639
3089 -0.769897
3090 -0.769897
3091 -0.760498
3092 -0.737793
3093 -0.743408
3094 -0.737427
3095 -0.736572
3096 -0.744995
3097 -0.724976
3098 -0.724121
3099 -0.727661
3100 -0.718628
3101 -0.736694
3102 -0.729736
3103 -0.728394
3104 -0.731079
3105 -0.731689
3106 -0.718018
3107 -0.723755
3108 -0.720825
3109 -0.714478
3110 -0.727783
3111 -0.710693
3112 -0.704834
3113 -0.693726
3114 -0.713989
3115 -0.704712
3116 -0.706177
3117 -0.717651
3118 -0.700562
3119 -0.715820
3120 -0.697388
3121 -0.712524
3122 -0.709229
3123 -0.709595
3124 -0.708374
3125 -0.699585
3126 -0.710205
3127 -0.723389
3128 -0.736938
3129 -0.737427
3130 -0.718262
3131 -0.736938
3132 -0.726440
3133 -0.723755
3134 -0.721558
3135 -0.703247
3136 -0.694336
3137 -0.693726
3138 -0.691284
3139 -0.656494
3140 -0.671387
3141 -0.663940
3142 -0.669678
3143 -0.676880
3144 -0.674927
3145 -0.661133
3146 -0.664795
3147 -0.642700
3148 -0.637695
3149 -0.631348
3150 -0.633301
3151 -0.634155
3152 -0.666382
3153 -0.691040
3154 -0.699707
3155 -0.703247
3156 -0.707642
3157 -0.703247
3158 -0.687622
3159 -0.689819
3160 -0.713379
3161 -0.708252
3162 -0.713013
3163 -0.721802
3164 -0.716797
3165 -0.717896
3166 -0.730835
3167 -0.730957
3168 -0.723999
3169 -0.739014
3170 -0.742432
3171 -0.753784
3172 -0.742798
3173 -0.740845
3174 -0.746094
3175 -0.753052
3176 -0.739624
3177 -0.730713
3178 -0.724976
3179 -0.718750
3180 -0.717407
3181 -0.714233
3182 -0.714966
3183 -0.721069
3184 -0.725220
3185 -0.711914
3186 -0.726440
3187 -0.714111
3188 -0.702148
3189 -0.701294
3190 -0.696045
3191 -0.699585
3192 -0.697998
3193 -0.692261
3194 -0.696045
3195 -0.708618
3196 -0.737427
3197 -0.732666
3198 -0.718262
3199 -0.721191
3200 -0.717041
3201 -0.721313
3202 -0.708252
3203 -0.722168
3204 -0.730103
3205 -0.720459
3206 -0.709229
3207 -0.715210
3208 -0.717163
3209 -0.732422
3210 -0.709229
3211 -0.697144
3212 -0.697754
3213 -0.699707
3214 -0.718140
3215 -0.714111
3216 -0.703003
3217 -0.730957
3218 -0.736694
3219 -0.744995
3220 -0.755371
3221 -0.753662
3222 -0.748413
3223 -0.736328
3224 -0.734497
3225 -0.730957
3226 -0.717041
3227 -0.728638
3228 -0.720215
3229 -0.697144
3230 -0.722290
3231 -0.713257
3232 -0.725342
3233 -0.718994
3234 -0.719116
3235 -0.710327
3236 -0.731689
3237 -0.744629
3238 -0.738403
3239 -0.729004
3240 -0.731689
3241 -0.752930
3242 -0.756226
3243 -0.744629
3244 -0.735352
3245 -0.736328
3246 -0.737061
3247 -0.727661
3248 -0.726563
3249 -0.725220
3250 -0.722778
3251 -0.723877
3252 -0.710815
3253 -0.721436
3254 -0.725830
3255 -0.719727
3256 -0.720459
3257 -0.746460
3258 -0.738281
3259 -0.730225
3260 -0.714233
3261 -0.718262
3262 -0.718994
3263 -0.707031
3264 -0.731201
3265 -0.735962
3266 -0.735596
3267 -0.720093
3268 -0.721680
3269 -0.704346
3270 -0.704712
3271 -0.692993
3272 -0.691406
3273 -0.692139
3274 -0.701294
3275 -0.709717
3276 -0.723877
3277 -0.725586
3278 -0.708130
3279 -0.709473
3280 -0.699951
3281 -0.699341
3282 -0.701050
3283 -0.707764
3284 -0.713745
3285 -0.743774
3286 -0.722412
3287 -0.715332
3288 -0.716064
3289 -0.728394
3290 -0.734863
3291 -0.734497
3292 -0.727173
3293 -0.723755
3294 -0.718506
3295 -0.712524
3296 -0.730347
3297 -0.721802
3298 -0.732056
3299 -0.728394
3300 -0.719971
3301 -0.725952
3302 -0.727295
3303 -0.727173
3304 -0.716675
3305 -0.726563
3306 -0.744141
3307 -0.741211
3308 -0.739014
3309 -0.709229
3310 -0.703247
3311 -0.710327
3312 -0.726318
3313 -0.754150
3314 -0.741699
3315 -0.724487
3316 -0.727051
3317 -0.727417
3318 -0.716919
3319 -0.717529
3320 -0.721680
3321 -0.729492
3322 -0.743896
3323 -0.761230
3324 -0.746582
3325 -0.768677
3326 -0.775146
3327 -0.764893
3328 -0.760254
3329 -0.772949
3330 -0.773193
3331 -0.779785
3332 -0.783081
3333 -0.786499
3334 -0.783203
3335 -0.774048
3336 -0.757813
3337 -0.763916
3338 -0.751587
3339 -0.741211
3340 -0.746094
3341 -0.737183
3342 -0.744507
3343 -0.744751
3344 -0.736084
3345 -0.738159
3346 -0.749146
3347 -0.752197
3348 -0.742432
3349 -0.738281
3350 -0.743774
3351 -0.749634
3352 -0.754150
3353 -0.754395
3354 -0.753784
3355 -0.743530
3356 -0.728027
3357 -0.731445
3358 -0.718628
3359 -0.723022
3360 -0.722412
3361 -0.726318
3362 -0.711426
3363 -0.686279
3364 -0.685303
3365 -0.671753
3366 -0.659546
3367 -0.662109
3368 -0.677979
3369 -0.694336
3370 -0.688843
3371 -0.671387
3372 -0.666504
3373 -0.666260
3374 -0.651611
3375 -0.666260
3376 -0.666748
3377 -0.671387
3378 -0.678589
3379 -0.687500
3380 -0.677979
3381 -0.692505
3382 -0.684692
3383 -0.682861
3384 -0.697632
3385 -0.690552
3386 -0.712158
3387 -0.692139
3388 -0.677002
3389 -0.680542
3390 -0.690796
3391 -0.699097
3392 -0.682495
3393 -0.677124
3394 -0.674561
3395 -0.685669
3396 -0.687134
3397 -0.698364
3398 -0.711182
3399 -0.718262
3400 -0.734253
3401 -0.725586
3402 -0.720459
3403 -0.712280
3404 -0.722778
3405 -0.730225
3406 -0.739990
3407 -0.732422
3408 -0.714966
3409 -0.723755
3410 -0.724731
3411 -0.720825
3412 -0.705322
3413 -0.705444
3414 -0.698486
3415 -0.693481
3416 -0.695557
3417 -0.701538
3418 -0.697632
3419 -0.709717
3420 -0.698730
3421 -0.726196
3422 -0.721313
3423 -0.718018
3424 -0.709473
3425 -0.699707
3426 -0.698242
3427 -0.697876
3428 -0.718018
3429 -0.720703
3430 -0.729492
3431 -0.735840
3432 -0.703857
3433 -0.731323
3434 -0.738892
3435 -0.738037
3436 -0.744507
3437 -0.752563
3438 -0.737061
3439 -0.716064
3440 -0.721069
3441 -0.737305
3442 -0.726074
3443 -0.718994
3444 -0.700806
3445 -0.703491
3446 -0.702759
3447 -0.716064
3448 -0.721313
3449 -0.722534
3450 -0.719604
3451 -0.717651
3452 -0.722778
3453 -0.720947
3454 -0.718750
3455 -0.709717
3456 -0.700195
3457 -0.717407
3458 -0.722168
3459 -0.722656
3460 -0.703491
3461 -0.704224
3462 -0.708374
3463 -0.703247
3464 -0.722290
3465 -0.736938
3466 -0.744385
3467 -0.729126
3468 -0.727905
3469 -0.725952
3470 -0.724243
3471 -0.737305
3472 -0.743896
3473 -0.738647
3474 -0.733765
3475 -0.712524
3476 -0.711914
3477 -0.707397
3478 -0.711670
3479 -0.715942
3480 -0.715088
3481 -0.720337
3482 -0.719360
3483 -0.731934
3484 -0.749878
3485 -0.749390
3486 -0.740601
3487 -0.739868
3488 -0.749023
3489 -0.736694
3490 -0.730591
3491 -0.720581
3492 -0.728394
3493 -0.743286
3494 -0.738770
3495 -0.752197
3496 -0.746216
3497 -0.745728
3498 -0.757690
3499 -0.744995
3500 -0.734497
3501 -0.735596
3502 -0.738525
3503 -0.754272
3504 -0.744385
3505 -0.740112
3506 -0.744385
3507 -0.738525
3508 -0.746460
3509 -0.743286
3510 -0.746582
3511 -0.737183
3512 -0.739624
3513 -0.745728
3514 -0.759399
3515 -0.762329
3516 -0.751343
3517 -0.764038
3518 -0.752197
3519 -0.735962
3520 -0.734863
3521 -0.732910
3522 -0.751587
3523 -0.761353
3524 -0.747559
3525 -0.719360
3526 -0.725952
3527 -0.727173
3528 -0.726318
3529 -0.702759
3530 -0.705688
3531 -0.679810
3532 -0.689941
3533 -0.687500
3534 -0.701660
3535 -0.700439
3536 -0.691284
3537 -0.684814
3538 -0.675415
3539 -0.666626
3540 -0.671997
3541 -0.658203
3542 -0.646118
3543 -0.653320
3544 -0.662720
3545 -0.666504
3546 -0.677856
3547 -0.663208
3548 -0.652100
3549 -0.657837
3550 -0.659912
3551 -0.676147
3552 -0.650879
3553 -0.652954
3554 -0.661987
3555 -0.669678
3556 -0.675903
3557 -0.680054
3558 -0.674072
3559 -0.679077
3560 -0.701904
3561 -0.695801
3562 -0.687012
3563 -0.693359
3564 -0.670166
3565 -0.685425
3566 -0.691772
3567 -0.688721
3568 -0.711792
3569 -0.682983
3570 -0.671021
3571 -0.679077
3572 -0.673096
3573 -0.664429
3574 -0.665405
3575 -0.694092
3576 -0.690918
3577 -0.687988
3578 -0.699585
3579 -0.687134
3580 -0.674438
3581 -0.684204
3582 -0.679932
3583 -0.659790
3584 -0.655273
3585 -0.642944
3586 -0.652466
3587 -0.666870
3588 -0.677490
3589 -0.698242
3590 -0.716919
3591 -0.690674
3592 -0.696167
3593 -0.685425
3594 -0.697021
3595 -0.696899
3596 -0.709961
3597 -0.707642
3598 -0.686646
3599 -0.708130
3600 -0.704834
3601 -0.676392
3602 -0.678345
3603 -0.661865
3604 -0.641846
3605 -0.627319
3606 -0.633911
3607 -0.647827
3608 -0.655029
3609 -0.658447
3610 -0.664795
3611 -0.674438
3612 -0.690674
3613 -0.693970
3614 -0.717041
3615 -0.710205
3616 -0.729980
3617 -0.712769
3618 -0.720459
3619 -0.712891
3620 -0.723267
3621 -0.720825
3622 -0.711670
3623 -0.711548
3624 -0.701538
3625 -0.722290
3626 -0.717407
3627 -0.715454
3628 -0.718140
3629 -0.721069
3630 -0.734253
3631 -0.721680
3632 -0.721802
3633 -0.719971
3634 -0.702026
3635 -0.710205
3636 -0.713257
3637 -0.724609
3638 -0.708862
3639 -0.718018
3640 -0.714966
3641 -0.701782
3642 -0.702515
3643 -0.715576
3644 -0.707764
3645 -0.698608
3646 -0.702637
3647 -0.717773
3648 -0.714233
3649 -0.721436
3650 -0.720947
3651 -0.733276
3652 -0.713257
3653 -0.721924
3654 -0.728394
3655 -0.738159
3656 -0.769531
3657 -0.763184
3658 -0.770264
3659 -0.743774
3660 -0.728638
3661 -0.723877
3662 -0.738770
3663 -0.743408
3664 -0.755127
3665 -0.746460
3666 -0.747803
3667 -0.738037
3668 -0.727051
3669 -0.721313
3670 -0.711426
3671 -0.724121
3672 -0.710815
3673 -0.726440
3674 -0.723633
3675 -0.706299
3676 -0.705444
3677 -0.717896
3678 -0.702026
3679 -0.689453
3680 -0.694458
3681 -0.705078
3682 -0.710327
3683 -0.695557
3684 -0.683716
3685 -0.680542
3686 -0.692749
3687 -0.678467
3688 -0.662231
3689 -0.682495
3690 -0.681396
3691 -0.684814
3692 -0.689331
3693 -0.699707
3694 -0.704224
3695 -0.725952
3696 -0.714722
3697 -0.708618
3698 -0.719238
3699 -0.723633
3700 -0.718750
3701 -0.702881
3702 -0.700684
3703 -0.680420
3704 -0.676758
3705 -0.678589
3706 -0.691895
3707 -0.687378
3708 -0.695801
3709 -0.685669
3710 -0.678955
3711 -0.694336
3712 -0.696899
3713 -0.709473
3714 -0.710083
3715 -0.697998
3716 -0.680664
3717 -0.691528
3718 -0.706055
3719 -0.698608
3720 -0.698242
3721 -0.708008
3722 -0.710815
3723 -0.710205
3724 -0.700806
3725 -0.713989
3726 -0.718018
3727 -0.718994
3728 -0.703003
3729 -0.697388
3730 -0.691040
3731 -0.706909
3732 -0.705933
3733 -0.709473
3734 -0.692627
3735 -0.696289
3736 -0.698853
3737 -0.704224
3738 -0.694458
3739 -0.693726
3740 -0.708252
3741 -0.701538
3742 -0.701538
3743 -0.702759
3744 -0.710938
3745 -0.738281
3746 -0.715698
3747 -0.723633
3748 -0.712891
3749 -0.711792
3750 -0.709839
3751 -0.728394
3752 -0.744263
3753 -0.728149
3754 -0.711304
3755 -0.722046
3756 -0.713135
3757 -0.709717
3758 -0.710083
3759 -0.721680
3760 -0.702759
3761 -0.699219
3762 -0.683228
3763 -0.695557
3764 -0.697510
3765 -0.715698
3766 -0.731689
3767 -0.728149
3768 -0.735718
3769 -0.735718
3770 -0.733521
3771 -0.727783
3772 -0.710327
3773 -0.700195
3774 -0.717529
3775 -0.722778
3776 -0.740356
3777 -0.749512
3778 -0.749390
3779 -0.740356
3780 -0.736816
3781 -0.717163
3782 -0.702148
3783 -0.699707
3784 -0.705933
3785 -0.716553
3786 -0.725830
3787 -0.742920
3788 -0.739258
3789 -0.726318
3790 -0.722046
3791 -0.722290
3792 -0.709351
3793 -0.710449
3794 -0.721558
3795 -0.713257
3796 -0.713379
3797 -0.713989
3798 -0.716553
3799 -0.741577
3800 -0.745361
3801 -0.739136
3802 -0.746338
3803 -0.730591
3804 -0.723755
3805 -0.738525
3806 -0.711304
3807 -0.726318
3808 -0.722534
3809 -0.735352
3810 -0.742065
3811 -0.745483
3812 -0.748657
3813 -0.732178
3814 -0.727173
3815 -0.727661
3816 -0.729736
3817 -0.735718
3818 -0.750122
3819 -0.713013
3820 -0.705688
3821 -0.716187
3822 -0.728271
3823 -0.756836
3824 -0.763062
3825 -0.774780
3826 -0.768921
3827 -0.780640
3828 -0.780762
3829 -0.774780
3830 -0.764526
3831 -0.778809
3832 -0.778320
3833 -0.770142
3834 -0.780762
3835 -0.791626
3836 -0.792969
3837 -0.770142
3838 -0.768799
3839 -0.739380
3840 -0.741699
3841 -0.748169
3842 -0.762207
3843 -0.753174
3844 -0.762817
3845 -0.773926
3846 -0.773804
3847 -0.777100
3848 -0.774902
3849 -0.784790
3850 -0.785156
3851 -0.784424
3852 -0.766357
3853 -0.758423
3854 -0.755371
3855 -0.743530
3856 -0.732178
3857 -0.733276
3858 -0.729248
3859 -0.728882
3860 -0.744507
3861 -0.750854
3862 -0.743408
3863 -0.729370
3864 -0.730347
3865 -0.720459
3866 -0.720703
3867 -0.728882
3868 -0.722412
3869 -0.758911
3870 -0.747314
3871 -0.727783
3872 -0.732910
3873 -0.725342
3874 -0.738037
3875 -0.727173
3876 -0.725342
3877 -0.733521
3878 -0.692505
3879 -0.693604
3880 -0.680420
3881 -0.676514
3882 -0.685913
3883 -0.682007
3884 -0.684570
3885 -0.700195
3886 -0.697266
3887 -0.693359
3888 -0.699097
3889 -0.705933
3890 -0.718140
3891 -0.718994
3892 -0.725952
3893 -0.742554
3894 -0.744995
3895 -0.729370
3896 -0.721558
3897 -0.711304
3898 -0.718506
3899 -0.717896
3900 -0.719360
3901 -0.717285
3902 -0.704712
3903 -0.697388
3904 -0.692505
3905 -0.705688
3906 -0.696411
3907 -0.693359
3908 -0.687866
3909 -0.697144
3910 -0.703491
3911 -0.694214
3912 -0.689941
3913 -0.691772
3914 -0.690308
3915 -0.693481
3916 -0.699585
3917 -0.706177
3918 -0.726440
3919 -0.724487
3920 -0.706421
3921 -0.710938
3922 -0.719727
3923 -0.719971
3924 -0.712524
3925 -0.699707
3926 -0.713501
3927 -0.709839
3928 -0.720703
3929 -0.716064
3930 -0.710815
3931 -0.717773
3932 -0.734375
3933 -0.719482
3934 -0.718750
3935 -0.710327
3936 -0.708130
3937 -0.719116
3938 -0.704224
3939 -0.694336
3940 -0.712158
3941 -0.732788
3942 -0.727051
3943 -0.711670
3944 -0.714844
3945 -0.714478
3946 -0.710205
3947 -0.701660
3948 -0.686279
3949 -0.690918
3950 -0.704956
3951 -0.697754
3952 -0.713501
3953 -0.701538
3954 -0.686768
3955 -0.695923
3956 -0.703369
3957 -0.713623
3958 -0.719849
3959 -0.738159
3960 -0.715332
3961 -0.697876
3962 -0.685181
3963 -0.676880
3964 -0.674316
3965 -0.685669
3966 -0.679443
3967 -0.684204
3968 -0.699097
3969 -0.689575
3970 -0.696777
3971 -0.688354
3972 -0.700195
3973 -0.693115
3974 -0.704346
3975 -0.694092
3976 -0.712891
3977 -0.698853
3978 -0.683716
3979 -0.678345
3980 -0.682739
3981 -0.679199
3982 -0.693237
3983 -0.678467
3984 -0.684692
3985 -0.698486
3986 -0.697998
3987 -0.712646
3988 -0.723511
3989 -0.721680
3990 -0.715820
3991 -0.705566
3992 -0.712402
3993 -0.703125
3994 -0.710449
3995 -0.694092
3996 -0.689575
3997 -0.697266
3998 -0.681396
3999 -0.689209
4000 -0.692261
4001 -0.662476
4002 -0.660889
4003 -0.666992
4004 -0.678711
4005 -0.682739
4006 -0.683350
4007 -0.683105
4008 -0.680908
4009 -0.693970
4010 -0.720703
4011 -0.733765
4012 -0.724854
4013 -0.719238
4014 -0.701904
4015 -0.685791
4016 -0.695313
4017 -0.713135
4018 -0.720703
4019 -0.743042
4020 -0.736816
4021 -0.729126
4022 -0.717163
4023 -0.721069
4024 -0.698486
4025 -0.689331
4026 -0.706787
4027 -0.717896
4028 -0.704834
4029 -0.715332
4030 -0.701050
4031 -0.700684
4032 -0.700928
4033 -0.720093
4034 -0.719849
4035 -0.701416
4036 -0.692749
4037 -0.701660
4038 -0.702026
4039 -0.726196
4040 -0.710205
4041 -0.709473
4042 -0.707031
4043 -0.709961
4044 -0.682739
4045 -0.699341
4046 -0.692017
4047 -0.685791
4048 -0.691895
4049 -0.683105
4050 -0.672363
4051 -0.670532
4052 -0.677246
4053 -0.663452
4054 -0.669189
4055 -0.668823
4056 -0.662842
4057 -0.666626
4058 -0.657837
4059 -0.669800
4060 -0.668945
4061 -0.663696
4062 -0.682129
4063 -0.680542
4064 -0.686279
4065 -0.683228
4066 -0.659058
4067 -0.656006
4068 -0.685547
4069 -0.689331
4070 -0.683960
4071 -0.680786
4072 -0.680054
4073 -0.677246
4074 -0.669189
4075 -0.691528
4076 -0.690063
4077 -0.688232
4078 -0.693115
4079 -0.689453
4080 -0.695923
4081 -0.707153
4082 -0.709351
4083 -0.713745
4084 -0.710693
4085 -0.710449
4086 -0.701050
4087 -0.703003
4088 -0.700928
4089 -0.680786
4090 -0.678223
4091 -0.687500
4092 -0.686768
4093 -0.694092
4094 -0.692017
4095 -0.689575
4096 -0.688232
4097 -0.697632
4098 -0.700806
4099 -0.708008
4100 -0.710693
4101 -0.708618
4102 -0.711914
4103 -0.698608
4104 -0.703003
4105 -0.687866
4106 -0.698242
4107 -0.702026
4108 -0.712891
4109 -0.729004
4110 -0.728760
4111 -0.736816
4112 -0.735107
4113 -0.729980
4114 -0.714355
4115 -0.727783
4116 -0.738403
4117 -0.729370
4118 -0.722656
4119 -0.729858
4120 -0.705078
4121 -0.692505
4122 -0.714355
4123 -0.729614
4124 -0.721924
4125 -0.710815
4126 -0.714233
4127 -0.711060
4128 -0.717407
4129 -0.716919
4130 -0.689697
4131 -0.676392
4132 -0.670654
4133 -0.679565
4134 -0.678467
4135 -0.673950
4136 -0.683594
4137 -0.688721
4138 -0.684448
4139 -0.704834
4140 -0.699585
4141 -0.679321
4142 -0.682373
4143 -0.661743
4144 -0.666260
4145 -0.689819
4146 -0.704346
4147 -0.707275
4148 -0.717407
4149 -0.695313
4150 -0.700439
4151 -0.693726
4152 -0.693604
4153 -0.700073
4154 -0.694824
4155 -0.689941
4156 -0.697632
4157 -0.710205
4158 -0.729980
4159 -0.722168
4160 -0.730225
4161 -0.727661
4162 -0.733032
4163 -0.742188
4164 -0.743164
4165 -0.738647
4166 -0.738403
4167 -0.742920
4168 -0.748779
4169 -0.738037
4170 -0.750977
4171 -0.737061
4172 -0.737305
4173 -0.743774
4174 -0.732666
4175 -0.732300
4176 -0.730225
4177 -0.748047
4178 -0.758545
4179 -0.758911
4180 -0.747437
4181 -0.743164
4182 -0.738770
4183 -0.730835
4184 -0.724121
4185 -0.734131
4186 -0.723633
4187 -0.712402
4188 -0.694580
4189 -0.714355
4190 -0.715210
4191 -0.725952
4192 -0.713135
4193 -0.714355
4194 -0.723389
4195 -0.712769
4196 -0.717041
4197 -0.724731
4198 -0.727905
4199 -0.735474
4200 -0.728882
4201 -0.743042
4202 -0.746582
4203 -0.751587
4204 -0.736816
4205 -0.721924
4206 -0.723999
4207 -0.725098
4208 -0.730103
4209 -0.743164
4210 -0.741211
4211 -0.740967
4212 -0.738159
4213 -0.732422
4214 -0.720825
4215 -0.725586
4216 -0.720825
4217 -0.695679
4218 -0.696167
4219 -0.696777
4220 -0.694214
4221 -0.708862
4222 -0.700684
4223 -0.701172
4224 -0.698120
4225 -0.706421
4226 -0.706421
4227 -0.721680
4228 -0.734131
4229 -0.747070
4230 -0.739014
4231 -0.742310
4232 -0.724854
4233 -0.711914
4234 -0.714966
4235 -0.723755
4236 -0.732056
4237 -0.763672
4238 -0.765747
4239 -0.755737
4240 -0.764404
4241 -0.787964
4242 -0.782104
4243 -0.757324
4244 -0.749390
4245 -0.761597
4246 -0.763428
4247 -0.758545
4248 -0.754150
4249 -0.768921
4250 -0.762573
4251 -0.757568
4252 -0.756348
4253 -0.755371
4254 -0.765381
4255 -0.761353
4256 -0.759766
4257 -0.742188
4258 -0.738403
4259 -0.744995
4260 -0.747803
4261 -0.752319
4262 -0.748535
4263 -0.753540
4264 -0.746216
4265 -0.749268
4266 -0.725342
4267 -0.724731
4268 -0.707031
4269 -0.696289
4270 -0.713501
4271 -0.716309
4272 -0.709351
4273 -0.703369
4274 -0.725098
4275 -0.728271
4276 -0.706787
4277 -0.704834
4278 -0.694458
4279 -0.701172
4280 -0.700317
4281 -0.712891
4282 -0.702393
4283 -0.685791
4284 -0.664673
4285 -0.639160
4286 -0.622803
4287 -0.638062
4288 -0.652832
4289 -0.638916
4290 -0.632813
4291 -0.638062
4292 -0.647827
4293 -0.638550
4294 -0.645386
4295 -0.646606
4296 -0.651123
4297 -0.647827
4298 -0.648682
4299 -0.644897
4300 -0.642578
4301 -0.649536
4302 -0.648438
4303 -0.642822
4304 -0.642578
4305 -0.663086
4306 -0.668335
4307 -0.663452
4308 -0.675171
4309 -0.665527
4310 -0.649536
4311 -0.670166
4312 -0.670776
4313 -0.649414
4314 -0.652344
4315 -0.638672
4316 -0.634766
4317 -0.639648
4318 -0.646362
4319 -0.638306
4320 -0.641357
4321 -0.642334
4322 -0.647583
4323 -0.659912
4324 -0.654785
4325 -0.667480
4326 -0.678345
4327 -0.677002
4328 -0.670776
4329 -0.671509
4330 -0.654541
4331 -0.662720
4332 -0.663330
4333 -0.676514
4334 -0.663696
4335 -0.646118
4336 -0.655273
4337 -0.667603
4338 -0.655396
4339 -0.650635
4340 -0.657349
4341 -0.658325
4342 -0.662354
4343 -0.683594
4344 -0.681152
4345 -0.674194
4346 -0.670166
4347 -0.671143
4348 -0.679565
4349 -0.672729
4350 -0.678467
4351 -0.691162
4352 -0.684814
4353 -0.674072
4354 -0.699219
4355 -0.685303
4356 -0.682495
4357 -0.674927
4358 -0.672729
4359 -0.688110
4360 -0.668335
4361 -0.665894
4362 -0.678223
4363 -0.665161
4364 -0.676025
4365 -0.680542
4366 -0.675293
4367 -0.677734
4368 -0.684692
4369 -0.694824
4370 -0.713135
4371 -0.725098
4372 -0.742310
4373 -0.742798
4374 -0.744629
4375 -0.756470
4376 -0.733887
4377 -0.735229
4378 -0.738770
4379 -0.725708
4380 -0.727417
4381 -0.726685
4382 -0.725220
4383 -0.723022
4384 -0.728027
4385 -0.732422
4386 -0.716064
4387 -0.715454
4388 -0.683228
4389 -0.678345
4390 -0.693481
4391 -0.691162
4392 -0.688599
4393 -0.703003
4394 -0.701538
4395 -0.702881
4396 -0.716797
4397 -0.731689
4398 -0.726196
4399 -0.735107
4400 -0.736694
4401 -0.722290
4402 -0.733887
4403 -0.732056
4404 -0.742554
4405 -0.741455
4406 -0.740845
4407 -0.743164
4408 -0.731689
4409 -0.709595
4410 -0.710449
4411 -0.717041
4412 -0.726929
4413 -0.710571
4414 -0.715454
4415 -0.713623
4416 -0.723511
4417 -0.740845
4418 -0.745972
4419 -0.728882
4420 -0.720337
4421 -0.720825
4422 -0.729248
4423 -0.731689
4424 -0.739014
4425 -0.747803
4426 -0.743530
4427 -0.742676
4428 -0.748291
4429 -0.755005
4430 -0.732666
4431 -0.740479
4432 -0.749268
4433 -0.727417
4434 -0.735474
4435 -0.731812
4436 -0.735596
4437 -0.742188
4438 -0.734131
4439 -0.755005
4440 -0.726929
4441 -0.734131
4442 -0.722656
4443 -0.708862
4444 -0.714722
4445 -0.717651
4446 -0.703247
4447 -0.725220
4448 -0.700806
4449 -0.720947
4450 -0.738525
4451 -0.736938
4452 -0.735840
4453 -0.735840
4454 -0.731934
4455 -0.722656
4456 -0.729126
4457 -0.725342
4458 -0.735596
4459 -0.725830
4460 -0.721191
4461 -0.727173
4462 -0.732056
4463 -0.733398
4464 -0.722900
4465 -0.722412
4466 -0.718384
4467 -0.726074
4468 -0.718872
4469 -0.733643
4470 -0.706665
4471 -0.703735
4472 -0.706665
4473 -0.715698
4474 -0.703979
4475 -0.711548
4476 -0.707031
4477 -0.705811
4478 -0.696533
4479 -0.699829
4480 -0.707886
4481 -0.723022
4482 -0.712769
4483 -0.713867
4484 -0.688599
4485 -0.685547
4486 -0.681641
4487 -0.679932
4488 -0.675293
4489 -0.680786
4490 -0.690796
4491 -0.690063
4492 -0.664795
4493 -0.701538
4494 -0.708618
4495 -0.706787
4496 -0.695679
4497 -0.716309
4498 -0.700439
4499 -0.700684
4500 -0.698242
4501 -0.700317
4502 -0.705322
4503 -0.722046
4504 -0.716919
4505 -0.708496
4506 -0.719482
4507 -0.723022
4508 -0.729614
4509 -0.737427
4510 -0.727417
4511 -0.733643
4512 -0.733032
4513 -0.717285
4514 -0.727173
4515 -0.709595
4516 -0.707031
4517 -0.700073
4518 -0.708984
4519 -0.708130
4520 -0.708862
4521 -0.711060
4522 -0.698730
4523 -0.687988
4524 -0.696655
4525 -0.710205
4526 -0.702393
4527 -0.714600
4528 -0.706055
4529 -0.720337
4530 -0.714111
4531 -0.723267
4532 -0.734863
4533 -0.728516
4534 -0.732544
4535 -0.713379
4536 -0.728638
4537 -0.700684
4538 -0.672119
4539 -0.681274
4540 -0.677124
4541 -0.679688
4542 -0.690918
4543 -0.704956
4544 -0.703369
4545 -0.721069
4546 -0.703735
4547 -0.700073
4548 -0.729736
4549 -0.740356
4550 -0.723389
4551 -0.733154
4552 -0.740234
4553 -0.755371
4554 -0.750000
4555 -0.749390
4556 -0.763428
4557 -0.756714
4558 -0.755859
4559 -0.744385
4560 -0.741089
4561 -0.731934
4562 -0.738525
4563 -0.742310
4564 -0.744385
4565 -0.744385
4566 -0.753784
4567 -0.755249
4568 -0.768799
4569 -0.766113
4570 -0.775269
4571 -0.769287
4572 -0.768921
4573 -0.779053
4574 -0.773804
4575 -0.773560
4576 -0.768188
4577 -0.764648
4578 -0.764160
4579 -0.753784
4580 -0.749756
4581 -0.745117
4582 -0.734131
4583 -0.763550
4584 -0.770752
4585 -0.766357
4586 -0.756104
4587 -0.759399
4588 -0.730835
4589 -0.754517
4590 -0.751709
4591 -0.749268
4592 -0.740479
4593 -0.742188
4594 -0.728149
4595 -0.736694
4596 -0.730469
4597 -0.744141
4598 -0.737549
4599 -0.720581
4600 -0.727905
4601 -0.729858
4602 -0.742188
4603 -0.742920
4604 -0.748657
4605 -0.748901
4606 -0.748169
4607 -0.729492
4608 -0.721802
4609 -0.720825
4610 -0.710571
4611 -0.721191
4612 -0.712158
4613 -0.728516
4614 -0.724854
4615 -0.742432
4616 -0.735962
4617 -0.724121
4618 -0.736206
4619 -0.746948
4620 -0.742676
4621 -0.742920
4622 -0.736816
4623 -0.743652
4624 -0.731201
4625 -0.740234
4626 -0.747314
4627 -0.740723
4628 -0.734253
4629 -0.758545
4630 -0.759644
4631 -0.765747
4632 -0.738037
4633 -0.728516
4634 -0.723145
4635 -0.726929
4636 -0.711792
4637 -0.708740
4638 -0.698608
4639 -0.670532
4640 -0.673828
4641 -0.694580
4642 -0.700684
4643 -0.715088
4644 -0.716675
4645 -0.708740
4646 -0.700684
4647 -0.708862
4648 -0.712280
4649 -0.690186
4650 -0.676147
4651 -0.649414
4652 -0.653931
4653 -0.663818
4654 -0.685181
4655 -0.686157
4656 -0.672974
4657 -0.675781
4658 -0.659424
4659 -0.648804
4660 -0.654297
4661 -0.648560
4662 -0.657715
4663 -0.659668
4664 -0.645874
4665 -0.651733
4666 -0.646851
4667 -0.632813
4668 -0.615723
4669 -0.631714
4670 -0.646851
4671 -0.678223
4672 -0.684082
4673 -0.679688
4674 -0.681885
4675 -0.691528
4676 -0.683716
4677 -0.677246
4678 -0.660522
4679 -0.669067
4680 -0.681396
4681 -0.686523
4682 -0.697266
4683 -0.717407
4684 -0.728149
4685 -0.716797
4686 -0.721802
4687 -0.718994
4688 -0.725830
4689 -0.739502
4690 -0.722290
4691 -0.690186
4692 -0.707642
4693 -0.710327
4694 -0.721313
4695 -0.731201
4696 -0.726196
4697 -0.746460
4698 -0.733643
4699 -0.711182
4700 -0.722168
4701 -0.722290
4702 -0.727173
4703 -0.739502
4704 -0.734985
4705 -0.743286
4706 -0.765503
4707 -0.764771
4708 -0.757690
4709 -0.762207
4710 -0.754272
4711 -0.740601
4712 -0.732178
4713 -0.723633
4714 -0.740723
4715 -0.728760
4716 -0.717163
4717 -0.704346
4718 -0.703247
4719 -0.684082
4720 -0.688599
4721 -0.709229
4722 -0.700928
4723 -0.714233
4724 -0.697021
4725 -0.708618
4726 -0.713501
4727 -0.718506
4728 -0.712402
4729 -0.702881
4730 -0.678833
4731 -0.682251
4732 -0.695313
4733 -0.703613
4734 -0.687744
4735 -0.691528
4736 -0.699463
4737 -0.697388
4738 -0.697388
4739 -0.705444
4740 -0.709717
4741 -0.704590
4742 -0.692993
4743 -0.668945
4744 -0.658081
4745 -0.644775
4746 -0.639526
4747 -0.643066
4748 -0.654541
4749 -0.652344
4750 -0.668579
4751 -0.664063
4752 -0.665771
4753 -0.673950
4754 -0.676270
4755 -0.676758
4756 -0.679688
4757 -0.661377
4758 -0.662598
4759 -0.676758
4760 -0.679443
4761 -0.680908
4762 -0.679321
4763 -0.694336
4764 -0.693481
4765 -0.690674
4766 -0.677124
4767 -0.682007
4768 -0.692017
4769 -0.689941
4770 -0.711426
4771 -0.708130
4772 -0.720337
4773 -0.695923
4774 -0.691895
4775 -0.683838
4776 -0.683472
4777 -0.703735
4778 -0.706299
4779 -0.699463
4780 -0.693237
4781 -0.708496
4782 -0.698364
4783 -0.714355
4784 -0.689087
4785 -0.687500
4786 -0.693604
4787 -0.706055
4788 -0.699219
4789 -0.717163
4790 -0.709106
4791 -0.713013
4792 -0.715820
4793 -0.705078
4794 -0.707153
4795 -0.715942
4796 -0.731812
4797 -0.713623
4798 -0.732544
4799 -0.726685
4800 -0.711792
4801 -0.704346
4802 -0.699219
4803 -0.705566
4804 -0.731689
4805 -0.728271
4806 -0.719116
4807 -0.711182
4808 -0.734131
4809 -0.740479
4810 -0.720093
4811 -0.713379
4812 -0.722046
4813 -0.713623
4814 -0.715698
4815 -0.718628
4816 -0.706543
4817 -0.729370
4818 -0.721069
4819 -0.722534
4820 -0.738770
4821 -0.748779
4822 -0.739990
4823 -0.734863
4824 -0.743286
4825 -0.728638
4826 -0.734009
4827 -0.731445
4828 -0.719116
4829 -0.713135
4830 -0.702393
4831 -0.692749
4832 -0.699585
4833 -0.696045
4834 -0.701172
4835 -0.700439
4836 -0.702271
4837 -0.713623
4838 -0.729492
4839 -0.732178
4840 -0.719482
4841 -0.726196
4842 -0.735840
4843 -0.718750
4844 -0.718140
4845 -0.723877
4846 -0.724731
4847 -0.735474
4848 -0.741943
4849 -0.748291
4850 -0.745117
4851 -0.757446
4852 -0.750244
4853 -0.743652
4854 -0.746216
4855 -0.757202
4856 -0.759033
4857 -0.746460
4858 -0.750244
4859 -0.727417
4860 -0.739380
4861 -0.719482
4862 -0.726807
4863 -0.731323
4864 -0.749390
4865 -0.750122
4866 -0.747559
4867 -0.746826
4868 -0.744995
4869 -0.748047
4870 -0.736694
4871 -0.736328
4872 -0.730835
4873 -0.741577
4874 -0.737427
4875 -0.744507
4876 -0.748047
4877 -0.736572
4878 -0.752686
4879 -0.756104
4880 -0.756836
4881 -0.759644
4882 -0.754395
4883 -0.745483
4884 -0.748047
4885 -0.748169
4886 -0.737427
4887 -0.744995
4888 -0.738159
4889 -0.736206
4890 -0.746826
4891 -0.757813
4892 -0.740723
4893 -0.752563
4894 -0.729492
4895 -0.729858
4896 -0.739868
4897 -0.739868
4898 -0.742676
4899 -0.736450
4900 -0.724731
4901 -0.720581
4902 -0.716553
4903 -0.718506
4904 -0.725586
4905 -0.715210
4906 -0.717285
4907 -0.727173
4908 -0.740234
4909 -0.752197
4910 -0.757813
4911 -0.766357
4912 -0.763794
4913 -0.761719
4914 -0.766602
4915 -0.760132
4916 -0.744507
4917 -0.739502
4918 -0.735229
4919 -0.744507
4920 -0.736694
4921 -0.736450
4922 -0.718262
4923 -0.719604
4924 -0.712402
4925 -0.723877
4926 -0.709106
4927 -0.711182
4928 -0.713745
4929 -0.714600
4930 -0.723633
4931 -0.739990
4932 -0.745483
4933 -0.744507
4934 -0.740112
4935 -0.735107
4936 -0.727295
4937 -0.746826
4938 -0.724121
4939 -0.718140
4940 -0.712402
4941 -0.713257
4942 -0.712280
4943 -0.720947
4944 -0.714478
4945 -0.710693
4946 -0.718262
4947 -0.693970
4948 -0.693115
4949 -0.701294
4950 -0.718140
4951 -0.723267
4952 -0.731567
4953 -0.725830
4954 -0.697266
4955 -0.701782
4956 -0.707520
4957 -0.718018
4958 -0.711670
4959 -0.715454
4960 -0.695313
4961 -0.696167
4962 -0.687378
4963 -0.680298
4964 -0.672607
4965 -0.678711
4966 -0.680664
4967 -0.695068
4968 -0.680786
4969 -0.692993
4970 -0.688110
4971 -0.699463
4972 -0.682129
4973 -0.692505
4974 -0.689697
4975 -0.696045
4976 -0.690552
4977 -0.713379
4978 -0.704834
4979 -0.693848
4980 -0.689209
4981 -0.683105
4982 -0.675049
4983 -0.667969
4984 -0.675781
4985 -0.683472
4986 -0.685913
4987 -0.686279
4988 -0.693726
4989 -0.696777
4990 -0.687256
4991 -0.683350
4992 -0.675659
4993 -0.653198
4994 -0.636597
4995 -0.631836
4996 -0.618774
4997 -0.626099
4998 -0.639648
4999 -0.620728
5000 -0.608887
5001 -0.619385
5002 -0.621582
5003 -0.626465
5004 -0.612915
5005 -0.611328
5006 -0.613525
5007 -0.620850
5008 -0.627808
5009 -0.621338
5010 -0.628784
5011 -0.633057
5012 -0.612793
5013 -0.604614
5014 -0.598877
5015 -0.572632
5016 -0.580811
5017 -0.563965
5018 -0.570313
5019 -0.570068
5020 -0.569092
5021 -0.597900
5022 -0.583496
5023 -0.580688
5024 -0.567017
5025 -0.573853
5026 -0.567749
5027 -0.551880
5028 -0.553345
5029 -0.551514
5030 -0.550293
5031 -0.556885
5032 -0.568115
5033 -0.564331
5034 -0.578369
5035 -0.582520
5036 -0.582275
5037 -0.588623
5038 -0.584595
5039 -0.600708
5040 -0.603149
5041 -0.613037
5042 -0.594971
5043 -0.613770
5044 -0.622314
5045 -0.628418
5046 -0.630493
5047 -0.615967
5048 -0.609497
5049 -0.615845
5050 -0.624878
5051 -0.612061
5052 -0.623291
5053 -0.629517
5054 -0.640991
5055 -0.640503
5056 -0.645508
5057 -0.618408
5058 -0.629639
5059 -0.642090
5060 -0.636475
5061 -0.614136
5062 -0.605713
5063 -0.603882
5064 -0.621948
5065 -0.627686
5066 -0.644531
5067 -0.638672
5068 -0.650635
5069 -0.641479
5070 -0.652100
5071 -0.659180
5072 -0.645630
5073 -0.638672
5074 -0.619141
5075 -0.598267
5076 -0.595459
5077 -0.576538
5078 -0.564819
5079 -0.588257
5080 -0.588135
5081 -0.595215
5082 -0.606323
5083 -0.593628
5084 -0.597656
5085 -0.599121
5086 -0.595215
5087 -0.609497
5088 -0.622314
5089 -0.611084
5090 -0.606812
5091 -0.600220
5092 -0.611450
5093 -0.609741
5094 -0.613037
5095 -0.622192
5096 -0.621704
5097 -0.628906
5098 -0.637939
5099 -0.617920
5100 -0.637085
5101 -0.650024
5102 -0.657227
5103 -0.652100
5104 -0.664063
5105 -0.657593
5106 -0.660522
5107 -0.659912
5108 -0.640991
5109 -0.651611
5110 -0.653320
5111 -0.647583
5112 -0.669434
5113 -0.647095
5114 -0.621338
5115 -0.603760
5116 -0.597046
5117 -0.584229
5118 -0.579346
5119 -0.583618
5120 -0.604492
5121 -0.602173
5122 -0.611694
5123 -0.607178
5124 -0.612793
5125 -0.617065
5126 -0.632324
5127 -0.634277
5128 -0.646362
5129 -0.640015
5130 -0.627563
5131 -0.622192
5132 -0.623535
5133 -0.613281
5134 -0.628296
5135 -0.634888
5136 -0.642700
5137 -0.643555
5138 -0.655640
5139 -0.662354
5140 -0.669922
5141 -0.669434
5142 -0.699707
5143 -0.694458
5144 -0.677856
5145 -0.674683
5146 -0.681152
5147 -0.678711
5148 -0.666992
5149 -0.665894
5150 -0.682495
5151 -0.680786
5152 -0.671021
5153 -0.666016
5154 -0.668579
5155 -0.676880
5156 -0.669189
5157 -0.648560
5158 -0.652588
5159 -0.649414
5160 -0.647339
5161 -0.653564
5162 -0.652832
5163 -0.663696
5164 -0.668701
5165 -0.649780
5166 -0.651978
5167 -0.667969
5168 -0.653564
5169 -0.639648
5170 -0.644653
5171 -0.634644
5172 -0.632080
5173 -0.641235
5174 -0.644165
5175 -0.637207
5176 -0.656494
5177 -0.662354
5178 -0.666016
5179 -0.669434
5180 -0.660522
5181 -0.677490
5182 -0.686646
5183 -0.698730
5184 -0.710815
5185 -0.706787
5186 -0.697021
5187 -0.715942
5188 -0.701294
5189 -0.709229
5190 -0.720947
5191 -0.723022
5192 -0.713989
5193 -0.700806
5194 -0.706543
5195 -0.717651
5196 -0.719971
5197 -0.726196
5198 -0.730103
5199 -0.725342
5200 -0.734375
5201 -0.714966
5202 -0.715454
5203 -0.727173
5204 -0.723755
5205 -0.724487
5206 -0.723267
5207 -0.720703
5208 -0.725586
5209 -0.736572
5210 -0.730957
5211 -0.741821
5212 -0.731445
5213 -0.729614
5214 -0.732056
5215 -0.730713
5216 -0.749878
5217 -0.749390
5218 -0.757080
5219 -0.764404
5220 -0.743530
5221 -0.757324
5222 -0.748901
5223 -0.774048
5224 -0.768921
5225 -0.766846
5226 -0.769409
5227 -0.762329
5228 -0.773193
5229 -0.766113
5230 -0.764160
5231 -0.760742
5232 -0.767212
5233 -0.774048
5234 -0.757568
5235 -0.765503
5236 -0.778076
5237 -0.774048
5238 -0.775024
5239 -0.757813
5240 -0.768066
5241 -0.768188
5242 -0.752930
5243 -0.747803
5244 -0.730835
5245 -0.728027
5246 -0.749146
5247 -0.744263
5248 -0.744507
5249 -0.746094
5250 -0.743530
5251 -0.744019
5252 -0.753296
5253 -0.755005
5254 -0.759155
5255 -0.769775
5256 -0.772217
5257 -0.771484
5258 -0.779663
5259 -0.776489
5260 -0.763794
5261 -0.768311
5262 -0.752686
5263 -0.756470
5264 -0.759399
5265 -0.743896
5266 -0.740967
5267 -0.749023
5268 -0.761719
5269 -0.777344
5270 -0.767456
5271 -0.752563
5272 -0.744995
5273 -0.735352
5274 -0.736572
5275 -0.727173
5276 -0.733032
5277 -0.741943
5278 -0.739380
5279 -0.738525
5280 -0.746094
5281 -0.736328
5282 -0.719727
5283 -0.731201
5284 -0.731079
5285 -0.738281
5286 -0.737427
5287 -0.727905
5288 -0.720581
5289 -0.728638
5290 -0.736572
5291 -0.729614
5292 -0.730591
5293 -0.713745
5294 -0.735352
5295 -0.721436
5296 -0.719604
5297 -0.713013
5298 -0.711792
5299 -0.719116
5300 -0.726563
5301 -0.729492
5302 -0.725830
5303 -0.731812
5304 -0.718384
5305 -0.725830
5306 -0.737915
5307 -0.741211
5308 -0.745850
5309 -0.738403
5310 -0.728760
5311 -0.727539
5312 -0.729492
5313 -0.739258
5314 -0.730957
5315 -0.734009
5316 -0.751831
5317 -0.754761
5318 -0.745728
5319 -0.743530
5320 -0.742798
5321 -0.749268
5322 -0.750000
5323 -0.754150
5324 -0.761353
5325 -0.762939
5326 -0.757446
5327 -0.753296
5328 -0.760376
5329 -0.756592
5330 -0.750000
5331 -0.747681
5332 -0.738525
5333 -0.735840
5334 -0.753540
5335 -0.758911
5336 -0.751099
5337 -0.751953
5338 -0.736084
5339 -0.740112
5340 -0.740112
5341 -0.743652
5342 -0.744385
5343 -0.743652
5344 -0.726685
5345 -0.729492
5346 -0.730713
5347 -0.726563
5348 -0.714111
5349 -0.709229
5350 -0.698730
5351 -0.707397
5352 -0.708374
5353 -0.716431
5354 -0.721924
5355 -0.733398
5356 -0.756348
5357 -0.744751
5358 -0.750488
5359 -0.743896
5360 -0.761963
5361 -0.761963
5362 -0.755005
5363 -0.752563
5364 -0.757690
5365 -0.748657
5366 -0.757080
5367 -0.767212
5368 -0.763794
5369 -0.765747
5370 -0.752075
5371 -0.769409
5372 -0.743774
5373 -0.739990
5374 -0.737549
5375 -0.741699
5376 -0.723022
5377 -0.716187
5378 -0.702393
5379 -0.701294
5380 -0.697388
5381 -0.692627
5382 -0.685425
5383 -0.689453
5384 -0.705566
5385 -0.706421
5386 -0.713257
5387 -0.724121
5388 -0.730225
5389 -0.722534
5390 -0.724243
5391 -0.728027
5392 -0.731201
5393 -0.735962
5394 -0.731323
5395 -0.731323
5396 -0.728516
5397 -0.735229
5398 -0.730835
5399 -0.723633
5400 -0.704956
5401 -0.684082
5402 -0.694702
5403 -0.680420
5404 -0.686401
5405 -0.665649
5406 -0.666992
5407 -0.677368
5408 -0.672729
5409 -0.678589
5410 -0.682983
5411 -0.691284
5412 -0.707642
5413 -0.701416
5414 -0.688232
5415 -0.687744
5416 -0.680420
5417 -0.681885
5418 -0.690918
5419 -0.689575
5420 -0.678345
5421 -0.688843
5422 -0.685181
5423 -0.654785
5424 -0.668823
5425 -0.667847
5426 -0.658936
5427 -0.660034
5428 -0.665039
5429 -0.660522
5430 -0.650391
5431 -0.640625
5432 -0.638672
5433 -0.617920
5434 -0.617310
5435 -0.620605
5436 -0.617310
5437 -0.633789
5438 -0.651978
5439 -0.662354
5440 -0.664063
5441 -0.664795
5442 -0.646362
5443 -0.645142
5444 -0.636353
5445 -0.624146
5446 -0.621338
5447 -0.610107
5448 -0.606934
5449 -0.614502
5450 -0.608154
5451 -0.598267
5452 -0.617920
5453 -0.634033
5454 -0.635254
5455 -0.635742
5456 -0.615112
5457 -0.624756
5458 -0.633423
5459 -0.628052
5460 -0.617188
5461 -0.627075
5462 -0.630615
5463 -0.624146
5464 -0.625000
5465 -0.617065
5466 -0.638428
5467 -0.654053
5468 -0.643066
5469 -0.635986
5470 -0.642334
5471 -0.644165
5472 -0.662231
5473 -0.634644
5474 -0.631226
5475 -0.618286
5476 -0.618774
5477 -0.626465
5478 -0.642822
5479 -0.649780
5480 -0.653687
5481 -0.650146
5482 -0.673340
5483 -0.678467
5484 -0.675659
5485 -0.685791
5486 -0.675537
5487 -0.678711
5488 -0.677002
5489 -0.683716
5490 -0.687378
5491 -0.691528
5492 -0.685913
5493 -0.692871
5494 -0.703369
5495 -0.710815
5496 -0.700684
5497 -0.703979
5498 -0.695923
5499 -0.675659
5500 -0.672607
5501 -0.688965
5502 -0.693604
5503 -0.680054
5504 -0.673340
5505 -0.682861
5506 -0.692993
5507 -0.693970
5508 -0.690186
5509 -0.669678
5510 -0.684082
5511 -0.673950
5512 -0.665283
5513 -0.664551
5514 -0.653687
5515 -0.642578
5516 -0.642822
5517 -0.629395
5518 -0.645142
5519 -0.660522
5520 -0.658813
5521 -0.670898
5522 -0.668945
5523 -0.681885
5524 -0.678101
5525 -0.688843
5526 -0.686401
5527 -0.679932
5528 -0.649536
5529 -0.642334
5530 -0.649048
5531 -0.644897
5532 -0.650879
5533 -0.646729
5534 -0.652100
5535 -0.665527
5536 -0.661865
5537 -0.652588
5538 -0.653320
5539 -0.653076
5540 -0.665527
5541 -0.653442
5542 -0.639160
5543 -0.652100
5544 -0.656372
5545 -0.652466
5546 -0.661133
5547 -0.655884
5548 -0.661743
5549 -0.662476
5550 -0.662842
5551 -0.666626
5552 -0.674194
5553 -0.661743
5554 -0.649780
5555 -0.637451
5556 -0.650391
5557 -0.655640
5558 -0.650757
5559 -0.673950
5560 -0.687988
5561 -0.687622
5562 -0.658447
5563 -0.662109
5564 -0.640015
5565 -0.637451
5566 -0.650146
5567 -0.658447
5568 -0.663330
5569 -0.652466
5570 -0.676270
5571 -0.664307
5572 -0.659180
5573 -0.659180
5574 -0.657227
5575 -0.661133
5576 -0.666016
5577 -0.655884
5578 -0.670654
5579 -0.684204
5580 -0.684814
5581 -0.680176
5582 -0.689209
5583 -0.677368
5584 -0.662231
5585 -0.670410
5586 -0.666870
5587 -0.673584
5588 -0.671753
5589 -0.674194
5590 -0.676270
5591 -0.673584
5592 -0.682007
5593 -0.670288
5594 -0.663696
5595 -0.662354
5596 -0.673096
5597 -0.687500
5598 -0.679321
5599 -0.665283
5600 -0.670532
5601 -0.667725
5602 -0.690186
5603 -0.710693
5604 -0.704102
5605 -0.703247
5606 -0.696655
5607 -0.672607
5608 -0.666626
5609 -0.651611
5610 -0.651001
5611 -0.668457
5612 -0.658447
5613 -0.648804
5614 -0.635254
5615 -0.621460
5616 -0.630493
5617 -0.631226
5618 -0.633423
5619 -0.650635
5620 -0.639404
5621 -0.639038
5622 -0.644653
5623 -0.652344
5624 -0.651611
5625 -0.655518
5626 -0.660034
5627 -0.665405
5628 -0.665771
5629 -0.660522
5630 -0.642334
5631 -0.662476
5632 -0.659790
5633 -0.645386
5634 -0.643921
5635 -0.640747
5636 -0.624634
5637 -0.615967
5638 -0.628052
5639 -0.646851
5640 -0.658936
5641 -0.643433
5642 -0.663208
5643 -0.687866
5644 -0.700195
5645 -0.695801
5646 -0.671997
5647 -0.679565
5648 -0.690918
5649 -0.682983
5650 -0.690430
5651 -0.687866
5652 -0.690186
5653 -0.680786
5654 -0.677124
5655 -0.676758
5656 -0.664185
5657 -0.679810
5658 -0.682007
5659 -0.674194
5660 -0.657593
5661 -0.682251
5662 -0.686646
5663 -0.671143
5664 -0.652710
5665 -0.659668
5666 -0.653198
5667 -0.668335
5668 -0.655762
5669 -0.669678
5670 -0.668701
5671 -0.674683
5672 -0.677490
5673 -0.678345
5674 -0.696289
5675 -0.692383
5676 -0.683838
5677 -0.686646
5678 -0.699707
5679 -0.681519
5680 -0.690063
5681 -0.676636
5682 -0.665161
5683 -0.648926
5684 -0.648315
5685 -0.641235
5686 -0.643066
5687 -0.656372
5688 -0.662476
5689 -0.673218
5690 -0.681763
5691 -0.692261
5692 -0.660767
5693 -0.652466
5694 -0.640503
5695 -0.644775
5696 -0.643066
5697 -0.654297
5698 -0.645874
5699 -0.655640
5700 -0.659058
5701 -0.666870
5702 -0.672607
5703 -0.646362
5704 -0.657715
5705 -0.671509
5706 -0.669800
5707 -0.667236
5708 -0.665894
5709 -0.673096
5710 -0.674438
5711 -0.684937
5712 -0.697754
5713 -0.691650
5714 -0.678223
5715 -0.677734
5716 -0.679077
5717 -0.669189
5718 -0.653076
5719 -0.664673
5720 -0.663330
5721 -0.673340
5722 -0.674683
5723 -0.665161
5724 -0.652588
5725 -0.656860
5726 -0.641479
5727 -0.636475
5728 -0.642334
5729 -0.643433
5730 -0.656982
5731 -0.657593
5732 -0.664063
5733 -0.675415
5734 -0.655273
5735 -0.649414
5736 -0.653809
5737 -0.647339
5738 -0.648438
5739 -0.641113
5740 -0.632446
5741 -0.617798
5742 -0.646362
5743 -0.649780
5744 -0.638062
5745 -0.657104
5746 -0.649292
5747 -0.653687
5748 -0.643799
5749 -0.651367
5750 -0.665649
5751 -0.657104
5752 -0.658691
5753 -0.652222
5754 -0.654785
5755 -0.652954
5756 -0.639526
5757 -0.637085
5758 -0.654053
5759 -0.656006
5760 -0.658936
5761 -0.654663
5762 -0.658081
5763 -0.636475
5764 -0.649414
5765 -0.651001
5766 -0.650513
5767 -0.656860
5768 -0.648804
5769 -0.660767
5770 -0.653198
5771 -0.666382
5772 -0.644897
5773 -0.656372
5774 -0.656860
5775 -0.657227
5776 -0.651001
5777 -0.646851
5778 -0.656738
5779 -0.671143
5780 -0.666626
5781 -0.673706
5782 -0.662476
5783 -0.657471
5784 -0.656250
5785 -0.642822
5786 -0.651001
5787 -0.660889
5788 -0.670166
5789 -0.658203
5790 -0.669556
5791 -0.662842
5792 -0.674194
5793 -0.671997
5794 -0.642334
5795 -0.641846
5796 -0.627686
5797 -0.647095
5798 -0.648682
5799 -0.649170
5800 -0.646851
5801 -0.652954
5802 -0.640991
5803 -0.652466
5804 -0.658081
5805 -0.674927
5806 -0.662842
5807 -0.642090
5808 -0.624512
5809 -0.637573
5810 -0.636353
5811 -0.655396
5812 -0.660156
5813 -0.644165
5814 -0.625854
5815 -0.621094
5816 -0.640137
5817 -0.641724
5818 -0.640625
5819 -0.663940
5820 -0.646851
5821 -0.652588
5822 -0.647705
5823 -0.628540
5824 -0.627319
5825 -0.605713
5826 -0.602173
5827 -0.615234
5828 -0.603516
5829 -0.581787
5830 -0.594971
5831 -0.595581
5832 -0.588013
5833 -0.585327
5834 -0.566895
5835 -0.566040
5836 -0.573364
5837 -0.575073
5838 -0.579224
5839 -0.591675
5840 -0.583862
5841 -0.590942
5842 -0.585205
5843 -0.582397
5844 -0.588135
5845 -0.590576
5846 -0.604370
5847 -0.620850
5848 -0.606567
5849 -0.617065
5850 -0.603027
5851 -0.598389
5852 -0.580078
5853 -0.588135
5854 -0.603882
5855 -0.636719
5856 -0.630005
5857 -0.640015
5858 -0.619263
5859 -0.616699
5860 -0.614868
5861 -0.604248
5862 -0.611694
5863 -0.592896
5864 -0.621094
5865 -0.619019
5866 -0.608032
5867 -0.604004
5868 -0.586182
5869 -0.587158
5870 -0.584473
5871 -0.594849
5872 -0.602051
5873 -0.599854
5874 -0.625610
5875 -0.609985
5876 -0.615112
5877 -0.605347
5878 -0.589478
5879 -0.610596
5880 -0.603149
5881 -0.614136
5882 -0.627930
5883 -0.643311
5884 -0.649048
5885 -0.636841
5886 -0.611694
5887 -0.632324
5888 -0.615356
5889 -0.630371
5890 -0.645142
5891 -0.629028
5892 -0.631592
5893 -0.609375
5894 -0.621460
5895 -0.634399
5896 -0.621704
5897 -0.607788
5898 -0.619507
5899 -0.616821
5900 -0.639038
5901 -0.642700
5902 -0.647095
5903 -0.646118
5904 -0.648804
5905 -0.648315
5906 -0.649780
5907 -0.641113
5908 -0.641724
5909 -0.659424
5910 -0.669189
5911 -0.651245
5912 -0.653564
5913 -0.633789
5914 -0.639526
5915 -0.663452
5916 -0.664795
5917 -0.657715
5918 -0.663330
5919 -0.677856
5920 -0.668945
5921 -0.655396
5922 -0.661865
5923 -0.662598
5924 -0.665649
5925 -0.652466
5926 -0.635254
5927 -0.626221
5928 -0.607910
5929 -0.618164
5930 -0.619873
5931 -0.644409
5932 -0.647339
5933 -0.650513
5934 -0.651489
5935 -0.666870
5936 -0.642334
5937 -0.675415
5938 -0.683105
5939 -0.696289
5940 -0.693359
5941 -0.699829
5942 -0.700562
5943 -0.721802
5944 -0.729858
5945 -0.723389
5946 -0.728638
5947 -0.723755
5948 -0.718750
5949 -0.734985
5950 -0.727783
5951 -0.729736
5952 -0.717651
5953 -0.708740
5954 -0.716187
5955 -0.710571
5956 -0.692749
5957 -0.693359
5958 -0.710815
5959 -0.719238
5960 -0.737549
5961 -0.731201
5962 -0.739136
5963 -0.729736
5964 -0.721313
5965 -0.715942
5966 -0.712036
5967 -0.704834
5968 -0.704834
5969 -0.706177
5970 -0.711670
5971 -0.697876
5972 -0.686279
5973 -0.697510
5974 -0.699219
5975 -0.696655
5976 -0.694580
5977 -0.689575
5978 -0.700562
5979 -0.701416
5980 -0.699951
5981 -0.682983
5982 -0.676636
5983 -0.693604
5984 -0.701904
5985 -0.701538
5986 -0.700073
5987 -0.707275
5988 -0.712769
5989 -0.705933
5990 -0.692749
5991 -0.709473
5992 -0.702271
5993 -0.701782
5994 -0.696289
5995 -0.708130
5996 -0.711548
5997 -0.682861
5998 -0.693359
5999 -0.689453
6000 -0.686890
6001 -0.698120
6002 -0.703003
6003 -0.702515
6004 -0.717041
6005 -0.702026
6006 -0.713623
6007 -0.707764
6008 -0.708496
6009 -0.701294
6010 -0.689575
6011 -0.707031
6012 -0.691650
6013 -0.679077
6014 -0.663330
6015 -0.669556
6016 -0.672607
6017 -0.673462
6018 -0.672485
6019 -0.689453
6020 -0.687866
6021 -0.674805
6022 -0.669556
6023 -0.661621
6024 -0.652832
6025 -0.660645
6026 -0.663940
6027 -0.676025
6028 -0.678955
6029 -0.680054
6030 -0.682617
6031 -0.684692
6032 -0.691406
6033 -0.681152
6034 -0.662476
6035 -0.669678
6036 -0.664185
6037 -0.665649
6038 -0.678101
6039 -0.659668
6040 -0.665771
6041 -0.666382
6042 -0.667969
6043 -0.651978
6044 -0.622192
6045 -0.610596
6046 -0.605957
6047 -0.606445
6048 -0.618896
6049 -0.649048
6050 -0.663452
6051 -0.641357
6052 -0.643188
6053 -0.641602
6054 -0.636597
6055 -0.655640
6056 -0.656128
6057 -0.673462
6058 -0.674438
6059 -0.676392
6060 -0.684082
6061 -0.662476
6062 -0.655884
6063 -0.668457
6064 -0.662598
6065 -0.671509
6066 -0.676758
6067 -0.689575
6068 -0.680664
6069 -0.698608
6070 -0.686157
6071 -0.691040
6072 -0.700562
6073 -0.722656
6074 -0.711670
6075 -0.709351
6076 -0.664551
6077 -0.661133
6078 -0.674561
6079 -0.686279
6080 -0.690308
6081 -0.682373
6082 -0.697510
6083 -0.693237
6084 -0.693848
6085 -0.713257
6086 -0.734985
6087 -0.735840
6088 -0.718018
6089 -0.713623
6090 -0.728271
6091 -0.713257
6092 -0.716064
6093 -0.709229
6094 -0.708618
6095 -0.709106
6096 -0.707886
6097 -0.690918
6098 -0.686279
6099 -0.688721
6100 -0.685913
6101 -0.674561
6102 -0.664185
6103 -0.688110
6104 -0.696655
6105 -0.693970
6106 -0.677612
6107 -0.667725
6108 -0.663452
6109 -0.646362
6110 -0.631470
6111 -0.629272
6112 -0.650757
6113 -0.681885
6114 -0.675537
6115 -0.679443
6116 -0.695923
6117 -0.686157
6118 -0.684814
6119 -0.694336
6120 -0.693115
6121 -0.692871
6122 -0.686401
6123 -0.680786
6124 -0.676514
6125 -0.675171
6126 -0.657104
6127 -0.650269
6128 -0.654907
6129 -0.642090
6130 -0.660645
6131 -0.656738
6132 -0.644287
6133 -0.634033
6134 -0.646240
6135 -0.648926
6136 -0.635010
6137 -0.667725
6138 -0.662598
6139 -0.648560
6140 -0.652222
6141 -0.645752
6142 -0.634033
6143 -0.652710
6144 -0.649780
6145 -0.643677
6146 -0.645630
6147 -0.643066
6148 -0.656860
6149 -0.667358
6150 -0.668457
6151 -0.666138
6152 -0.669678
6153 -0.680664
6154 -0.689331
6155 -0.685547
6156 -0.703369
6157 -0.685547
6158 -0.680542
6159 -0.696411
6160 -0.711670
6161 -0.707031
6162 -0.686035
6163 -0.683472
6164 -0.705444
6165 -0.707764
6166 -0.729858
6167 -0.726196
6168 -0.720337
6169 -0.698364
6170 -0.701904
6171 -0.712891
6172 -0.721802
6173 -0.719116
6174 -0.716309
6175 -0.708252
6176 -0.710205
6177 -0.724854
6178 -0.708008
6179 -0.714478
6180 -0.689209
6181 -0.694946
6182 -0.694336
6183 -0.702271
6184 -0.684448
6185 -0.685181
6186 -0.690186
6187 -0.697144
6188 -0.688477
6189 -0.696899
6190 -0.703247
6191 -0.715820
6192 -0.709351
6193 -0.712158
6194 -0.703491
6195 -0.704224
6196 -0.703613
6197 -0.703857
6198 -0.700562
6199 -0.681641
6200 -0.679565
6201 -0.679932
6202 -0.678955
6203 -0.667114
6204 -0.668945
6205 -0.684082
6206 -0.693481
6207 -0.692627
6208 -0.685425
6209 -0.703735
6210 -0.707642
6211 -0.706665
6212 -0.702515
6213 -0.710815
6214 -0.700928
6215 -0.704346
6216 -0.718262
6217 -0.708008
6218 -0.697876
6219 -0.698486
6220 -0.683350
6221 -0.677734
6222 -0.681030
6223 -0.676147
6224 -0.664307
6225 -0.667847
6226 -0.669312
6227 -0.678345
6228 -0.681274
6229 -0.687988
6230 -0.693726
6231 -0.684204
6232 -0.684448
6233 -0.702515
6234 -0.715210
6235 -0.706177
6236 -0.693970
6237 -0.704468
6238 -0.704224
6239 -0.684814
6240 -0.692871
6241 -0.705688
6242 -0.725098
6243 -0.715332
6244 -0.718872
6245 -0.720459
6246 -0.734497
6247 -0.729736
6248 -0.725464
6249 -0.711914
6250 -0.703369
6251 -0.697754
6252 -0.720215
6253 -0.713379
6254 -0.696777
6255 -0.708374
6256 -0.701172
6257 -0.686401
6258 -0.680664
6259 -0.675537
6260 -0.665161
6261 -0.658936
6262 -0.639893
6263 -0.631592
6264 -0.625488
6265 -0.627563
6266 -0.646118
6267 -0.643433
6268 -0.654175
6269 -0.677002
6270 -0.671753
6271 -0.673706
6272 -0.672363
6273 -0.686035
6274 -0.686279
6275 -0.683594
6276 -0.689453
6277 -0.696655
6278 -0.703735
6279 -0.685913
6280 -0.680542
6281 -0.685303
6282 -0.690308
6283 -0.687744
6284 -0.687378
6285 -0.699341
6286 -0.691650
6287 -0.686523
6288 -0.681885
6289 -0.681274
6290 -0.688110
6291 -0.694214
6292 -0.700439
6293 -0.707642
6294 -0.684204
6295 -0.676636
6296 -0.650513
6297 -0.655029
6298 -0.663696
6299 -0.682251
6300 -0.685303
6301 -0.663086
6302 -0.653442
6303 -0.673584
6304 -0.682373
6305 -0.669434
6306 -0.680054
6307 -0.668945
6308 -0.664795
6309 -0.639648
6310 -0.649902
6311 -0.680176
6312 -0.681274
6313 -0.678711
6314 -0.685303
6315 -0.681763
6316 -0.680054
6317 -0.687866
6318 -0.691284
6319 -0.695313
6320 -0.696533
6321 -0.706299
6322 -0.693481
6323 -0.698364
6324 -0.685425
6325 -0.683105
6326 -0.681396
6327 -0.686768
6328 -0.701172
6329 -0.701416
6330 -0.702881
6331 -0.709351
6332 -0.697876
6333 -0.714966
6334 -0.733398
6335 -0.740601
6336 -0.735596
6337 -0.740601
6338 -0.735840
6339 -0.743042
6340 -0.744019
6341 -0.733887
6342 -0.749146
6343 -0.759766
6344 -0.755859
6345 -0.748413
6346 -0.734497
6347 -0.723145
6348 -0.715698
6349 -0.724854
6350 -0.725098
6351 -0.728760
6352 -0.732178
6353 -0.743896
6354 -0.742798
6355 -0.720093
6356 -0.724731
6357 -0.735352
6358 -0.704956
6359 -0.711670
6360 -0.704712
6361 -0.695801
6362 -0.683350
6363 -0.676758
6364 -0.673096
6365 -0.676514
6366 -0.664429
6367 -0.674805
6368 -0.665283
6369 -0.664063
6370 -0.669556
6371 -0.662598
6372 -0.660156
6373 -0.661743
6374 -0.654175
6375 -0.651245
6376 -0.652344
6377 -0.628296
6378 -0.622070
6379 -0.638428
6380 -0.626465
6381 -0.612793
6382 -0.641724
6383 -0.632935
6384 -0.641602
6385 -0.639771
6386 -0.660278
6387 -0.662842
6388 -0.646851
6389 -0.654297
6390 -0.666016
6391 -0.662964
6392 -0.658081
6393 -0.668579
6394 -0.667114
6395 -0.663452
6396 -0.685913
6397 -0.685425
6398 -0.704590
6399 -0.695923
6400 -0.687378
6401 -0.699707
6402 -0.681030
6403 -0.692139
6404 -0.695435
6405 -0.693604
6406 -0.686890
6407 -0.701294
6408 -0.685791
6409 -0.669189
6410 -0.684326
6411 -0.658936
6412 -0.641602
6413 -0.636719
6414 -0.634766
6415 -0.643066
6416 -0.640625
6417 -0.630737
6418 -0.648926
6419 -0.647095
6420 -0.670654
6421 -0.661011
6422 -0.671021
6423 -0.668335
6424 -0.665894
6425 -0.671265
6426 -0.657349
6427 -0.669800
6428 -0.673462
6429 -0.691650
6430 -0.706543
6431 -0.710083
6432 -0.700073
6433 -0.688965
6434 -0.693359
6435 -0.690308
6436 -0.694458
6437 -0.678589
6438 -0.673950
6439 -0.679443
6440 -0.672241
6441 -0.675171
6442 -0.660522
6443 -0.648193
6444 -0.639038
6445 -0.657593
6446 -0.657227
6447 -0.659546
6448 -0.647827
6449 -0.645996
6450 -0.667603
6451 -0.647217
6452 -0.647705
6453 -0.663818
6454 -0.668457
6455 -0.671509
6456 -0.666260
6457 -0.663086
6458 -0.686035
6459 -0.675415
6460 -0.681519
6461 -0.653442
6462 -0.653076
6463 -0.650391
6464 -0.666260
6465 -0.678955
6466 -0.699219
6467 -0.704468
6468 -0.681030
6469 -0.682983
6470 -0.673828
6471 -0.671631
6472 -0.675293
6473 -0.675293
6474 -0.672852
6475 -0.656616
6476 -0.668579
6477 -0.673462
6478 -0.701172
6479 -0.704468
6480 -0.695190
6481 -0.696533
6482 -0.712646
6483 -0.713257
6484 -0.711182
6485 -0.699585
6486 -0.711304
6487 -0.713257
6488 -0.706055
6489 -0.704346
6490 -0.718140
6491 -0.697998
6492 -0.704346
6493 -0.703369
6494 -0.702515
6495 -0.686035
6496 -0.683594
6497 -0.682495
6498 -0.672119
6499 -0.665771
6500 -0.657593
6501 -0.684204
6502 -0.660767
6503 -0.660278
6504 -0.649780
6505 -0.652344
6506 -0.658569
6507 -0.661011
6508 -0.643188
6509 -0.632080
6510 -0.639404
6511 -0.640503
6512 -0.642578
6513 -0.649414
6514 -0.650146
6515 -0.636230
6516 -0.625244
6517 -0.636353
6518 -0.630127
6519 -0.652588
6520 -0.653809
6521 -0.650879
6522 -0.645752
6523 -0.640625
6524 -0.647705
6525 -0.647949
6526 -0.652832
6527 -0.649658
6528 -0.643311
6529 -0.661011
6530 -0.668701
6531 -0.662720
6532 -0.667358
6533 -0.660889
6534 -0.661865
6535 -0.666748
6536 -0.692017
6537 -0.696777
6538 -0.695923
6539 -0.698120
6540 -0.683716
6541 -0.671753
6542 -0.671997
6543 -0.666382
6544 -0.671509
6545 -0.682617
6546 -0.687134
6547 -0.667236
6548 -0.677612
6549 -0.688477
6550 -0.693604
6551 -0.679932
6552 -0.674561
6553 -0.648438
6554 -0.673096
6555 -0.657959
6556 -0.662964
6557 -0.649292
6558 -0.658691
6559 -0.651611
6560 -0.645630
6561 -0.641357
6562 -0.631470
6563 -0.619751
6564 -0.633789
6565 -0.622070
6566 -0.617798
6567 -0.626587
6568 -0.635742
6569 -0.639038
6570 -0.638062
6571 -0.653809
6572 -0.654053
6573 -0.651978
6574 -0.659790
6575 -0.676758
6576 -0.676880
6577 -0.678589
6578 -0.679810
6579 -0.687988
6580 -0.678711
6581 -0.669678
6582 -0.656006
6583 -0.656860
6584 -0.654907
6585 -0.658936
6586 -0.665771
6587 -0.650513
6588 -0.632813
6589 -0.623169
6590 -0.618896
6591 -0.621338
6592 -0.640015
6593 -0.643555
6594 -0.670898
6595 -0.689209
6596 -0.685425
6597 -0.680908
6598 -0.687012
6599 -0.660767
6600 -0.679321
6601 -0.693604
6602 -0.678833
6603 -0.677490
6604 -0.677002
6605 -0.659912
6606 -0.669922
6607 -0.681885
6608 -0.678345
6609 -0.674805
6610 -0.659424
6611 -0.657959
6612 -0.651123
6613 -0.663940
6614 -0.673584
6615 -0.664917
6616 -0.658936
6617 -0.652710
6618 -0.659302
6619 -0.665161
6620 -0.670532
6621 -0.661011
6622 -0.666626
6623 -0.687134
6624 -0.698608
6625 -0.709106
6626 -0.705078
6627 -0.680786
6628 -0.680176
6629 -0.677368
6630 -0.675049
6631 -0.677124
6632 -0.676636
6633 -0.671387
6634 -0.685913
6635 -0.679810
6636 -0.682617
6637 -0.689697
6638 -0.680054
6639 -0.669434
6640 -0.676758
6641 -0.689697
6642 -0.691040
6643 -0.688599
6644 -0.700317
6645 -0.714478
6646 -0.723267
6647 -0.717041
6648 -0.711426
6649 -0.712524
6650 -0.732910
6651 -0.751221
6652 -0.757324
6653 -0.755859
6654 -0.752075
6655 -0.749023
6656 -0.724854
6657 -0.728516
6658 -0.733521
6659 -0.720459
6660 -0.723022
6661 -0.716309
6662 -0.725586
6663 -0.727051
6664 -0.714722
6665 -0.707275
6666 -0.702148
6667 -0.694702
6668 -0.711914
6669 -0.723267
6670 -0.722656
6671 -0.705566
6672 -0.719849
6673 -0.719971
6674 -0.725830
6675 -0.730103
6676 -0.737793
6677 -0.745605
6678 -0.727051
6679 -0.735840
6680 -0.730957
6681 -0.732178
6682 -0.730103
6683 -0.727051
6684 -0.712769
6685 -0.707886
6686 -0.692627
6687 -0.690552
6688 -0.681641
6689 -0.683838
6690 -0.686523
6691 -0.700562
6692 -0.708252
6693 -0.694702
6694 -0.691772
6695 -0.702393
6696 -0.697388
6697 -0.706177
6698 -0.718628
6699 -0.722412
6700 -0.725342
6701 -0.722046
6702 -0.725708
6703 -0.731201
6704 -0.741699
6705 -0.727173
6706 -0.731567
6707 -0.733032
6708 -0.726440
6709 -0.738892
6710 -0.720093
6711 -0.718506
6712 -0.722412
6713 -0.712891
6714 -0.726318
6715 -0.730713
6716 -0.726318
6717 -0.729248
6718 -0.729492
6719 -0.727173
6720 -0.720093
6721 -0.718018
6722 -0.715210
6723 -0.712891
6724 -0.727173
6725 -0.717896
6726 -0.706177
6727 -0.708496
6728 -0.705688
6729 -0.707642
6730 -0.717529
6731 -0.713745
6732 -0.682983
6733 -0.683350
6734 -0.693726
6735 -0.689941
6736 -0.702026
6737 -0.694336
6738 -0.697998
6739 -0.703125
6740 -0.696411
6741 -0.711060
6742 -0.701660
6743 -0.692871
6744 -0.681030
6745 -0.671387
6746 -0.678711
6747 -0.684082
6748 -0.688599
6749 -0.680908
6750 -0.678345
6751 -0.667236
6752 -0.661865
6753 -0.677002
6754 -0.659546
6755 -0.681152
6756 -0.662231
6757 -0.653442
6758 -0.642334
6759 -0.636353
6760 -0.638184
6761 -0.654785
6762 -0.650146
6763 -0.635498
6764 -0.613525
6765 -0.624512
6766 -0.633423
6767 -0.640259
6768 -0.660034
6769 -0.683472
6770 -0.671875
6771 -0.667969
6772 -0.667725
6773 -0.666382
6774 -0.656494
6775 -0.648682
6776 -0.641479
6777 -0.619507
6778 -0.623291
6779 -0.641602
6780 -0.639404
6781 -0.644165
6782 -0.651245
6783 -0.657471
6784 -0.682739
6785 -0.691040
6786 -0.711182
6787 -0.701538
6788 -0.721680
6789 -0.729370
6790 -0.736328
6791 -0.742798
6792 -0.747681
6793 -0.739990
6794 -0.739624
6795 -0.753540
6796 -0.753296
6797 -0.746704
6798 -0.745483
6799 -0.738525
6800 -0.732788
6801 -0.738159
6802 -0.742920
6803 -0.738281
6804 -0.747925
6805 -0.755737
6806 -0.748169
6807 -0.746338
6808 -0.740112
6809 -0.718506
6810 -0.719238
6811 -0.717041
6812 -0.725708
6813 -0.737671
6814 -0.743652
6815 -0.733154
6816 -0.744263
6817 -0.737427
6818 -0.746338
6819 -0.751343
6820 -0.750732
6821 -0.752808
6822 -0.762207
6823 -0.774414
6824 -0.766113
6825 -0.739380
6826 -0.731445
6827 -0.722534
6828 -0.709351
6829 -0.692627
6830 -0.679810
6831 -0.682129
6832 -0.703735
6833 -0.695068
6834 -0.703857
6835 -0.711304
6836 -0.711426
6837 -0.694092
6838 -0.703003
6839 -0.683350
6840 -0.670776
6841 -0.687622
6842 -0.687744
6843 -0.695190
6844 -0.693848
6845 -0.701538
6846 -0.697754
6847 -0.701660
6848 -0.713989
6849 -0.707886
6850 -0.721069
6851 -0.722412
6852 -0.708130
6853 -0.716919
6854 -0.725098
6855 -0.720947
6856 -0.724487
6857 -0.706055
6858 -0.713989
6859 -0.723877
6860 -0.729614
6861 -0.733765
6862 -0.748779
6863 -0.728760
6864 -0.747559
6865 -0.748657
6866 -0.744995
6867 -0.752197
6868 -0.760010
6869 -0.773682
6870 -0.784912
6871 -0.773926
6872 -0.777466
6873 -0.779175
6874 -0.770020
6875 -0.764648
6876 -0.769409
6877 -0.769287
6878 -0.787231
6879 -0.787354
6880 -0.786011
6881 -0.770630
6882 -0.751465
6883 -0.740967
6884 -0.737305
6885 -0.711304
6886 -0.714233
6887 -0.719727
6888 -0.716675
6889 -0.728516
6890 -0.732788
6891 -0.742432
6892 -0.724243
6893 -0.721680
6894 -0.716675
6895 -0.724976
6896 -0.710327
6897 -0.703857
6898 -0.699585
6899 -0.697144
6900 -0.708252
6901 -0.690796
6902 -0.692749
6903 -0.686768
6904 -0.698364
6905 -0.683716
6906 -0.681152
6907 -0.682251
6908 -0.677856
6909 -0.673950
6910 -0.680664
6911 -0.690918
6912 -0.665894
6913 -0.653564
6914 -0.655884
6915 -0.665039
6916 -0.662231
6917 -0.667969
6918 -0.655151
6919 -0.671143
6920 -0.679321
6921 -0.689819
6922 -0.692261
6923 -0.693481
6924 -0.692017
6925 -0.705200
6926 -0.702271
6927 -0.680542
6928 -0.681274
6929 -0.689819
6930 -0.695435
6931 -0.684937
6932 -0.680298
6933 -0.662964
6934 -0.677124
6935 -0.691650
6936 -0.694946
6937 -0.686157
6938 -0.676270
6939 -0.674683
6940 -0.669922
6941 -0.683105
6942 -0.683472
6943 -0.673096
6944 -0.673462
6945 -0.672363
6946 -0.672729
6947 -0.677124
6948 -0.673950
6949 -0.646240
6950 -0.658569
6951 -0.661377
6952 -0.669678
6953 -0.674805
6954 -0.677612
6955 -0.679810
6956 -0.674438
6957 -0.693726
6958 -0.697876
6959 -0.680420
6960 -0.682373
6961 -0.690674
6962 -0.694824
6963 -0.687378
6964 -0.688354
6965 -0.660034
6966 -0.686646
6967 -0.675781
6968 -0.670410
6969 -0.656494
6970 -0.646851
6971 -0.641357
6972 -0.653076
6973 -0.645996
6974 -0.647827
6975 -0.652588
6976 -0.650391
6977 -0.666504
6978 -0.656860
6979 -0.667358
6980 -0.646973
6981 -0.657837
6982 -0.656860
6983 -0.641113
6984 -0.637817
6985 -0.628174
6986 -0.626221
6987 -0.628662
6988 -0.612793
6989 -0.606934
6990 -0.611938
6991 -0.620361
6992 -0.619995
6993 -0.628906
6994 -0.639160
6995 -0.631226
6996 -0.611450
6997 -0.616577
6998 -0.605103
6999 -0.609619
7000 -0.619629
7001 -0.614868
7002 -0.624512
7003 -0.620239
7004 -0.637939
7005 -0.640381
7006 -0.641479
7007 -0.640503
7008 -0.667480
7009 -0.675903
7010 -0.671143
7011 -0.661987
7012 -0.643799
7013 -0.649902
7014 -0.656982
7015 -0.652954
7016 -0.655396
7017 -0.656494
7018 -0.656494
7019 -0.650269
7020 -0.686157
7021 -0.686157
7022 -0.688599
7023 -0.687988
7024 -0.693115
7025 -0.708008
7026 -0.698730
7027 -0.713623
7028 -0.699219
7029 -0.705688
7030 -0.685303
7031 -0.683228
7032 -0.694946
7033 -0.703735
7034 -0.692383
7035 -0.720215
7036 -0.726196
7037 -0.712646
7038 -0.703247
7039 -0.685791
7040 -0.678711
7041 -0.678711
7042 -0.671997
7043 -0.671509
7044 -0.692993
7045 -0.690186
7046 -0.682983
7047 -0.667725
7048 -0.648560
7049 -0.646851
7050 -0.647217
7051 -0.662476
7052 -0.664185
7053 -0.673218
7054 -0.659790
7055 -0.675293
7056 -0.706421
7057 -0.699341
7058 -0.702026
7059 -0.700928
7060 -0.704468
7061 -0.718628
7062 -0.707520
7063 -0.715332
7064 -0.709106
7065 -0.726196
7066 -0.727539
7067 -0.728638
7068 -0.723022
7069 -0.721802
7070 -0.720215
7071 -0.728027
7072 -0.731689
7073 -0.726929
7074 -0.710815
7075 -0.690063
7076 -0.689697
7077 -0.681885
7078 -0.692505
7079 -0.700684
7080 -0.685547
7081 -0.693359
7082 -0.700684
7083 -0.697388
7084 -0.695923
7085 -0.710571
7086 -0.684937
7087 -0.684082
7088 -0.684937
7089 -0.701172
7090 -0.700684
7091 -0.698364
7092 -0.703003
7093 -0.676025
7094 -0.684448
7095 -0.684204
7096 -0.674805
7097 -0.662964
7098 -0.652588
7099 -0.672119
7100 -0.673950
7101 -0.675781
7102 -0.674927
7103 -0.660889
7104 -0.657959
7105 -0.639282
7106 -0.632324
7107 -0.632324
7108 -0.621826
7109 -0.602783
7110 -0.607544
7111 -0.625366
7112 -0.625244
7113 -0.617432
7114 -0.604492
7115 -0.591187
7116 -0.600464
7117 -0.603760
7118 -0.605957
7119 -0.625610
7120 -0.621948
7121 -0.626587
7122 -0.631592
7123 -0.640381
7124 -0.642334
7125 -0.637939
7126 -0.650391
7127 -0.643555
7128 -0.653076
7129 -0.646484
7130 -0.662720
7131 -0.665894
7132 -0.671997
7133 -0.678345
7134 -0.686890
7135 -0.688232
7136 -0.679199
7137 -0.675415
7138 -0.679077
7139 -0.679443
7140 -0.675781
7141 -0.667847
7142 -0.665283
7143 -0.634277
7144 -0.639038
7145 -0.641235
7146 -0.652466
7147 -0.654663
7148 -0.651611
7149 -0.639160
7150 -0.645508
7151 -0.660645
7152 -0.644775
7153 -0.638550
7154 -0.641846
7155 -0.652466
7156 -0.620239
7157 -0.629517
7158 -0.623779
7159 -0.621460
7160 -0.623413
7161 -0.612671
7162 -0.610596
7163 -0.608276
7164 -0.602417
7165 -0.600220
7166 -0.600830
7167 -0.617798
7168 -0.634399
7169 -0.646240
7170 -0.629761
7171 -0.667847
7172 -0.665894
7173 -0.670654
7174 -0.663208
7175 -0.675659
7176 -0.661377
7177 -0.641724
7178 -0.633301
7179 -0.646118
7180 -0.645874
7181 -0.645020
7182 -0.648804
7183 -0.621826
7184 -0.637939
7185 -0.630371
7186 -0.643188
7187 -0.655273
7188 -0.654907
7189 -0.660400
7190 -0.647705
7191 -0.639160
7192 -0.625732
7193 -0.627441
7194 -0.643311
7195 -0.643921
7196 -0.640015
7197 -0.644287
7198 -0.646240
7199 -0.652954
7200 -0.664185
7201 -0.652710
7202 -0.642212
7203 -0.638184
7204 -0.631958
7205 -0.611084
7206 -0.617798
7207 -0.643066
7208 -0.622803
7209 -0.626343
7210 -0.622192
7211 -0.628540
7212 -0.614624
7213 -0.621948
7214 -0.600708
7215 -0.605469
7216 -0.583008
7217 -0.600342
7218 -0.579224
7219 -0.598877
7220 -0.598389
7221 -0.602783
7222 -0.595093
7223 -0.597046
7224 -0.589478
7225 -0.579956
7226 -0.578491
7227 -0.562134
7228 -0.564087
7229 -0.564575
7230 -0.548462
7231 -0.551147
7232 -0.556396
7233 -0.552979
7234 -0.548340
7235 -0.548950
7236 -0.553833
7237 -0.544312
7238 -0.558105
7239 -0.560791
7240 -0.564087
7241 -0.550659
7242 -0.556885
7243 -0.551880
7244 -0.573730
7245 -0.586182
7246 -0.561646
7247 -0.585205
7248 -0.580566
7249 -0.583618
7250 -0.588257
7251 -0.594849
7252 -0.582764
7253 -0.584961
7254 -0.604492
7255 -0.593262
7256 -0.575195
7257 -0.564453
7258 -0.603394
7259 -0.598755
7260 -0.590332
7261 -0.588867
7262 -0.593384
7263 -0.591675
7264 -0.602295
7265 -0.594727
7266 -0.584473
7267 -0.590454
7268 -0.575928
7269 -0.563721
7270 -0.557251
7271 -0.566162
7272 -0.574829
7273 -0.573486
7274 -0.593140
7275 -0.623047
7276 -0.634033
7277 -0.650635
7278 -0.655029
7279 -0.660400
7280 -0.671021
7281 -0.678833
7282 -0.689331
7283 -0.682373
7284 -0.686157
7285 -0.698242
7286 -0.713501
7287 -0.718628
7288 -0.712769
7289 -0.717651
7290 -0.705933
7291 -0.682617
7292 -0.678467
7293 -0.683350
7294 -0.653320
7295 -0.656616
7296 -0.655762
7297 -0.678711
7298 -0.695557
7299 -0.701538
7300 -0.698242
7301 -0.692505
7302 -0.692993
7303 -0.707397
7304 -0.709351
7305 -0.717773
7306 -0.712524
7307 -0.700195
7308 -0.720337
7309 -0.736694
7310 -0.707764
7311 -0.713257
7312 -0.735596
7313 -0.735962
7314 -0.740479
7315 -0.739258
7316 -0.736084
7317 -0.717651
7318 -0.698608
7319 -0.700928
7320 -0.680420
7321 -0.706421
7322 -0.699097
7323 -0.698853
7324 -0.699585
7325 -0.694946
7326 -0.683838
7327 -0.676636
7328 -0.688843
7329 -0.708374
7330 -0.695313
7331 -0.710327
7332 -0.692627
7333 -0.684326
7334 -0.669312
7335 -0.675781
7336 -0.678589
7337 -0.691040
7338 -0.680542
7339 -0.664795
7340 -0.670776
7341 -0.666626
7342 -0.652344
7343 -0.634521
7344 -0.639282
7345 -0.644653
7346 -0.632080
7347 -0.624268
7348 -0.637817
7349 -0.647583
7350 -0.674683
7351 -0.679688
7352 -0.683228
7353 -0.682495
7354 -0.688477
7355 -0.667358
7356 -0.659058
7357 -0.640381
7358 -0.641846
7359 -0.640381
7360 -0.644287
7361 -0.634888
7362 -0.636230
7363 -0.634399
7364 -0.621582
7365 -0.623413
7366 -0.636841
7367 -0.658325
7368 -0.660645
7369 -0.657349
7370 -0.640381
7371 -0.642700
7372 -0.630981
7373 -0.642700
7374 -0.634155
7375 -0.661377
7376 -0.662109
7377 -0.654297
7378 -0.661499
7379 -0.653320
7380 -0.641479
7381 -0.639771
7382 -0.660522
7383 -0.679565
7384 -0.689575
7385 -0.671997
7386 -0.683960
7387 -0.677979
7388 -0.671875
7389 -0.666992
7390 -0.664551
7391 -0.664673
7392 -0.670288
7393 -0.677368
7394 -0.667358
7395 -0.682373
7396 -0.684937
7397 -0.681274
7398 -0.680664
7399 -0.659424
7400 -0.661133
7401 -0.670776
7402 -0.677979
7403 -0.683228
7404 -0.680298
7405 -0.672485
7406 -0.671875
7407 -0.670654
7408 -0.659790
7409 -0.673950
7410 -0.666260
7411 -0.663574
7412 -0.658203
7413 -0.676514
7414 -0.689697
7415 -0.696533
7416 -0.695679
7417 -0.693237
7418 -0.683838
7419 -0.690430
7420 -0.678833
7421 -0.673584
7422 -0.676147
7423 -0.696045
7424 -0.702026
7425 -0.697876
7426 -0.693115
7427 -0.711182
7428 -0.712891
7429 -0.720459
7430 -0.728760
7431 -0.732178
7432 -0.730835
7433 -0.757080
7434 -0.750000
7435 -0.746948
7436 -0.746216
7437 -0.757080
7438 -0.760010
7439 -0.740356
7440 -0.744751
7441 -0.737549
7442 -0.722168
7443 -0.721436
7444 -0.715454
7445 -0.706421
7446 -0.708618
7447 -0.707397
7448 -0.684937
7449 -0.690308
7450 -0.679077
7451 -0.677979
7452 -0.671997
7453 -0.667236
7454 -0.666748
7455 -0.647217
7456 -0.668579
7457 -0.672363
7458 -0.670776
7459 -0.670898
7460 -0.674927
7461 -0.670898
7462 -0.690552
7463 -0.696045
7464 -0.703247
7465 -0.706055
7466 -0.716431
7467 -0.715698
7468 -0.696411
7469 -0.679443
7470 -0.657104
7471 -0.653809
7472 -0.681152
7473 -0.678833
7474 -0.683472
7475 -0.682007
7476 -0.689575
7477 -0.703979
7478 -0.695557
7479 -0.712646
7480 -0.694214
7481 -0.701050
7482 -0.710205
7483 -0.697144
7484 -0.682739
7485 -0.694702
7486 -0.685303
7487 -0.684082
7488 -0.691772
7489 -0.693481
7490 -0.678955
7491 -0.677856
7492 -0.680786
7493 -0.687622
7494 -0.692505
7495 -0.685791
7496 -0.671875
7497 -0.671509
7498 -0.674438
7499 -0.661255
7500 -0.672974
7501 -0.671143
7502 -0.668457
7503 -0.675171
7504 -0.671875
7505 -0.670776
7506 -0.682373
7507 -0.691772
7508 -0.673096
7509 -0.683960
7510 -0.670776
7511 -0.674561
7512 -0.680908
7513 -0.687012
7514 -0.688477
7515 -0.657959
7516 -0.655640
7517 -0.666870
7518 -0.674683
7519 -0.672363
7520 -0.686035
7521 -0.683594
7522 -0.701050
7523 -0.699463
7524 -0.694336
7525 -0.688599
7526 -0.686157
7527 -0.697998
7528 -0.675293
7529 -0.694092
7530 -0.695557
7531 -0.699707
7532 -0.686523
7533 -0.698730
7534 -0.693970
7535 -0.722534
7536 -0.721680
7537 -0.705322
7538 -0.714844
7539 -0.710938
7540 -0.705078
7541 -0.701660
7542 -0.703735
7543 -0.708008
7544 -0.713135
7545 -0.708496
7546 -0.689697
7547 -0.689819
7548 -0.676392
7549 -0.692993
7550 -0.694702
7551 -0.693237
7552 -0.689575
7553 -0.673462
7554 -0.666382
7555 -0.683228
7556 -0.666626
7557 -0.668335
7558 -0.683960
7559 -0.677979
7560 -0.677124
7561 -0.669678
7562 -0.656128
7563 -0.664429
7564 -0.668701
7565 -0.670288
7566 -0.660889
7567 -0.653198
7568 -0.668091
7569 -0.652100
7570 -0.649536
7571 -0.641235
7572 -0.640015
7573 -0.640503
7574 -0.649536
7575 -0.642822
7576 -0.637207
7577 -0.628174
7578 -0.616333
7579 -0.627930
7580 -0.629761
7581 -0.637817
7582 -0.653687
7583 -0.662476
7584 -0.660889
7585 -0.660767
7586 -0.653809
7587 -0.668579
7588 -0.682251
7589 -0.702026
7590 -0.693848
7591 -0.696289
7592 -0.700684
7593 -0.697388
7594 -0.698608
7595 -0.697388
7596 -0.704590
7597 -0.696899
7598 -0.704590
7599 -0.691284
7600 -0.708008
7601 -0.677490
7602 -0.689453
7603 -0.671631
7604 -0.686279
7605 -0.688110
7606 -0.662964
7607 -0.689575
7608 -0.685059
7609 -0.697998
7610 -0.674683
7611 -0.691650
7612 -0.694824
7613 -0.723877
7614 -0.714111
7615 -0.719971
7616 -0.734619
7617 -0.719727
7618 -0.706177
7619 -0.730469
7620 -0.698730
7621 -0.685425
7622 -0.685303
7623 -0.686768
7624 -0.689575
7625 -0.689697
7626 -0.687378
7627 -0.706665
7628 -0.699097
7629 -0.695190
7630 -0.694214
7631 -0.696289
7632 -0.694702
7633 -0.695679
7634 -0.677246
7635 -0.674561
7636 -0.694824
7637 -0.714722
7638 -0.699951
7639 -0.709106
7640 -0.702271
7641 -0.710571
7642 -0.709839
7643 -0.713989
7644 -0.710815
7645 -0.722900
7646 -0.733032
7647 -0.722534
7648 -0.713867
7649 -0.697876
7650 -0.702271
7651 -0.705078
7652 -0.679321
7653 -0.675903
7654 -0.684692
7655 -0.673218
7656 -0.675537
7657 -0.677856
7658 -0.681030
7659 -0.679199
7660 -0.692871
7661 -0.692993
7662 -0.691650
7663 -0.690552
7664 -0.705322
7665 -0.698364
7666 -0.690430
7667 -0.661133
7668 -0.655151
7669 -0.655518
7670 -0.650269
7671 -0.662476
7672 -0.671021
7673 -0.677246
7674 -0.683960
7675 -0.678223
7676 -0.667969
7677 -0.671875
7678 -0.668335
7679 -0.668823
7680 -0.648926
7681 -0.651367
7682 -0.652344
7683 -0.626343
7684 -0.637329
7685 -0.622925
7686 -0.656128
7687 -0.641113
7688 -0.641602
7689 -0.646973
7690 -0.655396
7691 -0.659912
7692 -0.662354
7693 -0.647949
7694 -0.643555
7695 -0.644897
7696 -0.657959
7697 -0.650757
7698 -0.641846
7699 -0.655762
7700 -0.658203
7701 -0.654419
7702 -0.647217
7703 -0.641113
7704 -0.649048
7705 -0.651978
7706 -0.651855
7707 -0.660522
7708 -0.656982
7709 -0.669312
7710 -0.675049
7711 -0.677734
7712 -0.666626
7713 -0.694946
7714 -0.697998
7715 -0.689331
7716 -0.682739
7717 -0.671875
7718 -0.656860
7719 -0.660522
7720 -0.656860
7721 -0.676025
7722 -0.665649
7723 -0.665405
7724 -0.676270
7725 -0.662476
7726 -0.655884
7727 -0.635254
7728 -0.641235
7729 -0.652832
7730 -0.658325
7731 -0.671143
7732 -0.683228
7733 -0.672485
7734 -0.688232
7735 -0.671265
7736 -0.670898
7737 -0.657593
7738 -0.658081
7739 -0.661987
7740 -0.689697
7741 -0.708374
7742 -0.698120
7743 -0.703003
7744 -0.692871
7745 -0.693237
7746 -0.692749
7747 -0.693970
7748 -0.692261
7749 -0.702881
7750 -0.694092
7751 -0.694580
7752 -0.699463
7753 -0.683960
7754 -0.683472
7755 -0.675781
7756 -0.680908
7757 -0.682495
7758 -0.678833
7759 -0.669678
7760 -0.646484
7761 -0.634521
7762 -0.640991
7763 -0.632935
7764 -0.619263
7765 -0.637329
7766 -0.626953
7767 -0.626709
7768 -0.628540
7769 -0.629883
7770 -0.638062
7771 -0.643433
7772 -0.658447
7773 -0.658203
7774 -0.658447
7775 -0.661011
7776 -0.640503
7777 -0.616333
7778 -0.620361
7779 -0.615356
7780 -0.609131
7781 -0.616577
7782 -0.611206
7783 -0.609253
7784 -0.618896
7785 -0.631592
7786 -0.635620
7787 -0.641357
7788 -0.640991
7789 -0.667480
7790 -0.664551
7791 -0.657715
7792 -0.640747
7793 -0.656128
7794 -0.650024
7795 -0.665283
7796 -0.648071
7797 -0.664551
7798 -0.673950
7799 -0.661377
7800 -0.656128
7801 -0.667114
7802 -0.666016
7803 -0.667236
7804 -0.675537
7805 -0.674805
7806 -0.669678
7807 -0.658569
7808 -0.639282
7809 -0.635620
7810 -0.618530
7811 -0.615356
7812 -0.619141
7813 -0.619385
7814 -0.613647
7815 -0.616699
7816 -0.625977
7817 -0.631836
7818 -0.636841
7819 -0.660767
7820 -0.649536
7821 -0.646118
7822 -0.645630
7823 -0.635010
7824 -0.642944
7825 -0.636353
7826 -0.651489
7827 -0.655640
7828 -0.650879
7829 -0.644897
7830 -0.651001
7831 -0.665283
7832 -0.662476
7833 -0.679077
7834 -0.691284
7835 -0.698242
7836 -0.695313
7837 -0.700439
7838 -0.710327
7839 -0.720581
7840 -0.709473
7841 -0.717041
7842 -0.703491
7843 -0.733154
7844 -0.730713
7845 -0.722046
7846 -0.706177
7847 -0.714355
7848 -0.712769
7849 -0.710327
7850 -0.712891
7851 -0.698120
7852 -0.701050
7853 -0.710205
7854 -0.715210
7855 -0.694458
7856 -0.693359
7857 -0.684204
7858 -0.674805
7859 -0.672852
7860 -0.679199
7861 -0.695923
7862 -0.696899
7863 -0.701172
7864 -0.700684
7865 -0.691528
7866 -0.686401
7867 -0.678223
7868 -0.689331
7869 -0.690796
7870 -0.674316
7871 -0.674316
7872 -0.665771
7873 -0.676270
7874 -0.686035
7875 -0.685913
7876 -0.679443
7877 -0.703369
7878 -0.705566
7879 -0.703003
7880 -0.711914
7881 -0.733887
7882 -0.711792
7883 -0.692383
7884 -0.694946
7885 -0.703613
7886 -0.721680
7887 -0.728271
7888 -0.728638
7889 -0.738525
7890 -0.730591
7891 -0.694580
7892 -0.682739
7893 -0.673218
7894 -0.674194
7895 -0.689575
7896 -0.697754
7897 -0.686523
7898 -0.685547
7899 -0.701172
7900 -0.686157
7901 -0.674805
7902 -0.686157
7903 -0.679810
7904 -0.668213
7905 -0.656982
7906 -0.657349
7907 -0.663086
7908 -0.658081
7909 -0.653564
7910 -0.659302
7911 -0.672974
7912 -0.663696
7913 -0.677612
7914 -0.690674
7915 -0.690186
7916 -0.706543
7917 -0.690918
7918 -0.701782
7919 -0.695313
7920 -0.691040
7921 -0.682861
7922 -0.678833
7923 -0.675659
7924 -0.675659
7925 -0.680786
7926 -0.690918
7927 -0.690186
7928 -0.681152
7929 -0.703613
7930 -0.721924
7931 -0.725342
7932 -0.728027
7933 -0.715454
7934 -0.700806
7935 -0.704590
7936 -0.694458
7937 -0.693848
7938 -0.707642
7939 -0.707031
7940 -0.710449
7941 -0.718018
7942 -0.717529
7943 -0.713745
7944 -0.720825
7945 -0.721313
7946 -0.709961
7947 -0.727051
7948 -0.719238
7949 -0.729248
7950 -0.731079
7951 -0.725098
7952 -0.727783
7953 -0.730225
7954 -0.719360
7955 -0.727417
7956 -0.736694
7957 -0.739746
7958 -0.734497
7959 -0.753418
7960 -0.755615
7961 -0.739624
7962 -0.744385
7963 -0.732056
7964 -0.734253
7965 -0.735718
7966 -0.728882
7967 -0.729858
7968 -0.731934
7969 -0.717041
7970 -0.725830
7971 -0.733765
7972 -0.728516
7973 -0.736206
7974 -0.754761
7975 -0.770386
7976 -0.746460
7977 -0.742188
7978 -0.745239
7979 -0.740479
7980 -0.721313
7981 -0.715820
7982 -0.728516
7983 -0.738281
7984 -0.717407
7985 -0.743652
7986 -0.739624
7987 -0.729004
7988 -0.730225
7989 -0.720337
7990 -0.707520
7991 -0.694580
7992 -0.698486
7993 -0.692139
7994 -0.696167
7995 -0.704712
7996 -0.700195
7997 -0.710449
7998 -0.714966
7999 -0.720093
8000 -0.718628
8001 -0.727905
8002 -0.721924
8003 -0.702515
8004 -0.684326
8005 -0.677979
8006 -0.679688
8007 -0.680908
8008 -0.676147
8009 -0.687500
8010 -0.691528
8011 -0.684937
8012 -0.688232
8013 -0.677612
8014 -0.695679
8015 -0.682251
8016 -0.674683
8017 -0.681763
8018 -0.692993
8019 -0.696289
8020 -0.689087
8021 -0.683838
8022 -0.666260
8023 -0.647461
8024 -0.656372
8025 -0.667114
8026 -0.664063
8027 -0.666992
8028 -0.669800
8029 -0.653198
8030 -0.645386
8031 -0.642334
8032 -0.649048
8033 -0.654419
8034 -0.639282
8035 -0.654419
8036 -0.658691
8037 -0.671753
8038 -0.674561
8039 -0.660156
8040 -0.663330
8041 -0.664917
8042 -0.673462
8043 -0.679199
8044 -0.670532
8045 -0.694458
8046 -0.699219
8047 -0.712036
8048 -0.731689
8049 -0.718384
8050 -0.713745
8051 -0.714600
8052 -0.708984
8053 -0.723022
8054 -0.732300
8055 -0.715088
8056 -0.726318
8057 -0.711792
8058 -0.693359
8059 -0.700317
8060 -0.713013
8061 -0.707275
8062 -0.689087
8063 -0.675293
8064 -0.687988
8065 -0.674561
8066 -0.670288
8067 -0.675781
8068 -0.674316
8069 -0.666138
8070 -0.662720
8071 -0.654419
8072 -0.661499
8073 -0.667358
8074 -0.678711
8075 -0.674072
8076 -0.674927
8077 -0.685791
8078 -0.670288
8079 -0.657593
8080 -0.649658
8081 -0.671509
8082 -0.695923
8083 -0.701782
8084 -0.704834
8085 -0.705688
8086 -0.705078
8087 -0.718018
8088 -0.730103
8089 -0.703125
8090 -0.688232
8091 -0.690063
8092 -0.678467
8093 -0.684326
8094 -0.680664
8095 -0.686523
8096 -0.682373
8097 -0.678467
8098 -0.678955
8099 -0.685791
8100 -0.694092
8101 -0.686157
8102 -0.689331
8103 -0.697632
8104 -0.706909
8105 -0.711792
8106 -0.705200
8107 -0.706299
8108 -0.698120
8109 -0.690552
8110 -0.692017
8111 -0.689575
8112 -0.683350
8113 -0.680054
8114 -0.692993
8115 -0.708740
8116 -0.713867
8117 -0.703613
8118 -0.708862
8119 -0.734253
8120 -0.731812
8121 -0.741577
8122 -0.745728
8123 -0.729370
8124 -0.725220
8125 -0.721191
8126 -0.730347
8127 -0.739868
8128 -0.731812
8129 -0.749756
8130 -0.735352
8131 -0.746338
8132 -0.747192
8133 -0.725464
8134 -0.718872
8135 -0.722656
8136 -0.721191
8137 -0.731812
8138 -0.727661
8139 -0.730835
8140 -0.710083
8141 -0.699219
8142 -0.696167
8143 -0.680786
8144 -0.692627
8145 -0.687256
8146 -0.680786
8147 -0.654663
8148 -0.654541
8149 -0.657349
8150 -0.666260
8151 -0.657837
8152 -0.662109
8153 -0.666138
8154 -0.662720
8155 -0.678345
8156 -0.685791
8157 -0.685913
8158 -0.682007
8159 -0.675903
8160 -0.659180
8161 -0.662720
8162 -0.653198
8163 -0.649414
8164 -0.648438
8165 -0.651245
8166 -0.638550
8167 -0.623047
8168 -0.630005
8169 -0.632446
8170 -0.636597
8171 -0.647705
8172 -0.673706
8173 -0.663940
8174 -0.662842
8175 -0.680786
8176 -0.677490
8177 -0.684448
8178 -0.675903
8179 -0.666626
8180 -0.679443
8181 -0.683472
8182 -0.693481
8183 -0.695068
8184 -0.708008
8185 -0.703491
8186 -0.695557
8187 -0.693848
8188 -0.681152
8189 -0.695068
8190 -0.673828
8191 -0.689819
8192 -0.702881
8193 -0.696411
8194 -0.698120
8195 -0.702393
8196 -0.708008
8197 -0.682617
8198 -0.668457
8199 -0.668945
8200 -0.656128
8201 -0.659668
8202 -0.661743
8203 -0.651611
8204 -0.659912
8205 -0.657593
8206 -0.657959
8207 -0.662720
8208 -0.678833
8209 -0.668335
8210 -0.650146
8211 -0.656006
8212 -0.647095
8213 -0.648804
8214 -0.623657
8215 -0.621338
8216 -0.607056
8217 -0.613159
8218 -0.608032
8219 -0.599609
8220 -0.614746
8221 -0.614380
8222 -0.604614
8223 -0.614258
8224 -0.612305
8225 -0.608032
8226 -0.601929
8227 -0.593872
8228 -0.611938
8229 -0.607178
8230 -0.615356
8231 -0.602905
8232 -0.618164
8233 -0.608398
8234 -0.599121
8235 -0.594238
8236 -0.581787
8237 -0.585449
8238 -0.596313
8239 -0.610840
8240 -0.635010
8241 -0.642456
8242 -0.636841
8243 -0.633545
8244 -0.648071
8245 -0.644165
8246 -0.639771
8247 -0.638794
8248 -0.651001
8249 -0.651855
8250 -0.661499
8251 -0.660156
8252 -0.663940
8253 -0.665527
8254 -0.665527
8255 -0.655273
8256 -0.668823
8257 -0.671387
8258 -0.664917
8259 -0.662598
8260 -0.666870
8261 -0.675049
8262 -0.683716
8263 -0.701050
8264 -0.697021
8265 -0.697021
8266 -0.695435
8267 -0.676025
8268 -0.674561
8269 -0.678223
8270 -0.675537
8271 -0.685547
8272 -0.677368
8273 -0.679321
8274 -0.678711
8275 -0.692993
8276 -0.692627
8277 -0.686279
8278 -0.669067
8279 -0.657837
8280 -0.671753
8281 -0.684570
8282 -0.672241
8283 -0.688599
8284 -0.691772
8285 -0.690430
8286 -0.690430
8287 -0.691528
8288 -0.683350
8289 -0.694092
8290 -0.682861
8291 -0.697876
8292 -0.702148
8293 -0.696045
8294 -0.704224
8295 -0.677856
8296 -0.692871
8297 -0.683960
8298 -0.684937
8299 -0.677856
8300 -0.682251
8301 -0.675415
8302 -0.656250
8303 -0.673340
8304 -0.662109
8305 -0.646240
8306 -0.650635
8307 -0.657227
8308 -0.673706
8309 -0.665894
8310 -0.685913
8311 -0.687256
8312 -0.693726
8313 -0.697754
8314 -0.675781
8315 -0.682983
8316 -0.678589
8317 -0.681763
8318 -0.672852
8319 -0.691284
8320 -0.695190
8321 -0.700684
8322 -0.696289
8323 -0.677368
8324 -0.678589
8325 -0.680054
8326 -0.672852
8327 -0.677856
8328 -0.671631
8329 -0.672974
8330 -0.657471
8331 -0.658813
8332 -0.674561
8333 -0.692261
8334 -0.690186
8335 -0.685425
8336 -0.672607
8337 -0.673462
8338 -0.654297
8339 -0.649292
8340 -0.646851
8341 -0.657227
8342 -0.659058
8343 -0.667603
8344 -0.684692
8345 -0.673828
8346 -0.649292
8347 -0.654053
8348 -0.667969
8349 -0.666016
8350 -0.662354
8351 -0.679688
8352 -0.689453
8353 -0.679443
8354 -0.663940
8355 -0.672607
8356 -0.674805
8357 -0.669312
8358 -0.674194
8359 -0.675049
8360 -0.672607
8361 -0.677979
8362 -0.674683
8363 -0.671509
8364 -0.667236
8365 -0.680298
8366 -0.682495
8367 -0.684204
8368 -0.670166
8369 -0.663818
8370 -0.684937
8371 -0.678833
8372 -0.682495
8373 -0.672119
8374 -0.670654
8375 -0.684326
8376 -0.657715
8377 -0.679810
8378 -0.681396
8379 -0.671387
8380 -0.677368
8381 -0.683960
8382 -0.687378
8383 -0.664673
8384 -0.656982
8385 -0.651978
8386 -0.649414
8387 -0.659668
8388 -0.643066
8389 -0.664063
8390 -0.660645
8391 -0.661865
8392 -0.650024
8393 -0.665894
8394 -0.679077
8395 -0.670410
8396 -0.660645
8397 -0.661987
8398 -0.649658
8399 -0.656860
8400 -0.649292
8401 -0.645752
8402 -0.656738
8403 -0.644775
8404 -0.645508
8405 -0.657593
8406 -0.668335
8407 -0.652100
8408 -0.652100
8409 -0.653564
8410 -0.648560
8411 -0.651123
8412 -0.648315
8413 -0.653687
8414 -0.658325
8415 -0.653076
8416 -0.657227
8417 -0.645020
8418 -0.633667
8419 -0.632813
8420 -0.623047
8421 -0.605347
8422 -0.628662
8423 -0.634766
8424 -0.637451
8425 -0.649658
8426 -0.655396
8427 -0.659912
8428 -0.658569
8429 -0.650146
8430 -0.655151
8431 -0.654419
8432 -0.656128
8433 -0.669800
8434 -0.664185
8435 -0.678467
8436 -0.676025
8437 -0.668457
8438 -0.667969
8439 -0.672363
8440 -0.656006
8441 -0.656128
8442 -0.668945
8443 -0.687378
8444 -0.683472
8445 -0.687378
8446 -0.681274
8447 -0.657959
8448 -0.652466
8449 -0.650513
8450 -0.650146
8451 -0.649536
8452 -0.655762
8453 -0.671021
8454 -0.668091
8455 -0.662231
8456 -0.657593
8457 -0.645630
8458 -0.644531
8459 -0.648926
8460 -0.649170
8461 -0.634399
8462 -0.638306
8463 -0.652100
8464 -0.652954
8465 -0.655029
8466 -0.649048
8467 -0.647339
8468 -0.647339
8469 -0.641724
8470 -0.633545
8471 -0.643066
8472 -0.648071
8473 -0.667603
8474 -0.646362
8475 -0.655151
8476 -0.655762
8477 -0.645508
8478 -0.643433
8479 -0.651123
8480 -0.652466
8481 -0.654663
8482 -0.663208
8483 -0.680786
8484 -0.687866
8485 -0.681885
8486 -0.689941
8487 -0.689331
8488 -0.668213
8489 -0.671021
8490 -0.675537
8491 -0.679810
8492 -0.679199
8493 -0.679688
8494 -0.685059
8495 -0.698608
8496 -0.703125
8497 -0.687988
8498 -0.699463
8499 -0.704346
8500 -0.700928
8501 -0.708374
8502 -0.712646
8503 -0.693237
8504 -0.668823
8505 -0.669922
8506 -0.688721
8507 -0.681152
8508 -0.686035
8509 -0.686890
8510 -0.688232
8511 -0.696411
8512 -0.687256
8513 -0.692383
8514 -0.703247
8515 -0.697021
8516 -0.685547
8517 -0.687622
8518 -0.703125
8519 -0.694946
8520 -0.698975
8521 -0.701782
8522 -0.726074
8523 -0.728638
8524 -0.710815
8525 -0.706055
8526 -0.702026
8527 -0.691895
8528 -0.691650
8529 -0.686646
8530 -0.685425
8531 -0.688232
8532 -0.686157
8533 -0.668335
8534 -0.679810
8535 -0.695313
8536 -0.695068
8537 -0.695435
8538 -0.701538
8539 -0.689575
8540 -0.688477
8541 -0.701294
8542 -0.702637
8543 -0.701538
8544 -0.705322
8545 -0.733887
8546 -0.705078
8547 -0.701050
8548 -0.691650
8549 -0.697021
8550 -0.689819
8551 -0.672363
8552 -0.680908
8553 -0.684326
8554 -0.693481
8555 -0.696655
8556 -0.676758
8557 -0.670532
8558 -0.686035
8559 -0.684937
8560 -0.679199
8561 -0.668213
8562 -0.664185
8563 -0.659180
8564 -0.671265
8565 -0.663330
8566 -0.675415
8567 -0.691895
8568 -0.705566
8569 -0.707153
8570 -0.719849
8571 -0.746338
8572 -0.750244
8573 -0.734863
8574 -0.748169
8575 -0.729004
8576 -0.713745
8577 -0.717407
8578 -0.721924
8579 -0.707764
8580 -0.709351
8581 -0.696655
8582 -0.696777
8583 -0.689697
8584 -0.714966
8585 -0.716064
8586 -0.715942
8587 -0.711792
8588 -0.708130
8589 -0.715576
8590 -0.730957
8591 -0.722046
8592 -0.722778
8593 -0.725220
8594 -0.731079
8595 -0.746338
8596 -0.743164
8597 -0.733398
8598 -0.733643
8599 -0.721558
8600 -0.731934
8601 -0.723145
8602 -0.719116
8603 -0.731689
8604 -0.712524
8605 -0.712646
8606 -0.719849
8607 -0.711914
8608 -0.705444
8609 -0.718506
8610 -0.711548
8611 -0.715454
8612 -0.710327
8613 -0.706421
8614 -0.682007
8615 -0.676880
8616 -0.700806
8617 -0.693359
8618 -0.696289
8619 -0.694580
8620 -0.699829
8621 -0.701660
8622 -0.713623
8623 -0.710449
8624 -0.710693
8625 -0.700684
8626 -0.683716
8627 -0.684937
8628 -0.692261
8629 -0.692749
8630 -0.692505
8631 -0.702515
8632 -0.700562
8633 -0.684937
8634 -0.683105
8635 -0.685669
8636 -0.673584
8637 -0.686035
8638 -0.671387
8639 -0.685181
8640 -0.677002
8641 -0.695068
8642 -0.706055
8643 -0.708740
8644 -0.699951
8645 -0.708862
8646 -0.692505
8647 -0.707275
8648 -0.686157
8649 -0.707397
8650 -0.711060
8651 -0.710815
8652 -0.721680
8653 -0.710327
8654 -0.711304
8655 -0.701782
8656 -0.704712
8657 -0.705444
8658 -0.708130
8659 -0.709595
8660 -0.712158
8661 -0.710571
8662 -0.703003
8663 -0.698853
8664 -0.706665
8665 -0.702515
8666 -0.704468
8667 -0.715454
8668 -0.728638
8669 -0.721436
8670 -0.709351
8671 -0.708984
8672 -0.725464
8673 -0.718018
8674 -0.706909
8675 -0.710815
8676 -0.711914
8677 -0.731079
8678 -0.743652
8679 -0.749634
8680 -0.745483
8681 -0.737549
8682 -0.729492
8683 -0.730591
8684 -0.742554
8685 -0.758789
8686 -0.764526
8687 -0.748047
8688 -0.746338
8689 -0.738281
8690 -0.741211
8691 -0.737061
8692 -0.737183
8693 -0.731689
8694 -0.737793
8695 -0.745361
8696 -0.747803
8697 -0.739624
8698 -0.722168
8699 -0.732056
8700 -0.708740
8701 -0.698242
8702 -0.703735
8703 -0.692993
8704 -0.684326
8705 -0.680664
8706 -0.679688
8707 -0.668579
8708 -0.671021
8709 -0.682495
8710 -0.700684
8711 -0.696289
8712 -0.710938
8713 -0.703735
8714 -0.694946
8715 -0.696777
8716 -0.691650
8717 -0.686035
8718 -0.704102
8719 -0.722168
8720 -0.741699
8721 -0.740967
8722 -0.736816
8723 -0.737671
8724 -0.749146
8725 -0.743774
8726 -0.744385
8727 -0.731445
8728 -0.723145
8729 -0.724731
8730 -0.738403
8731 -0.733765
8732 -0.735962
8733 -0.739014
8734 -0.743896
8735 -0.740967
8736 -0.742310
8737 -0.759277
8738 -0.774292
8739 -0.771118
8740 -0.773804
8741 -0.772461
8742 -0.764893
8743 -0.762695
8744 -0.767822
8745 -0.774048
8746 -0.765381
8747 -0.755127
8748 -0.745361
8749 -0.762939
8750 -0.751709
8751 -0.759277
8752 -0.758667
8753 -0.761719
8754 -0.759766
8755 -0.749023
8756 -0.728638
8757 -0.734131
8758 -0.728516
8759 -0.723877
8760 -0.733521
8761 -0.743042
8762 -0.733276
8763 -0.731079
8764 -0.714844
8765 -0.707275
8766 -0.713623
8767 -0.714966
8768 -0.714844
8769 -0.696045
8770 -0.714600
8771 -0.705322
8772 -0.712891
8773 -0.691162
8774 -0.701538
8775 -0.711182
8776 -0.722290
8777 -0.737061
8778 -0.744629
8779 -0.726074
8780 -0.741455
8781 -0.726196
8782 -0.732056
8783 -0.728271
8784 -0.736450
8785 -0.731201
8786 -0.720337
8787 -0.714355
8788 -0.705078
8789 -0.721191
8790 -0.731201
8791 -0.723022
8792 -0.722656
8793 -0.739136
8794 -0.752075
8795 -0.735596
8796 -0.736572
8797 -0.732056
8798 -0.735229
8799 -0.725708
8800 -0.706665
8801 -0.694702
8802 -0.691895
8803 -0.698608
8804 -0.718750
8805 -0.726563
8806 -0.730103
8807 -0.720703
8808 -0.722412
8809 -0.728394
8810 -0.727051
8811 -0.731201
8812 -0.727173
8813 -0.735229
8814 -0.736572
8815 -0.761719
8816 -0.761475
8817 -0.759399
8818 -0.727417
8819 -0.744141
8820 -0.707764
8821 -0.710571
8822 -0.720093
8823 -0.729248
8824 -0.715332
8825 -0.720947
8826 -0.709473
8827 -0.717163
8828 -0.723022
8829 -0.727905
8830 -0.712158
8831 -0.694580
8832 -0.683960
8833 -0.672119
8834 -0.674438
8835 -0.657593
8836 -0.659180
8837 -0.662964
8838 -0.668823
8839 -0.681030
8840 -0.680664
8841 -0.672607
8842 -0.686523
8843 -0.680420
8844 -0.679199
8845 -0.679688
8846 -0.680664
8847 -0.667725
8848 -0.683105
8849 -0.698975
8850 -0.704346
8851 -0.705200
8852 -0.698486
8853 -0.699219
8854 -0.684326
8855 -0.687866
8856 -0.704346
8857 -0.717285
8858 -0.722290
8859 -0.716431
8860 -0.733521
8861 -0.755981
8862 -0.758911
8863 -0.750000
8864 -0.744629
8865 -0.735229
8866 -0.715332
8867 -0.726929
8868 -0.740356
8869 -0.728027
8870 -0.733276
8871 -0.707764
8872 -0.701904
8873 -0.720581
8874 -0.708862
8875 -0.694824
8876 -0.692627
8877 -0.701538
8878 -0.693481
8879 -0.699707
8880 -0.705566
8881 -0.706421
8882 -0.693848
8883 -0.683716
8884 -0.691528
8885 -0.714111
8886 -0.715576
8887 -0.713867
8888 -0.701904
8889 -0.697144
8890 -0.695801
8891 -0.710815
8892 -0.720947
8893 -0.726318
8894 -0.718506
8895 -0.705933
8896 -0.692871
8897 -0.710571
8898 -0.725586
8899 -0.729126
8900 -0.720459
8901 -0.713867
8902 -0.702271
8903 -0.703491
8904 -0.694214
8905 -0.721069
8906 -0.712891
8907 -0.710571
8908 -0.717529
8909 -0.726196
8910 -0.717773
8911 -0.718384
8912 -0.735596
8913 -0.720093
8914 -0.712158
8915 -0.711914
8916 -0.700195
8917 -0.698364
8918 -0.701416
8919 -0.704590
8920 -0.698364
8921 -0.691650
8922 -0.702759
8923 -0.700928
8924 -0.699829
8925 -0.684082
8926 -0.673096
8927 -0.664429
8928 -0.672241
8929 -0.664307
8930 -0.658813
8931 -0.641968
8932 -0.634766
8933 -0.661865
8934 -0.655518
8935 -0.663940
8936 -0.668945
8937 -0.658447
8938 -0.684570
8939 -0.667603
8940 -0.684814
8941 -0.684204
8942 -0.698120
8943 -0.705322
8944 -0.701050
8945 -0.680908
8946 -0.667603
8947 -0.674805
8948 -0.676758
8949 -0.678589
8950 -0.699951
8951 -0.696289
8952 -0.675781
8953 -0.670410
8954 -0.667358
8955 -0.675415
8956 -0.667847
8957 -0.695923
8958 -0.681152
8959 -0.697754
8960 -0.699585
8961 -0.700928
8962 -0.703735
8963 -0.706421
8964 -0.686890
8965 -0.683350
8966 -0.687378
8967 -0.704468
8968 -0.704956
8969 -0.712646
8970 -0.703979
8971 -0.688599
8972 -0.716919
8973 -0.730835
8974 -0.723389
8975 -0.718384
8976 -0.711914
8977 -0.719238
8978 -0.707886
8979 -0.700806
8980 -0.688721
8981 -0.689941
8982 -0.688354
8983 -0.688232
8984 -0.677368
8985 -0.673096
8986 -0.688599
8987 -0.682251
8988 -0.674072
8989 -0.668701
8990 -0.672119
8991 -0.651611
8992 -0.664917
8993 -0.670532
8994 -0.686035
8995 -0.670898
8996 -0.668823
8997 -0.678345
8998 -0.684082
8999 -0.677734
9000 -0.673950
9001 -0.672241
9002 -0.676147
9003 -0.692383
9004 -0.693848
9005 -0.713745
9006 -0.709595
9007 -0.710449
9008 -0.704102
9009 -0.709961
9010 -0.706787
9011 -0.704712
9012 -0.704956
9013 -0.704346
9014 -0.706299
9015 -0.709229
9016 -0.704346
9017 -0.702515
9018 -0.712280
9019 -0.704590
9020 -0.709961
9021 -0.719604
9022 -0.707397
9023 -0.695313
9024 -0.688110
9025 -0.691528
9026 -0.682495
9027 -0.670166
9028 -0.674805
9029 -0.673950
9030 -0.667114
9031 -0.664917
9032 -0.679077
9033 -0.687134
9034 -0.672607
9035 -0.662109
9036 -0.652832
9037 -0.677124
9038 -0.676636
9039 -0.663818
9040 -0.645020
9041 -0.654541
9042 -0.650024
9043 -0.663574
9044 -0.664429
9045 -0.674072
9046 -0.668579
9047 -0.658325
9048 -0.653931
9049 -0.671265
9050 -0.683960
9051 -0.702026
9052 -0.705322
9053 -0.711914
9054 -0.716797
9055 -0.687744
9056 -0.685669
9057 -0.688354
9058 -0.688477
9059 -0.673218
9060 -0.662354
9061 -0.647583
9062 -0.642700
9063 -0.636597
9064 -0.636108
9065 -0.646851
9066 -0.636719
9067 -0.642822
9068 -0.651001
9069 -0.669556
9070 -0.668213
9071 -0.661499
9072 -0.666748
9073 -0.677856
9074 -0.691162
9075 -0.675171
9076 -0.684814
9077 -0.684570
9078 -0.692261
9079 -0.687622
9080 -0.693359
9081 -0.687378
9082 -0.681519
9083 -0.666382
9084 -0.664551
9085 -0.657593
9086 -0.652222
9087 -0.689453
9088 -0.682983
9089 -0.674194
9090 -0.666016
9091 -0.668701
9092 -0.666016
9093 -0.670654
9094 -0.682251
9095 -0.671509
9096 -0.654297
9097 -0.638062
9098 -0.640137
9099 -0.646484
9100 -0.654053
9101 -0.664795
9102 -0.651245
9103 -0.649048
9104 -0.649902
9105 -0.648682
9106 -0.661011
9107 -0.650391
9108 -0.664185
9109 -0.667603
9110 -0.671753
9111 -0.671875
9112 -0.667236
9113 -0.667358
9114 -0.692261
9115 -0.695923
9116 -0.694580
9117 -0.699585
9118 -0.697754
9119 -0.687622
9120 -0.705322
9121 -0.691284
9122 -0.694092
9123 -0.703003
9124 -0.696289
9125 -0.672729
9126 -0.668579
9127 -0.665527
9128 -0.684082
9129 -0.676270
9130 -0.684814
9131 -0.688354
9132 -0.680420
9133 -0.672485
9134 -0.673706
9135 -0.681152
9136 -0.689941
9137 -0.674194
9138 -0.688354
9139 -0.691772
9140 -0.690063
9141 -0.702515
9142 -0.715088
9143 -0.722778
9144 -0.716675
9145 -0.719116
9146 -0.693481
9147 -0.700195
9148 -0.703857
9149 -0.706909
9150 -0.712524
9151 -0.699951
9152 -0.684448
9153 -0.696899
9154 -0.702637
9155 -0.694702
9156 -0.713013
9157 -0.727173
9158 -0.703735
9159 -0.717285
9160 -0.710327
9161 -0.722656
9162 -0.725098
9163 -0.731323
9164 -0.730469
9165 -0.722412
9166 -0.721680
9167 -0.721680
9168 -0.729614
9169 -0.742920
9170 -0.747681
9171 -0.747803
9172 -0.703491
9173 -0.723267
9174 -0.742432
9175 -0.755249
9176 -0.757568
9177 -0.746338
9178 -0.745239
9179 -0.733887
9180 -0.737671
9181 -0.744629
9182 -0.746216
9183 -0.731079
9184 -0.721558
9185 -0.724487
9186 -0.737061
9187 -0.723999
9188 -0.720825
9189 -0.718994
9190 -0.719604
9191 -0.703003
9192 -0.715698
9193 -0.723999
9194 -0.716919
9195 -0.716309
9196 -0.712646
9197 -0.708008
9198 -0.702026
9199 -0.719238
9200 -0.724365
9201 -0.709229
9202 -0.717529
9203 -0.714722
9204 -0.712402
9205 -0.713013
9206 -0.721924
9207 -0.710571
9208 -0.712769
9209 -0.691040
9210 -0.695557
9211 -0.694824
9212 -0.713989
9213 -0.711914
9214 -0.688599
9215 -0.698242
9216 -0.710938
9217 -0.716309
9218 -0.719604
9219 -0.729004
9220 -0.715454
9221 -0.741577
9222 -0.723999
9223 -0.730469
9224 -0.725098
9225 -0.715210
9226 -0.719482
9227 -0.719849
9228 -0.730469
9229 -0.730469
9230 -0.727417
9231 -0.720093
9232 -0.723511
9233 -0.745850
9234 -0.756226
9235 -0.740967
9236 -0.740967
9237 -0.719360
9238 -0.735962
9239 -0.738403
9240 -0.733521
9241 -0.736206
9242 -0.737061
9243 -0.728882
9244 -0.712891
9245 -0.713623
9246 -0.708008
9247 -0.720947
9248 -0.719360
9249 -0.708618
9250 -0.710815
9251 -0.704834
9252 -0.707520
9253 -0.707520
9254 -0.715088
9255 -0.727539
9256 -0.710571
9257 -0.707886
9258 -0.719849
9259 -0.699585
9260 -0.685791
9261 -0.694092
9262 -0.683960
9263 -0.696655
9264 -0.703735
9265 -0.702271
9266 -0.685791
9267 -0.687134
9268 -0.713257
9269 -0.717041
9270 -0.715576
9271 -0.730591
9272 -0.736694
9273 -0.724976
9274 -0.735107
9275 -0.734375
9276 -0.723267
9277 -0.715332
9278 -0.722290
9279 -0.726685
9280 -0.727783
9281 -0.717407
9282 -0.739380
9283 -0.725220
9284 -0.734497
9285 -0.741089
9286 -0.734375
9287 -0.715820
9288 -0.715210
9289 -0.722290
9290 -0.725708
9291 -0.715210
9292 -0.694092
9293 -0.711060
9294 -0.697632
9295 -0.712280
9296 -0.721802
9297 -0.728027
9298 -0.723267
9299 -0.706055
9300 -0.699341
9301 -0.688965
9302 -0.703491
9303 -0.727661
9304 -0.724365
9305 -0.732910
9306 -0.747070
9307 -0.733765
9308 -0.720581
9309 -0.714233
9310 -0.714355
9311 -0.712769
9312 -0.706177
9313 -0.712646
9314 -0.716919
9315 -0.717407
9316 -0.705444
9317 -0.705444
9318 -0.697632
9319 -0.721680
9320 -0.734619
9321 -0.747559
9322 -0.738892
9323 -0.736328
9324 -0.741211
9325 -0.735962
9326 -0.738892
9327 -0.727417
9328 -0.725220
9329 -0.718872
9330 -0.709473
9331 -0.709351
9332 -0.721924
9333 -0.719727
9334 -0.718018
9335 -0.712891
9336 -0.734985
9337 -0.743042
9338 -0.728027
9339 -0.730469
9340 -0.733032
9341 -0.747437
9342 -0.733643
9343 -0.724731
9344 -0.730591
9345 -0.726929
9346 -0.705933
9347 -0.723267
9348 -0.740234
9349 -0.744507
9350 -0.738403
9351 -0.723877
9352 -0.711914
9353 -0.723999
9354 -0.726318
9355 -0.738892
9356 -0.739746
9357 -0.756470
9358 -0.746094
9359 -0.759033
9360 -0.761597
9361 -0.752075
9362 -0.734741
9363 -0.735107
9364 -0.725098
9365 -0.733032
9366 -0.735352
9367 -0.726685
9368 -0.732544
9369 -0.738770
9370 -0.763306
9371 -0.740112
9372 -0.735596
9373 -0.743408
9374 -0.742920
9375 -0.759277
9376 -0.772827
9377 -0.768311
9378 -0.761963
9379 -0.765503
9380 -0.766113
9381 -0.782349
9382 -0.769165
9383 -0.762085
9384 -0.751587
9385 -0.750000
9386 -0.764038
9387 -0.748779
9388 -0.744385
9389 -0.734131
9390 -0.715088
9391 -0.700195
9392 -0.702271
9393 -0.686279
9394 -0.716919
9395 -0.716187
9396 -0.712158
9397 -0.720581
9398 -0.713257
9399 -0.716553
9400 -0.729858
9401 -0.711548
9402 -0.703369
9403 -0.689087
9404 -0.691895
9405 -0.701294
9406 -0.693604
9407 -0.695313
9408 -0.699951
9409 -0.706055
9410 -0.716431
9411 -0.716064
9412 -0.716309
9413 -0.709839
9414 -0.706055
9415 -0.699585
9416 -0.698730
9417 -0.692627
9418 -0.697021
9419 -0.694702
9420 -0.702393
9421 -0.691528
9422 -0.683960
9423 -0.686035
9424 -0.686157
9425 -0.699829
9426 -0.711304
9427 -0.700806
9428 -0.698608
9429 -0.685913
9430 -0.701538
9431 -0.687378
9432 -0.711060
9433 -0.696411
9434 -0.703735
9435 -0.710815
9436 -0.698120
9437 -0.707886
9438 -0.708496
9439 -0.703735
9440 -0.708496
9441 -0.692627
9442 -0.704224
9443 -0.701660
9444 -0.698120
9445 -0.701294
9446 -0.710693
9447 -0.694214
9448 -0.712524
9449 -0.706421
9450 -0.707397
9451 -0.708496
9452 -0.706909
9453 -0.715942
9454 -0.695068
9455 -0.702881
9456 -0.703735
9457 -0.717407
9458 -0.749146
9459 -0.752441
9460 -0.742065
9461 -0.744873
9462 -0.755981
9463 -0.749268
9464 -0.746704
9465 -0.742554
9466 -0.735718
9467 -0.744995
9468 -0.737549
9469 -0.723022
9470 -0.730957
9471 -0.713623
9472 -0.714966
9473 -0.715210
9474 -0.708618
9475 -0.693604
9476 -0.695679
9477 -0.696777
9478 -0.729248
9479 -0.720215
9480 -0.710205
9481 -0.708740
9482 -0.701294
9483 -0.698608
9484 -0.682861
9485 -0.708008
9486 -0.714844
9487 -0.699219
9488 -0.706299
9489 -0.693604
9490 -0.704956
9491 -0.720581
9492 -0.710693
9493 -0.703003
9494 -0.697510
9495 -0.718628
9496 -0.709229
9497 -0.718384
9498 -0.726440
9499 -0.730347
9500 -0.731201
9501 -0.723877
9502 -0.729248
9503 -0.734253
9504 -0.715820
9505 -0.721191
9506 -0.710205
9507 -0.692993
9508 -0.691284
9509 -0.702759
9510 -0.697998
9511 -0.699097
9512 -0.696167
9513 -0.692749
9514 -0.692261
9515 -0.682007
9516 -0.690186
9517 -0.709839
9518 -0.728027
9519 -0.728027
9520 -0.732544
9521 -0.726440
9522 -0.730713
9523 -0.737671
9524 -0.721191
9525 -0.723633
9526 -0.733276
9527 -0.737061
9528 -0.729980
9529 -0.733887
9530 -0.731445
9531 -0.746094
9532 -0.752075
9533 -0.748779
9534 -0.731079
9535 -0.731934
9536 -0.735718
9537 -0.731079
9538 -0.739746
9539 -0.726440
9540 -0.718872
9541 -0.708008
9542 -0.705322
9543 -0.684814
9544 -0.680786
9545 -0.675171
9546 -0.676147
9547 -0.672241
9548 -0.689453
9549 -0.685181
9550 -0.679565
9551 -0.684082
9552 -0.674561
9553 -0.675903
9554 -0.693359
9555 -0.693237
9556 -0.711548
9557 -0.711792
9558 -0.696167
9559 -0.680298
9560 -0.688843
9561 -0.701172
9562 -0.698975
9563 -0.697388
9564 -0.678711
9565 -0.671631
9566 -0.673828
9567 -0.683960
9568 -0.668335
9569 -0.669678
9570 -0.686279
9571 -0.682983
9572 -0.675049
9573 -0.681763
9574 -0.675049
9575 -0.689331
9576 -0.702148
9577 -0.702637
9578 -0.682251
9579 -0.676880
9580 -0.695313
9581 -0.685303
9582 -0.680420
9583 -0.681152
9584 -0.691895
9585 -0.665405
9586 -0.658325
9587 -0.646729
9588 -0.625610
9589 -0.614990
9590 -0.610962
9591 -0.602417
9592 -0.610107
9593 -0.584106
9594 -0.594971
9595 -0.622314
9596 -0.612061
9597 -0.611572
9598 -0.611450
9599 -0.606934
9600 -0.614380
9601 -0.624878
9602 -0.645142
9603 -0.629883
9604 -0.630127
9605 -0.617188
9606 -0.623291
9607 -0.614868
9608 -0.632813
9609 -0.628296
9610 -0.616455
9611 -0.609253
9612 -0.615479
9613 -0.621460
9614 -0.621582
9615 -0.635620
9616 -0.649658
9617 -0.638916
9618 -0.637329
9619 -0.653076
9620 -0.670288
9621 -0.664917
9622 -0.662598
9623 -0.673584
9624 -0.680054
9625 -0.669312
9626 -0.687500
9627 -0.706299
9628 -0.710205
9629 -0.712158
9630 -0.703125
9631 -0.701904
9632 -0.707886
9633 -0.696045
9634 -0.706665
9635 -0.723267
9636 -0.731934
9637 -0.742798
9638 -0.728638
9639 -0.731079
9640 -0.729370
9641 -0.698120
9642 -0.702515
9643 -0.715210
9644 -0.727173
9645 -0.718018
9646 -0.703369
9647 -0.711670
9648 -0.700195
9649 -0.703003
9650 -0.730469
9651 -0.733276
9652 -0.717163
9653 -0.710327
9654 -0.699341
9655 -0.713379
9656 -0.715942
9657 -0.702881
9658 -0.694824
9659 -0.691406
9660 -0.712402
9661 -0.706299
9662 -0.717529
9663 -0.698120
9664 -0.704834
9665 -0.734741
9666 -0.753296
9667 -0.759277
9668 -0.742676
9669 -0.729126
9670 -0.708374
9671 -0.718018
9672 -0.720825
9673 -0.731934
9674 -0.752319
9675 -0.754639
9676 -0.740967
9677 -0.737061
9678 -0.730713
9679 -0.743530
9680 -0.733521
9681 -0.734131
9682 -0.749756
9683 -0.736816
9684 -0.726929
9685 -0.728516
9686 -0.732056
9687 -0.732666
9688 -0.747559
9689 -0.744995
9690 -0.743164
9691 -0.735352
9692 -0.726440
9693 -0.714844
9694 -0.709961
9695 -0.703125
9696 -0.716675
9697 -0.723389
9698 -0.715454
9699 -0.735352
9700 -0.723022
9701 -0.723999
9702 -0.733521
9703 -0.724609
9704 -0.719849
9705 -0.746338
9706 -0.743164
9707 -0.739014
9708 -0.727417
9709 -0.723389
9710 -0.725586
9711 -0.732300
9712 -0.738525
9713 -0.736206
9714 -0.727539
9715 -0.729492
9716 -0.726685
9717 -0.728638
9718 -0.722900
9719 -0.730713
9720 -0.735107
9721 -0.707520
9722 -0.717285
9723 -0.705688
9724 -0.708130
9725 -0.717407
9726 -0.723022
9727 -0.722168
9728 -0.701538
9729 -0.729248
9730 -0.723877
9731 -0.728638
9732 -0.725220
9733 -0.730103
9734 -0.729614
9735 -0.728271
9736 -0.713013
9737 -0.698486
9738 -0.691284
9739 -0.682373
9740 -0.677490
9741 -0.670532
9742 -0.686768
9743 -0.710327
9744 -0.716797
9745 -0.715942
9746 -0.717773
9747 -0.691528
9748 -0.686157
9749 -0.687988
9750 -0.676147
9751 -0.676758
9752 -0.674805
9753 -0.673096
9754 -0.687622
9755 -0.683594
9756 -0.711548
9757 -0.701538
9758 -0.722534
9759 -0.733154
9760 -0.718872
9761 -0.688843
9762 -0.686157
9763 -0.674316
9764 -0.665649
9765 -0.666260
9766 -0.681519
9767 -0.704712
9768 -0.703369
9769 -0.693481
9770 -0.688721
9771 -0.687866
9772 -0.697998
9773 -0.697754
9774 -0.702759
9775 -0.690308
9776 -0.681152
9777 -0.683105
9778 -0.693848
9779 -0.676147
9780 -0.698608
9781 -0.696899
9782 -0.691895
9783 -0.702393
9784 -0.713623
9785 -0.726685
9786 -0.710083
9787 -0.711304
9788 -0.715820
9789 -0.708984
9790 -0.715820
9791 -0.720215
9792 -0.722290
9793 -0.734741
9794 -0.723999
9795 -0.733398
9796 -0.735107
9797 -0.743774
9798 -0.729614
9799 -0.745850
9800 -0.738037
9801 -0.724854
9802 -0.736572
9803 -0.729614
9804 -0.720825
9805 -0.715942
9806 -0.715698
9807 -0.703613
9808 -0.710449
9809 -0.721802
9810 -0.716919
9811 -0.710815
9812 -0.714722
9813 -0.732056
9814 -0.721191
9815 -0.723633
9816 -0.734131
9817 -0.744507
9818 -0.735962
9819 -0.745239
9820 -0.725342
9821 -0.746216
9822 -0.747681
9823 -0.737305
9824 -0.738892
9825 -0.734863
9826 -0.740479
9827 -0.715088
9828 -0.738647
9829 -0.730347
9830 -0.741821
9831 -0.731201
9832 -0.748779
9833 -0.739990
9834 -0.746826
9835 -0.731934
9836 -0.746826
9837 -0.729370
9838 -0.730103
9839 -0.742798
9840 -0.723145
9841 -0.724731
9842 -0.718750
9843 -0.702515
9844 -0.694092
9845 -0.701904
9846 -0.704468
9847 -0.675537
9848 -0.684448
9849 -0.692749
9850 -0.700195
9851 -0.702515
9852 -0.709717
9853 -0.692749
9854 -0.684814
9855 -0.689209
9856 -0.683105
9857 -0.689575
9858 -0.698120
9859 -0.694702
9860 -0.687744
9861 -0.674927
9862 -0.673828
9863 -0.657104
9864 -0.667236
9865 -0.665894
9866 -0.677856
9867 -0.668335
9868 -0.667236
9869 -0.689331
9870 -0.691772
9871 -0.689697
9872 -0.687622
9873 -0.703003
9874 -0.717407
9875 -0.725098
9876 -0.725220
9877 -0.711914
9878 -0.707153
9879 -0.719727
9880 -0.726074
9881 -0.735962
9882 -0.749146
9883 -0.745972
9884 -0.752319
9885 -0.737549
9886 -0.751099
9887 -0.760620
9888 -0.747803
9889 -0.739136
9890 -0.743774
9891 -0.743896
9892 -0.733032
9893 -0.722412
9894 -0.718506
9895 -0.737305
9896 -0.734253
9897 -0.719849
9898 -0.714844
9899 -0.713623
9900 -0.707520
9901 -0.724609
9902 -0.724487
9903 -0.737549
9904 -0.739990
9905 -0.720947
9906 -0.715942
9907 -0.706055
9908 -0.697266
9909 -0.706421
9910 -0.717407
9911 -0.728638
9912 -0.738525
9913 -0.738159
9914 -0.739624
9915 -0.739990
9916 -0.735229
9917 -0.729736
9918 -0.727539
9919 -0.702393
9920 -0.716675
9921 -0.749512
9922 -0.764038
9923 -0.751587
9924 -0.753906
9925 -0.738892
9926 -0.729736
9927 -0.741699
9928 -0.728882
9929 -0.714233
9930 -0.709595
9931 -0.714355
9932 -0.697144
9933 -0.680786
9934 -0.690552
9935 -0.682495
9936 -0.680664
9937 -0.701050
9938 -0.705322
9939 -0.708740
9940 -0.705933
9941 -0.703857
9942 -0.706177
9943 -0.720703
9944 -0.714722
9945 -0.708008
9946 -0.691284
9947 -0.689819
9948 -0.692261
9949 -0.684326
9950 -0.696655
9951 -0.708374
9952 -0.693481
9953 -0.688965
9954 -0.692383
9955 -0.694458
9956 -0.697632
9957 -0.688721
9958 -0.698853
9959 -0.698120
9960 -0.705078
9961 -0.715698
9962 -0.716675
9963 -0.714111
9964 -0.701050
9965 -0.697510
9966 -0.693604
9967 -0.694824
9968 -0.688965
9969 -0.708374
9970 -0.686401
9971 -0.696289
9972 -0.677124
9973 -0.680420
9974 -0.695923
9975 -0.688232
9976 -0.691162
9977 -0.695557
9978 -0.690063
9979 -0.683350
9980 -0.700684
9981 -0.704834
9982 -0.729980
9983 -0.710938
9984 -0.699463
9985 -0.705200
9986 -0.694824
9987 -0.709229
9988 -0.705566
9989 -0.709106
9990 -0.703491
9991 -0.686035
9992 -0.686157
9993 -0.667358
9994 -0.669434
9995 -0.673706
9996 -0.668945
9997 -0.679810
9998 -0.701660
9999 -0.713867
10000 -0.707520
10001 -0.713867
10002 -0.724487
10003 -0.720703
10004 -0.712280
10005 -0.711670
10006 -0.701660
10007 -0.705688
10008 -0.713745
10009 -0.712891
10010 -0.719971
10011 -0.694580
10012 -0.687622
10013 -0.682617
10014 -0.685669
10015 -0.681152
10016 -0.676147
10017 -0.664185
10018 -0.661133
10019 -0.657837
10020 -0.656494
10021 -0.671753
10022 -0.661865
10023 -0.661377
10024 -0.661133
10025 -0.673950
10026 -0.668091
10027 -0.667725
10028 -0.658691
10029 -0.656250
10030 -0.660522
10031 -0.659424
10032 -0.672607
10033 -0.648682
10034 -0.665405
10035 -0.672729
10036 -0.670654
10037 -0.678223
10038 -0.693481
10039 -0.694214
10040 -0.671143
10041 -0.665771
10042 -0.658936
10043 -0.657593
10044 -0.671021
10045 -0.684326
10046 -0.683472
10047 -0.692017
10048 -0.694458
10049 -0.691162
10050 -0.690674
10051 -0.685425
10052 -0.678833
10053 -0.684204
10054 -0.694580
10055 -0.681519
10056 -0.684326
10057 -0.680298
10058 -0.682983
10059 -0.671875
10060 -0.651978
10061 -0.659180
10062 -0.660767
10063 -0.668457
10064 -0.664185
10065 -0.678101
10066 -0.681152
10067 -0.695190
10068 -0.663086
10069 -0.667725
10070 -0.659668
10071 -0.658813
10072 -0.663696
10073 -0.648071
10074 -0.665283
10075 -0.672729
10076 -0.691162
10077 -0.677490
10078 -0.690186
10079 -0.689575
10080 -0.687378
10081 -0.670288
10082 -0.696045
10083 -0.706421
10084 -0.699097
10085 -0.711548
10086 -0.690796
10087 -0.695557
10088 -0.689941
10089 -0.689209
10090 -0.687866
10091 -0.690552
10092 -0.689087
10093 -0.691406
10094 -0.673340
10095 -0.682617
10096 -0.677368
10097 -0.689819
10098 -0.699463
10099 -0.699463
10100 -0.694214
10101 -0.711182
10102 -0.713745
10103 -0.714844
10104 -0.705811
10105 -0.709351
10106 -0.705078
10107 -0.717285
10108 -0.694214
10109 -0.709473
10110 -0.697632
10111 -0.701538
10112 -0.706787
10113 -0.704712
10114 -0.692749
10115 -0.719238
10116 -0.715698
10117 -0.709595
10118 -0.697998
10119 -0.693726
10120 -0.686157
10121 -0.692993
10122 -0.676758
10123 -0.678345
10124 -0.703979
10125 -0.682617
10126 -0.686523
10127 -0.693359
10128 -0.691528
10129 -0.680420
10130 -0.681030
10131 -0.670776
10132 -0.673096
10133 -0.669556
10134 -0.669556
10135 -0.680908
10136 -0.687500
10137 -0.676758
10138 -0.668701
10139 -0.669556
10140 -0.663330
10141 -0.667358
10142 -0.668579
10143 -0.679565
10144 -0.679199
10145 -0.673096
10146 -0.670410
10147 -0.657959
10148 -0.676514
10149 -0.676392
10150 -0.675049
10151 -0.685547
10152 -0.672852
10153 -0.667603
10154 -0.634399
10155 -0.637939
10156 -0.640991
10157 -0.663086
10158 -0.643921
10159 -0.649780
10160 -0.665405
10161 -0.687622
10162 -0.691895
10163 -0.681152
10164 -0.683838
10165 -0.692017
10166 -0.690186
10167 -0.684937
10168 -0.678101
10169 -0.680054
10170 -0.691284
10171 -0.698242
10172 -0.714355
10173 -0.712646
10174 -0.706055
10175 -0.707397
10176 -0.706909
10177 -0.720093
10178 -0.717041
10179 -0.708008
10180 -0.696655
10181 -0.716431
10182 -0.728271
10183 -0.729492
10184 -0.741455
10185 -0.750488
10186 -0.754883
10187 -0.735474
10188 -0.713623
10189 -0.714966
10190 -0.720215
10191 -0.728760
10192 -0.713135
10193 -0.728638
10194 -0.718384
10195 -0.716431
10196 -0.716064
10197 -0.717041
10198 -0.730591
10199 -0.734253
10200 -0.713501
10201 -0.712769
10202 -0.726685
10203 -0.724487
10204 -0.715820
10205 -0.720459
10206 -0.729492
10207 -0.729492
10208 -0.727295
10209 -0.736694
10210 -0.746826
10211 -0.756470
10212 -0.750977
10213 -0.765747
10214 -0.781494
10215 -0.761475
10216 -0.754028
10217 -0.773804
10218 -0.779053
10219 -0.771362
10220 -0.763184
10221 -0.773682
10222 -0.765259
10223 -0.767334
10224 -0.759155
10225 -0.756470
10226 -0.740723
10227 -0.725464
10228 -0.688721
10229 -0.707031
10230 -0.706299
10231 -0.712891
10232 -0.706665
10233 -0.711548
10234 -0.704590
10235 -0.704956
10236 -0.731079
10237 -0.716309
10238 -0.722168
10239 -0.722656
10240 -0.729736
10241 -0.725464
10242 -0.720093
10243 -0.710449
10244 -0.695557
10245 -0.716553
10246 -0.712036
10247 -0.737183
10248 -0.748657
10249 -0.754028
10250 -0.750122
10251 -0.753540
10252 -0.757935
10253 -0.752808
10254 -0.743774
10255 -0.757446
10256 -0.734131
10257 -0.724121
10258 -0.696411
10259 -0.699707
10260 -0.688965
10261 -0.694702
10262 -0.709839
10263 -0.703613
10264 -0.697144
10265 -0.701172
10266 -0.689331
10267 -0.708862
10268 -0.722046
10269 -0.723022
10270 -0.726440
10271 -0.714111
10272 -0.710815
10273 -0.727295
10274 -0.721313
10275 -0.712524
10276 -0.707520
10277 -0.708374
10278 -0.712402
10279 -0.709595
10280 -0.704956
10281 -0.705078
10282 -0.697998
10283 -0.699829
10284 -0.714233
10285 -0.709717
10286 -0.733032
10287 -0.718750
10288 -0.728149
10289 -0.730957
10290 -0.740601
10291 -0.746704
10292 -0.733032
10293 -0.722534
10294 -0.732666
10295 -0.733887
10296 -0.734131
10297 -0.738403
10298 -0.719116
10299 -0.720215
10300 -0.726318
10301 -0.730469
10302 -0.724121
10303 -0.728882
10304 -0.722412
10305 -0.712646
10306 -0.706055
10307 -0.718994
10308 -0.727051
10309 -0.718262
10310 -0.723877
10311 -0.718140
10312 -0.729858
10313 -0.727417
10314 -0.730591
10315 -0.742920
10316 -0.728638
10317 -0.723633
10318 -0.728027
10319 -0.716553
10320 -0.702637
10321 -0.697876
10322 -0.714478
10323 -0.709473
10324 -0.722778
10325 -0.728760
10326 -0.740967
10327 -0.723145
10328 -0.722534
10329 -0.723389
10330 -0.740112
10331 -0.729858
10332 -0.733765
10333 -0.751587
10334 -0.746094
10335 -0.743774
10336 -0.732910
10337 -0.733398
10338 -0.736694
10339 -0.743896
10340 -0.718384
10341 -0.737061
10342 -0.719849
10343 -0.707520
10344 -0.694824
10345 -0.680542
10346 -0.675903
10347 -0.697510
10348 -0.708008
10349 -0.717163
10350 -0.732788
10351 -0.715820
10352 -0.723999
10353 -0.729736
10354 -0.740845
10355 -0.736938
10356 -0.725342
10357 -0.724609
10358 -0.718384
10359 -0.740845
10360 -0.737427
10361 -0.730713
10362 -0.719360
10363 -0.717041
10364 -0.726929
10365 -0.729004
10366 -0.726074
10367 -0.709229
10368 -0.723755
10369 -0.723145
10370 -0.729126
10371 -0.724487
10372 -0.723755
10373 -0.732056
10374 -0.729736
10375 -0.725098
10376 -0.717896
10377 -0.708130
10378 -0.718018
10379 -0.726440
10380 -0.719727
10381 -0.721069
10382 -0.725708
10383 -0.729370
10384 -0.734863
10385 -0.736084
10386 -0.728882
10387 -0.703247
10388 -0.674072
10389 -0.686890
10390 -0.681519
10391 -0.681396
10392 -0.693359
10393 -0.686523
10394 -0.691895
10395 -0.681519
10396 -0.692993
10397 -0.707642
10398 -0.706299
10399 -0.707275
10400 -0.726318
10401 -0.708862
10402 -0.727539
10403 -0.734619
10404 -0.727905
10405 -0.706543
10406 -0.691650
10407 -0.680420
10408 -0.681396
10409 -0.677368
10410 -0.678223
10411 -0.677979
10412 -0.681030
10413 -0.664673
10414 -0.667480
10415 -0.650513
10416 -0.651855
10417 -0.658569
10418 -0.668457
10419 -0.662231
10420 -0.656738
10421 -0.658081
10422 -0.658691
10423 -0.673584
10424 -0.693115
10425 -0.717773
10426 -0.713379
10427 -0.702393
10428 -0.708740
10429 -0.689697
10430 -0.692139
10431 -0.695801
10432 -0.720215
10433 -0.709229
10434 -0.696655
10435 -0.699951
10436 -0.684448
10437 -0.686401
10438 -0.694824
10439 -0.693848
10440 -0.687988
10441 -0.661621
10442 -0.651123
10443 -0.636841
10444 -0.615112
10445 -0.627197
10446 -0.646851
10447 -0.655640
10448 -0.638916
10449 -0.653687
10450 -0.644043
10451 -0.646973
10452 -0.654907
10453 -0.654907
10454 -0.649536
10455 -0.641602
10456 -0.644897
10457 -0.639282
10458 -0.638794
10459 -0.655518
10460 -0.647339
10461 -0.648071
10462 -0.625122
10463 -0.622070
10464 -0.612793
10465 -0.613037
10466 -0.606812
10467 -0.616943
10468 -0.637207
10469 -0.619751
10470 -0.621094
10471 -0.602661
10472 -0.597168
10473 -0.599365
10474 -0.612549
10475 -0.608643
10476 -0.607300
10477 -0.615356
10478 -0.622070
10479 -0.645020
10480 -0.637207
10481 -0.635986
10482 -0.626221
10483 -0.624390
10484 -0.611206
10485 -0.620117
10486 -0.627686
10487 -0.615234
10488 -0.620239
10489 -0.617432
10490 -0.618164
10491 -0.625977
10492 -0.654419
10493 -0.667114
10494 -0.660767
10495 -0.679199
10496 -0.684570
10497 -0.664917
10498 -0.667114
10499 -0.658203
10500 -0.666870
10501 -0.693970
10502 -0.683105
10503 -0.683105
10504 -0.666992
10505 -0.656738
10506 -0.656372
10507 -0.648804
10508 -0.652588
10509 -0.661865
10510 -0.666382
10511 -0.658936
10512 -0.654785
10513 -0.634033
10514 -0.630127
10515 -0.652344
10516 -0.642578
10517 -0.641724
10518 -0.655762
10519 -0.669312
10520 -0.660889
10521 -0.667114
10522 -0.686157
10523 -0.710571
10524 -0.728882
10525 -0.730957
10526 -0.732300
10527 -0.734009
10528 -0.742554
10529 -0.734619
10530 -0.736938
10531 -0.741211
10532 -0.744019
10533 -0.758667
10534 -0.756836
10535 -0.739502
10536 -0.728638
10537 -0.730591
10538 -0.725220
10539 -0.740112
10540 -0.745117
10541 -0.731079
10542 -0.741211
10543 -0.740479
10544 -0.746704
10545 -0.749146
10546 -0.751465
10547 -0.746582
10548 -0.748901
10549 -0.725464
10550 -0.723022
10551 -0.732788
10552 -0.733398
10553 -0.741577
10554 -0.716187
10555 -0.699341
10556 -0.699585
10557 -0.725830
10558 -0.733032
10559 -0.740601
10560 -0.731323
10561 -0.736084
10562 -0.735107
10563 -0.740601
10564 -0.732788
10565 -0.739624
10566 -0.735596
10567 -0.724854
10568 -0.716919
10569 -0.714355
10570 -0.721069
10571 -0.719238
10572 -0.701538
10573 -0.702515
10574 -0.702515
10575 -0.706055
10576 -0.697876
10577 -0.704102
10578 -0.709961
10579 -0.704102
10580 -0.725586
10581 -0.705811
10582 -0.707886
10583 -0.684692
10584 -0.690918
10585 -0.673584
10586 -0.665527
10587 -0.697754
10588 -0.724243
10589 -0.720093
10590 -0.709351
10591 -0.710449
10592 -0.705688
10593 -0.716797
10594 -0.717285
10595 -0.696045
10596 -0.686890
10597 -0.684814
10598 -0.688232
10599 -0.688354
10600 -0.691040
10601 -0.698853
10602 -0.730347
10603 -0.721069
10604 -0.727783
10605 -0.717896
10606 -0.743164
10607 -0.729004
10608 -0.745728
10609 -0.743652
10610 -0.749756
10611 -0.750244
10612 -0.741821
10613 -0.733643
10614 -0.727905
10615 -0.717651
10616 -0.716431
10617 -0.718994
10618 -0.718628
10619 -0.730469
10620 -0.733398
10621 -0.733398
10622 -0.725098
10623 -0.703247
10624 -0.699707
10625 -0.703003
10626 -0.709351
10627 -0.691406
10628 -0.703247
10629 -0.713745
10630 -0.695435
10631 -0.684326
10632 -0.680176
10633 -0.680054
10634 -0.662720
10635 -0.686890
10636 -0.689331
10637 -0.686646
10638 -0.687988
10639 -0.691772
10640 -0.687378
10641 -0.691772
10642 -0.687256
10643 -0.695557
10644 -0.705078
10645 -0.709473
10646 -0.700317
10647 -0.695923
10648 -0.700439
10649 -0.694702
10650 -0.686279
10651 -0.689575
10652 -0.690063
10653 -0.693726
10654 -0.697998
10655 -0.698486
10656 -0.675537
10657 -0.661865
10658 -0.677734
10659 -0.666748
10660 -0.662476
10661 -0.654175
10662 -0.658081
10663 -0.633423
10664 -0.635376
10665 -0.619629
10666 -0.635498
10667 -0.640259
10668 -0.633545
10669 -0.649658
10670 -0.641602
10671 -0.635864
10672 -0.625244
10673 -0.627686
10674 -0.652466
10675 -0.655151
10676 -0.676392
10677 -0.684448
10678 -0.682739
10679 -0.694702
10680 -0.695313
10681 -0.693726
10682 -0.698608
10683 -0.676880
10684 -0.683716
10685 -0.685669
10686 -0.697876
10687 -0.691162
10688 -0.703857
10689 -0.695068
10690 -0.705322
10691 -0.698364
10692 -0.673584
10693 -0.662231
10694 -0.650757
10695 -0.671875
10696 -0.667603
10697 -0.650391
10698 -0.658325
10699 -0.675781
10700 -0.677246
10701 -0.685669
10702 -0.670654
10703 -0.649658
10704 -0.646851
10705 -0.638794
10706 -0.650024
10707 -0.655396
10708 -0.651245
10709 -0.639893
10710 -0.647461
10711 -0.649658
10712 -0.652954
10713 -0.664673
10714 -0.668823
10715 -0.667358
10716 -0.666382
10717 -0.659546
10718 -0.663818
10719 -0.661255
10720 -0.649902
10721 -0.649292
10722 -0.661255
10723 -0.659668
10724 -0.672729
10725 -0.665039
10726 -0.655273
10727 -0.638062
10728 -0.649536
10729 -0.633911
10730 -0.628296
10731 -0.617065
10732 -0.609009
10733 -0.622314
10734 -0.637939
10735 -0.628540
10736 -0.641357
10737 -0.645142
10738 -0.664307
10739 -0.658813
10740 -0.649658
10741 -0.644165
10742 -0.647461
10743 -0.642578
10744 -0.642090
10745 -0.620850
10746 -0.614868
10747 -0.596313
10748 -0.606201
10749 -0.621216
10750 -0.638428
10751 -0.633911
10752 -0.642456
10753 -0.640625
10754 -0.669678
10755 -0.669067
10756 -0.676758
10757 -0.682495
10758 -0.697998
10759 -0.701416
10760 -0.697144
10761 -0.704712
10762 -0.698853
10763 -0.675781
10764 -0.677734
10765 -0.679565
10766 -0.670776
10767 -0.678467
10768 -0.673462
10769 -0.663330
10770 -0.672852
10771 -0.657104
10772 -0.643066
10773 -0.646118
10774 -0.651489
10775 -0.669312
10776 -0.650391
10777 -0.655273
10778 -0.667358
10779 -0.669922
10780 -0.671631
10781 -0.669434
10782 -0.668701
10783 -0.676758
10784 -0.689209
10785 -0.697876
10786 -0.705444
10787 -0.707764
10788 -0.712646
10789 -0.714722
10790 -0.703491
10791 -0.697144
10792 -0.685791
10793 -0.681641
10794 -0.692749
10795 -0.688965
10796 -0.684204
10797 -0.671387
10798 -0.667480
10799 -0.692383
10800 -0.709839
10801 -0.714600
10802 -0.704590
10803 -0.697632
10804 -0.706299
10805 -0.687866
10806 -0.671387
10807 -0.685547
10808 -0.687622
10809 -0.673462
10810 -0.676147
10811 -0.645996
10812 -0.667603
10813 -0.660278
10814 -0.669189
10815 -0.679688
10816 -0.681519
10817 -0.685059
10818 -0.691284
10819 -0.689575
10820 -0.690186
10821 -0.674927
10822 -0.664307
10823 -0.661743
10824 -0.666382
10825 -0.676636
10826 -0.684937
10827 -0.681641
10828 -0.687012
10829 -0.665283
10830 -0.645142
10831 -0.645874
10832 -0.649658
10833 -0.650757
10834 -0.664429
10835 -0.670654
10836 -0.688965
10837 -0.690308
10838 -0.682373
10839 -0.686401
10840 -0.680908
10841 -0.694458
10842 -0.702637
10843 -0.692627
10844 -0.686646
10845 -0.694946
10846 -0.694092
10847 -0.712891
10848 -0.702881
10849 -0.700195
10850 -0.696655
10851 -0.689331
10852 -0.689209
10853 -0.688110
10854 -0.691040
10855 -0.696777
10856 -0.688599
10857 -0.674683
10858 -0.684082
10859 -0.692505
10860 -0.681519
10861 -0.672607
10862 -0.663452
10863 -0.672852
10864 -0.672485
10865 -0.675903
10866 -0.672363
10867 -0.675781
10868 -0.674194
10869 -0.680176
10870 -0.688965
10871 -0.668823
10872 -0.660645
10873 -0.665894
10874 -0.656250
10875 -0.652832
10876 -0.645874
10877 -0.634277
10878 -0.639526
10879 -0.652100
10880 -0.651123
10881 -0.660156
10882 -0.663574
10883 -0.683472
10884 -0.692871
10885 -0.662964
10886 -0.654419
10887 -0.670044
10888 -0.676392
10889 -0.658691
10890 -0.652954
10891 -0.656372
10892 -0.661987
10893 -0.661743
10894 -0.668213
10895 -0.682129
10896 -0.678101
10897 -0.671997
10898 -0.686768
10899 -0.687256
10900 -0.674072
10901 -0.656982
10902 -0.658203
10903 -0.668091
10904 -0.657593
10905 -0.645264
10906 -0.654053
10907 -0.644409
10908 -0.660034
10909 -0.661987
10910 -0.674805
10911 -0.676025
10912 -0.678833
10913 -0.669067
10914 -0.676025
10915 -0.689331
10916 -0.673828
10917 -0.674805
10918 -0.679321
10919 -0.681763
10920 -0.699951
10921 -0.698853
10922 -0.706787
10923 -0.696777
10924 -0.694336
10925 -0.686646
10926 -0.696289
10927 -0.680298
10928 -0.691650
10929 -0.712891
10930 -0.719604
10931 -0.743286
10932 -0.733398
10933 -0.728271
10934 -0.732300
10935 -0.711548
10936 -0.710693
10937 -0.710205
10938 -0.697754
10939 -0.706787
10940 -0.712158
10941 -0.724365
10942 -0.714722
10943 -0.723511
10944 -0.714233
10945 -0.704346
10946 -0.701538
10947 -0.685303
10948 -0.688110
10949 -0.690674
10950 -0.688843
10951 -0.695435
10952 -0.698730
10953 -0.699219
10954 -0.710449
10955 -0.695557
10956 -0.682251
10957 -0.681030
10958 -0.677734
10959 -0.672119
10960 -0.662964
10961 -0.665771
10962 -0.681030
10963 -0.682495
10964 -0.687744
10965 -0.666870
10966 -0.659912
10967 -0.681396
10968 -0.664917
10969 -0.664795
10970 -0.665161
10971 -0.649658
10972 -0.642700
10973 -0.658936
10974 -0.678223
10975 -0.666748
10976 -0.678467
10977 -0.673462
10978 -0.657959
10979 -0.626709
10980 -0.627563
10981 -0.652588
10982 -0.649902
10983 -0.641724
10984 -0.642822
10985 -0.631592
10986 -0.642212
10987 -0.637451
10988 -0.643921
10989 -0.654541
10990 -0.660278
10991 -0.660156
10992 -0.662720
10993 -0.640991
10994 -0.641235
10995 -0.659546
10996 -0.636108
10997 -0.637695
10998 -0.649292
10999 -0.628052
11000 -0.642212
11001 -0.632813
11002 -0.631958
11003 -0.652466
11004 -0.642700
11005 -0.668701
11006 -0.668823
11007 -0.655273
11008 -0.651367
11009 -0.661987
11010 -0.656982
11011 -0.668335
11012 -0.675903
11013 -0.660400
11014 -0.644043
11015 -0.658691
11016 -0.650146
11017 -0.645020
11018 -0.643921
11019 -0.645630
11020 -0.639160
11021 -0.640503
11022 -0.651611
11023 -0.631958
11024 -0.631348
11025 -0.610229
11026 -0.624146
11027 -0.644775
11028 -0.648071
11029 -0.658081
11030 -0.640991
11031 -0.643066
11032 -0.638550
11033 -0.622070
11034 -0.626465
11035 -0.623169
11036 -0.604004
11037 -0.597778
11038 -0.593628
11039 -0.586426
11040 -0.596558
11041 -0.570313
11042 -0.547729
11043 -0.560303
11044 -0.566895
11045 -0.579590
11046 -0.580688
11047 -0.595703
11048 -0.627563
11049 -0.625488
11050 -0.627441
11051 -0.632935
11052 -0.662964
11053 -0.661987
11054 -0.675537
11055 -0.684692
11056 -0.674805
11057 -0.686157
11058 -0.703003
11059 -0.687378
11060 -0.683472
11061 -0.683472
11062 -0.698486
11063 -0.693481
11064 -0.692139
11065 -0.698853
11066 -0.700439
11067 -0.706055
11068 -0.699585
11069 -0.689453
11070 -0.686523
11071 -0.696533
11072 -0.703125
11073 -0.712524
11074 -0.700684
11075 -0.696777
11076 -0.693237
11077 -0.702393
11078 -0.714600
11079 -0.718262
11080 -0.736084
11081 -0.735962
11082 -0.730225
11083 -0.726440
11084 -0.718262
11085 -0.714844
11086 -0.706665
11087 -0.706543
11088 -0.704468
11089 -0.689941
11090 -0.672852
11091 -0.662231
11092 -0.674072
11093 -0.685059
11094 -0.675659
11095 -0.677124
11096 -0.675049
11097 -0.671631
11098 -0.673462
11099 -0.678467
11100 -0.675293
11101 -0.680542
11102 -0.677246
11103 -0.678955
11104 -0.651611
11105 -0.672974
11106 -0.673828
11107 -0.658813
11108 -0.663208
11109 -0.667480
11110 -0.676025
11111 -0.665039
11112 -0.669800
11113 -0.653076
11114 -0.652466
11115 -0.658081
11116 -0.667358
11117 -0.667603
11118 -0.676636
11119 -0.692261
11120 -0.695679
11121 -0.691406
11122 -0.679077
11123 -0.673218
11124 -0.667480
11125 -0.667480
11126 -0.660400
11127 -0.661499
11128 -0.661011
11129 -0.661255
11130 -0.655151
11131 -0.668823
11132 -0.662964
11133 -0.668579
11134 -0.674561
11135 -0.662842
11136 -0.664429
11137 -0.665527
11138 -0.673462
11139 -0.685425
11140 -0.679688
11141 -0.676636
11142 -0.674072
11143 -0.676880
11144 -0.670776
11145 -0.647949
11146 -0.652588
11147 -0.663330
11148 -0.655762
11149 -0.640991
11150 -0.649658
11151 -0.632202
11152 -0.649536
11153 -0.665527
11154 -0.664185
11155 -0.666992
11156 -0.676636
11157 -0.679688
11158 -0.683838
11159 -0.686157
11160 -0.689331
11161 -0.692627
11162 -0.687744
11163 -0.703857
11164 -0.714478
11165 -0.720337
11166 -0.710327
11167 -0.720337
11168 -0.714355
11169 -0.708374
11170 -0.716675
11171 -0.714966
11172 -0.697510
11173 -0.697876
11174 -0.702637
11175 -0.693726
11176 -0.661621
11177 -0.650146
11178 -0.639160
11179 -0.660767
11180 -0.660522
11181 -0.653198
11182 -0.667114
11183 -0.662964
11184 -0.663574
11185 -0.673340
11186 -0.684448
11187 -0.684326
11188 -0.669922
11189 -0.644897
11190 -0.651245
11191 -0.657349
11192 -0.665894
11193 -0.668335
11194 -0.660645
11195 -0.664185
11196 -0.658691
11197 -0.656982
11198 -0.662231
11199 -0.663574
11200 -0.658569
11201 -0.653076
11202 -0.652954
11203 -0.671875
11204 -0.663818
11205 -0.675171
11206 -0.658325
11207 -0.656006
11208 -0.644897
11209 -0.641113
11210 -0.648804
11211 -0.645752
11212 -0.651123
11213 -0.640259
11214 -0.643188
11215 -0.650879
11216 -0.645996
11217 -0.647583
11218 -0.627930
11219 -0.636230
11220 -0.655884
11221 -0.643066
11222 -0.650269
11223 -0.628662
11224 -0.618530
11225 -0.615723
11226 -0.609741
11227 -0.616577
11228 -0.612183
11229 -0.613403
11230 -0.595581
11231 -0.608398
11232 -0.617554
11233 -0.617188
11234 -0.594849
11235 -0.591919
11236 -0.609741
11237 -0.611816
11238 -0.628784
11239 -0.646362
11240 -0.661621
11241 -0.659180
11242 -0.661987
11243 -0.672974
11244 -0.673584
11245 -0.672729
11246 -0.662354
11247 -0.663940
11248 -0.659668
11249 -0.654175
11250 -0.667969
11251 -0.653320
11252 -0.664429
11253 -0.661621
11254 -0.655762
11255 -0.657227
11256 -0.671509
11257 -0.667603
11258 -0.665405
11259 -0.660278
11260 -0.659302
11261 -0.637329
11262 -0.637329
11263 -0.642578
11264 -0.670288
11265 -0.669312
11266 -0.668091
11267 -0.683594
11268 -0.688721
11269 -0.693359
11270 -0.678223
11271 -0.673706
11272 -0.660767
11273 -0.650269
11274 -0.639526
11275 -0.625488
11276 -0.632568
11277 -0.630859
11278 -0.641357
11279 -0.606689
11280 -0.622681
11281 -0.621338
11282 -0.622681
11283 -0.633423
11284 -0.649536
11285 -0.645386
11286 -0.630005
11287 -0.611450
11288 -0.604370
11289 -0.602173
11290 -0.577637
11291 -0.578613
11292 -0.573853
11293 -0.571533
11294 -0.570068
11295 -0.571533
11296 -0.583984
11297 -0.593506
11298 -0.599243
11299 -0.599731
11300 -0.609741
11301 -0.590088
11302 -0.595947
11303 -0.597534
11304 -0.612915
11305 -0.617310
11306 -0.625122
11307 -0.642700
11308 -0.634521
11309 -0.629395
11310 -0.640137
11311 -0.647949
11312 -0.657593
11313 -0.665894
11314 -0.653442
11315 -0.649048
11316 -0.656860
11317 -0.655640
11318 -0.647827
11319 -0.645020
11320 -0.625000
11321 -0.619263
11322 -0.621094
11323 -0.629639
11324 -0.616211
11325 -0.617920
11326 -0.614868
11327 -0.613525
11328 -0.611084
11329 -0.607300
11330 -0.605835
11331 -0.597778
11332 -0.594849
11333 -0.617920
11334 -0.609375
11335 -0.598633
11336 -0.594849
11337 -0.601807
11338 -0.589844
11339 -0.607910
11340 -0.621216
11341 -0.615234
11342 -0.610229
11343 -0.597900
11344 -0.592896
11345 -0.596313
11346 -0.598755
11347 -0.589355
11348 -0.580688
11349 -0.570679
11350 -0.553833
11351 -0.554077
11352 -0.555298
11353 -0.531372
11354 -0.545288
11355 -0.569702
11356 -0.579956
11357 -0.574097
11358 -0.579468
11359 -0.577881
11360 -0.585327
11361 -0.585571
11362 -0.582642
11363 -0.589233
11364 -0.586304
11365 -0.586426
11366 -0.578613
11367 -0.581177
11368 -0.586914
11369 -0.562622
11370 -0.574097
11371 -0.576172
11372 -0.585205
11373 -0.598877
11374 -0.582520
11375 -0.568237
11376 -0.578735
11377 -0.574829
11378 -0.561523
11379 -0.578003
11380 -0.579346
11381 -0.588013
11382 -0.594971
11383 -0.598633
11384 -0.599854
11385 -0.615601
11386 -0.633667
11387 -0.638184
11388 -0.644653
11389 -0.637085
11390 -0.623535
11391 -0.600952
11392 -0.613281
11393 -0.605591
11394 -0.602295
11395 -0.614746
11396 -0.600342
11397 -0.587280
11398 -0.584473
11399 -0.577881
11400 -0.559082
11401 -0.547241
11402 -0.545288
11403 -0.525024
11404 -0.530396
11405 -0.537964
11406 -0.528931
11407 -0.527222
11408 -0.530762
11409 -0.519775
11410 -0.526001
11411 -0.516602
11412 -0.545044
11413 -0.536255
11414 -0.538452
11415 -0.536011
11416 -0.528320
11417 -0.538574
11418 -0.535156
11419 -0.515747
11420 -0.520752
11421 -0.528809
11422 -0.551270
11423 -0.537598
11424 -0.545288
11425 -0.543945
11426 -0.566040
11427 -0.592163
11428 -0.603027
11429 -0.600098
11430 -0.589722
11431 -0.596191
11432 -0.613159
11433 -0.606934
11434 -0.587402
11435 -0.582764
11436 -0.580811
11437 -0.580933
11438 -0.568237
11439 -0.558472
11440 -0.569458
11441 -0.563965
11442 -0.559326
11443 -0.576294
11444 -0.570313
11445 -0.571289
11446 -0.559448
11447 -0.558716
11448 -0.549194
11449 -0.563354
11450 -0.570801
11451 -0.564453
11452 -0.549683
11453 -0.558716
11454 -0.575684
11455 -0.571045
11456 -0.570557
11457 -0.565430
11458 -0.585327
11459 -0.600342
11460 -0.609497
11461 -0.598999
11462 -0.600952
11463 -0.589966
11464 -0.565552
11465 -0.553955
11466 -0.555054
11467 -0.550171
11468 -0.552002
11469 -0.551758
11470 -0.545410
11471 -0.533081
11472 -0.531128
11473 -0.568481
11474 -0.579346
11475 -0.578369
11476 -0.588867
11477 -0.579346
11478 -0.582764
11479 -0.579224
11480 -0.593750
11481 -0.587891
11482 -0.592285
11483 -0.572266
11484 -0.561035
11485 -0.566650
11486 -0.562866
11487 -0.551270
11488 -0.519409
11489 -0.524048
11490 -0.518066
11491 -0.528564
11492 -0.536133
11493 -0.540161
11494 -0.524536
11495 -0.524536
11496 -0.518555
11497 -0.515991
11498 -0.515259
11499 -0.514038
11500 -0.520752
11501 -0.525513
11502 -0.502930
11503 -0.489136
11504 -0.471924
11505 -0.477051
11506 -0.488159
11507 -0.493896
11508 -0.494385
11509 -0.509155
11510 -0.507935
11511 -0.515869
11512 -0.506592
11513 -0.522583
11514 -0.515015
11515 -0.514648
11516 -0.515869
11517 -0.525635
11518 -0.540771
11519 -0.546021
11520 -0.561768
11521 -0.575928
11522 -0.591309
11523 -0.596558
11524 -0.591675
11525 -0.590454
11526 -0.591187
11527 -0.576538
11528 -0.562378
11529 -0.565674
11530 -0.558472
11531 -0.566895
11532 -0.569580
11533 -0.572510
11534 -0.554321
11535 -0.553833
11536 -0.545166
11537 -0.531128
11538 -0.522095
11539 -0.517700
11540 -0.527100
11541 -0.517700
11542 -0.504395
11543 -0.502441
11544 -0.521729
11545 -0.515259
11546 -0.524048
11547 -0.513062
11548 -0.515259
11549 -0.497925
11550 -0.518677
11551 -0.518311
11552 -0.518311
11553 -0.518799
11554 -0.504150
11555 -0.497681
11556 -0.504150
11557 -0.492554
11558 -0.494019
11559 -0.500610
11560 -0.520874
11561 -0.525024
11562 -0.516846
11563 -0.519165
11564 -0.508057
11565 -0.501099
11566 -0.498291
11567 -0.516602
11568 -0.518799
11569 -0.507935
11570 -0.544800
11571 -0.530029
11572 -0.515503
11573 -0.497559
11574 -0.491577
11575 -0.470459
11576 -0.467529
11577 -0.494995
11578 -0.489136
11579 -0.470947
11580 -0.464966
11581 -0.475708
11582 -0.477539
11583 -0.471924
11584 -0.497925
11585 -0.514526
11586 -0.531128
11587 -0.542603
11588 -0.534058
11589 -0.531250
11590 -0.532227
11591 -0.531494
11592 -0.527100
11593 -0.513184
11594 -0.497803
11595 -0.500854
11596 -0.509644
11597 -0.491333
11598 -0.511963
11599 -0.515991
11600 -0.533813
11601 -0.534668
11602 -0.514160
11603 -0.515381
11604 -0.524658
11605 -0.553589
11606 -0.550659
11607 -0.558105
11608 -0.542725
11609 -0.551636
11610 -0.531616
11611 -0.517334
11612 -0.479614
11613 -0.495239
11614 -0.503052
11615 -0.511353
11616 -0.499390
11617 -0.503052
11618 -0.505981
11619 -0.510254
11620 -0.514160
11621 -0.538208
11622 -0.543945
11623 -0.544678
11624 -0.548828
11625 -0.545166
11626 -0.543945
11627 -0.538452
11628 -0.526733
11629 -0.537476
11630 -0.550171
11631 -0.561646
11632 -0.567017
11633 -0.568726
11634 -0.541748
11635 -0.548584
11636 -0.553467
11637 -0.555542
11638 -0.539429
11639 -0.532471
11640 -0.514282
11641 -0.505249
11642 -0.479980
11643 -0.481934
11644 -0.481689
11645 -0.495483
11646 -0.508179
11647 -0.505371
11648 -0.490845
11649 -0.482300
11650 -0.475342
11651 -0.467529
11652 -0.475830
11653 -0.458862
11654 -0.456665
11655 -0.456665
11656 -0.453003
11657 -0.471436
11658 -0.474121
11659 -0.488525
11660 -0.476074
11661 -0.488403
11662 -0.500977
11663 -0.489624
11664 -0.499146
11665 -0.498291
11666 -0.509277
11667 -0.492920
11668 -0.476318
11669 -0.492676
11670 -0.487061
11671 -0.496460
11672 -0.483276
11673 -0.487671
11674 -0.500244
11675 -0.490112
11676 -0.528076
11677 -0.527832
11678 -0.519897
11679 -0.532471
11680 -0.541504
11681 -0.539673
11682 -0.535156
11683 -0.521729
11684 -0.550659
11685 -0.532227
11686 -0.544189
11687 -0.547607
11688 -0.560425
11689 -0.572876
11690 -0.548828
11691 -0.557251
11692 -0.554810
11693 -0.542236
11694 -0.526978
11695 -0.539429
11696 -0.527222
11697 -0.526611
11698 -0.543823
11699 -0.537354
11700 -0.559814
11701 -0.567383
11702 -0.530029
11703 -0.541260
11704 -0.546143
11705 -0.540527
11706 -0.536743
11707 -0.531982
11708 -0.522339
11709 -0.512817
11710 -0.501343
11711 -0.501831
11712 -0.516357
11713 -0.532471
11714 -0.535278
11715 -0.540161
11716 -0.544312
11717 -0.544556
11718 -0.556274
11719 -0.545654
11720 -0.553345
11721 -0.549683
11722 -0.552124
11723 -0.542603
11724 -0.540039
11725 -0.535767
11726 -0.539917
11727 -0.540649
11728 -0.553101
11729 -0.555298
11730 -0.556274
11731 -0.527832
11732 -0.525269
11733 -0.508301
11734 -0.497192
11735 -0.511841
11736 -0.509277
11737 -0.539917
11738 -0.529175
11739 -0.525024
11740 -0.511841
11741 -0.504395
11742 -0.506958
11743 -0.501343
11744 -0.499878
11745 -0.493774
11746 -0.485352
11747 -0.484131
11748 -0.467651
11749 -0.468140
11750 -0.475220
11751 -0.474487
11752 -0.485107
11753 -0.480347
11754 -0.486328
11755 -0.483765
11756 -0.465210
11757 -0.456177
11758 -0.464478
11759 -0.461182
11760 -0.447876
11761 -0.466064
11762 -0.497437
11763 -0.502808
11764 -0.513306
11765 -0.514038
11766 -0.529663
11767 -0.536011
11768 -0.534302
11769 -0.550903
11770 -0.541138
11771 -0.552124
11772 -0.566772
11773 -0.564087
11774 -0.559937
11775 -0.546509
11776 -0.540161
11777 -0.519043
11778 -0.527466
11779 -0.534180
11780 -0.523071
11781 -0.536133
11782 -0.529541
11783 -0.541138
11784 -0.553467
11785 -0.556152
11786 -0.550903
11787 -0.536255
11788 -0.541626
11789 -0.538330
11790 -0.540894
11791 -0.532959
11792 -0.543823
11793 -0.559570
11794 -0.580078
11795 -0.578491
11796 -0.585083
11797 -0.575439
11798 -0.575928
11799 -0.571167
11800 -0.581909
11801 -0.571533
11802 -0.583374
11803 -0.597168
11804 -0.594360
11805 -0.583618
11806 -0.596558
11807 -0.594849
11808 -0.601440
11809 -0.621460
11810 -0.625366
11811 -0.625122
11812 -0.611084
11813 -0.591064
11814 -0.601929
11815 -0.605469
11816 -0.602295
11817 -0.591919
11818 -0.604248
11819 -0.582642
11820 -0.580566
11821 -0.584351
11822 -0.600830
11823 -0.601318
11824 -0.597900
11825 -0.567749
11826 -0.585571
11827 -0.555786
11828 -0.549683
11829 -0.546753
11830 -0.539063
11831 -0.538696
11832 -0.547729
11833 -0.549561
11834 -0.537964
11835 -0.519775
11836 -0.534668
11837 -0.529907
11838 -0.525879
11839 -0.537598
11840 -0.553711
11841 -0.538696
11842 -0.530762
11843 -0.560425
11844 -0.545654
11845 -0.557007
11846 -0.566772
11847 -0.564941
11848 -0.567993
11849 -0.557129
11850 -0.578735
11851 -0.581665
11852 -0.565308
11853 -0.577637
11854 -0.586548
11855 -0.593018
11856 -0.592041
11857 -0.593750
11858 -0.605591
11859 -0.615234
11860 -0.609863
11861 -0.630615
11862 -0.621216
11863 -0.627441
11864 -0.647583
11865 -0.658203
11866 -0.644165
11867 -0.636230
11868 -0.615845
11869 -0.625000
11870 -0.627686
11871 -0.622559
11872 -0.614502
11873 -0.610596
11874 -0.588745
11875 -0.597412
11876 -0.601807
11877 -0.599121
11878 -0.599609
11879 -0.614746
11880 -0.610474
11881 -0.590698
11882 -0.573242
11883 -0.583008
11884 -0.603638
11885 -0.579712
11886 -0.573242
11887 -0.563843
11888 -0.578003
11889 -0.563354
11890 -0.573730
11891 -0.593628
11892 -0.581665
11893 -0.581909
11894 -0.582397
11895 -0.591431
11896 -0.604614
11897 -0.623291
11898 -0.608398
11899 -0.624756
11900 -0.629028
11901 -0.644531
11902 -0.647461
11903 -0.647217
11904 -0.653809
11905 -0.652710
11906 -0.644897
11907 -0.642212
11908 -0.648560
11909 -0.632690
11910 -0.629028
11911 -0.631836
11912 -0.653687
11913 -0.643799
11914 -0.637939
11915 -0.644653
11916 -0.632080
11917 -0.637573
11918 -0.647095
11919 -0.655029
11920 -0.650513
11921 -0.641235
11922 -0.642334
11923 -0.663330
11924 -0.642578
11925 -0.653076
11926 -0.630981
11927 -0.630615
11928 -0.636353
11929 -0.647095
11930 -0.650757
11931 -0.637573
11932 -0.634277
11933 -0.637817
11934 -0.657593
11935 -0.666138
11936 -0.661499
11937 -0.658569
11938 -0.654419
11939 -0.650513
11940 -0.649048
11941 -0.652466
11942 -0.648682
11943 -0.621338
11944 -0.627563
11945 -0.634399
11946 -0.656372
11947 -0.637085
11948 -0.647339
11949 -0.658813
11950 -0.652588
11951 -0.660156
11952 -0.668457
11953 -0.670166
11954 -0.669922
11955 -0.678223
11956 -0.671753
11957 -0.658569
11958 -0.661377
11959 -0.670654
11960 -0.682495
11961 -0.681396
11962 -0.677002
11963 -0.681030
11964 -0.670410
11965 -0.679443
11966 -0.672363
11967 -0.659424
11968 -0.675659
11969 -0.663330
11970 -0.671021
11971 -0.665649
11972 -0.670776
11973 -0.669067
11974 -0.691406
11975 -0.694580
11976 -0.693970
11977 -0.686035
11978 -0.688599
11979 -0.687012
11980 -0.686890
11981 -0.674805
11982 -0.664795
11983 -0.704834
11984 -0.712891
11985 -0.706299
11986 -0.694092
11987 -0.678223
11988 -0.688721
11989 -0.693970
11990 -0.697998
11991 -0.708130
11992 -0.707275
11993 -0.712891
11994 -0.718872
11995 -0.712646
11996 -0.705811
11997 -0.715088
11998 -0.710083
11999 -0.707520
12000 -0.709595
12001 -0.706055
12002 -0.694580
12003 -0.688232
12004 -0.676392
12005 -0.696777
12006 -0.700317
12007 -0.701660
12008 -0.684448
12009 -0.683838
12010 -0.683105
12011 -0.691895
12012 -0.700073
12013 -0.702637
12014 -0.683350
12015 -0.699585
12016 -0.703125
12017 -0.690796
12018 -0.697876
12019 -0.687988
12020 -0.677490
12021 -0.667358
12022 -0.653076
12023 -0.657349
12024 -0.661255
12025 -0.658813
12026 -0.656494
12027 -0.678345
12028 -0.658813
12029 -0.648926
12030 -0.658813
12031 -0.664917
12032 -0.653687
12033 -0.660522
12034 -0.671753
12035 -0.659546
12036 -0.675537
12037 -0.689087
12038 -0.695313
12039 -0.694580
12040 -0.701416
12041 -0.689087
12042 -0.699829
12043 -0.712646
12044 -0.718506
12045 -0.708496
12046 -0.709351
12047 -0.704102
12048 -0.677856
12049 -0.684082
12050 -0.703613
12051 -0.702026
12052 -0.709106
12053 -0.720337
12054 -0.697388
12055 -0.664551
12056 -0.672974
12057 -0.651611
12058 -0.673462
12059 -0.673828
12060 -0.683350
12061 -0.682129
12062 -0.676270
12063 -0.685425
12064 -0.690186
12065 -0.694336
12066 -0.694824
12067 -0.689941
12068 -0.700928
12069 -0.706055
12070 -0.707520
12071 -0.690796
12072 -0.695313
12073 -0.715088
12074 -0.700073
12075 -0.714355
12076 -0.728882
12077 -0.732788
12078 -0.722290
12079 -0.720947
12080 -0.715698
12081 -0.694336
12082 -0.710571
12083 -0.725586
12084 -0.715942
12085 -0.720459
12086 -0.717896
12087 -0.712158
12088 -0.719604
12089 -0.714600
12090 -0.693481
12091 -0.674683
12092 -0.675537
12093 -0.681641
12094 -0.683838
12095 -0.676758
12096 -0.671021
12097 -0.676147
12098 -0.691406
12099 -0.683228
12100 -0.693726
12101 -0.703735
12102 -0.703979
12103 -0.706055
12104 -0.707153
12105 -0.710083
12106 -0.682617
12107 -0.692993
12108 -0.695068
12109 -0.676758
12110 -0.697876
12111 -0.684448
12112 -0.695190
12113 -0.685303
12114 -0.687500
12115 -0.691406
12116 -0.692993
12117 -0.701416
12118 -0.706421
12119 -0.706909
12120 -0.722412
12121 -0.710449
12122 -0.711426
12123 -0.715576
12124 -0.723999
12125 -0.713257
12126 -0.721558
12127 -0.722656
12128 -0.729370
12129 -0.731689
12130 -0.751099
12131 -0.747192
12132 -0.756226
12133 -0.755615
12134 -0.756104
12135 -0.748169
12136 -0.749634
12137 -0.750610
12138 -0.765015
12139 -0.752075
12140 -0.753418
12141 -0.729614
12142 -0.710571
12143 -0.714966
12144 -0.699219
12145 -0.690796
12146 -0.680664
12147 -0.669800
12148 -0.685669
12149 -0.707275
12150 -0.709595
12151 -0.709106
12152 -0.710327
12153 -0.702271
12154 -0.698364
12155 -0.714722
12156 -0.709106
12157 -0.702759
12158 -0.696167
12159 -0.729492
12160 -0.724487
12161 -0.734497
12162 -0.719604
12163 -0.704468
12164 -0.714111
12165 -0.679932
12166 -0.701050
12167 -0.687866
12168 -0.667480
12169 -0.668945
12170 -0.689819
12171 -0.690674
12172 -0.686523
12173 -0.700195
12174 -0.692139
12175 -0.687256
12176 -0.694946
12177 -0.680054
12178 -0.670044
12179 -0.645020
12180 -0.668823
12181 -0.659302
12182 -0.653687
12183 -0.666382
12184 -0.668701
12185 -0.659302
12186 -0.655273
12187 -0.684204
12188 -0.680420
12189 -0.684326
12190 -0.682983
12191 -0.681152
12192 -0.681641
12193 -0.701416
12194 -0.694702
12195 -0.700928
12196 -0.705078
12197 -0.717163
12198 -0.709839
12199 -0.722412
12200 -0.711060
12201 -0.712769
12202 -0.702881
12203 -0.692139
12204 -0.700928
12205 -0.700806
12206 -0.690430
12207 -0.698486
12208 -0.691040
12209 -0.687744
12210 -0.692993
12211 -0.682007
12212 -0.682007
12213 -0.687134
12214 -0.680786
12215 -0.680664
12216 -0.687866
12217 -0.684448
12218 -0.673706
12219 -0.693481
12220 -0.688843
12221 -0.689941
12222 -0.686646
12223 -0.671509
12224 -0.677490
12225 -0.652344
12226 -0.641357
12227 -0.657104
12228 -0.681885
12229 -0.695801
12230 -0.683105
12231 -0.689575
12232 -0.678955
12233 -0.694824
12234 -0.686279
12235 -0.683960
12236 -0.687012
12237 -0.704956
12238 -0.697144
12239 -0.708374
12240 -0.693604
12241 -0.696167
12242 -0.703369
12243 -0.702271
12244 -0.693970
12245 -0.692261
12246 -0.680054
12247 -0.699219
12248 -0.691528
12249 -0.680054
12250 -0.662354
12251 -0.665161
12252 -0.647827
12253 -0.651123
12254 -0.632080
12255 -0.648193
12256 -0.640381
12257 -0.652832
12258 -0.667847
12259 -0.676880
12260 -0.668091
12261 -0.685913
12262 -0.685059
12263 -0.671387
12264 -0.679321
12265 -0.686035
12266 -0.689941
12267 -0.680420
12268 -0.668213
12269 -0.679565
12270 -0.677856
12271 -0.689087
12272 -0.685425
12273 -0.699707
12274 -0.686768
12275 -0.678711
12276 -0.665161
12277 -0.675537
12278 -0.684937
12279 -0.671143
12280 -0.669189
12281 -0.660645
12282 -0.656982
12283 -0.668945
12284 -0.665405
12285 -0.670166
12286 -0.664307
12287 -0.668823
12288 -0.684204
12289 -0.690308
12290 -0.688232
12291 -0.694336
12292 -0.680908
12293 -0.675659
12294 -0.678345
12295 -0.678101
12296 -0.658447
12297 -0.684570
12298 -0.683228
12299 -0.677490
12300 -0.685913
12301 -0.679443
12302 -0.692871
12303 -0.679199
12304 -0.671631
12305 -0.655884
12306 -0.660767
12307 -0.669434
12308 -0.672852
12309 -0.688477
12310 -0.682129
12311 -0.684204
12312 -0.699829
12313 -0.723022
12314 -0.711426
12315 -0.712769
12316 -0.695190
12317 -0.708740
12318 -0.716431
12319 -0.717285
12320 -0.704956
12321 -0.696777
12322 -0.704712
12323 -0.690186
12324 -0.679321
12325 -0.670898
12326 -0.656616
12327 -0.660522
12328 -0.648438
12329 -0.670898
12330 -0.694214
12331 -0.682861
12332 -0.680176
12333 -0.674805
12334 -0.678955
12335 -0.680420
12336 -0.660400
12337 -0.672119
12338 -0.659546
12339 -0.637207
12340 -0.654541
12341 -0.641602
12342 -0.654663
12343 -0.658936
12344 -0.644653
12345 -0.626953
12346 -0.616577
12347 -0.625732
12348 -0.640869
12349 -0.635132
12350 -0.635498
12351 -0.629761
12352 -0.632202
12353 -0.643433
12354 -0.656616
12355 -0.642334
12356 -0.664795
12357 -0.656128
12358 -0.662231
12359 -0.681641
12360 -0.671143
12361 -0.661377
12362 -0.666260
12363 -0.668823
12364 -0.684082
12365 -0.678101
12366 -0.694336
12367 -0.696899
12368 -0.697266
12369 -0.692871
12370 -0.685913
12371 -0.687134
12372 -0.703003
12373 -0.699219
12374 -0.699585
12375 -0.679932
12376 -0.683716
12377 -0.667236
12378 -0.658813
12379 -0.665894
12380 -0.676758
12381 -0.665039
12382 -0.667603
12383 -0.667114
12384 -0.688232
12385 -0.696289
12386 -0.683228
12387 -0.687378
12388 -0.672241
12389 -0.683838
12390 -0.669189
12391 -0.673828
12392 -0.681274
12393 -0.686646
12394 -0.682983
12395 -0.682373
12396 -0.683716
12397 -0.672363
12398 -0.675293
12399 -0.660645
12400 -0.654053
12401 -0.654419
12402 -0.655762
12403 -0.658325
12404 -0.649902
12405 -0.622559
12406 -0.619629
12407 -0.626465
12408 -0.613159
12409 -0.611694
12410 -0.596924
12411 -0.593628
12412 -0.587158
12413 -0.573730
12414 -0.566650
12415 -0.562744
12416 -0.538452
12417 -0.553101
12418 -0.564697
12419 -0.574951
12420 -0.575073
12421 -0.576538
12422 -0.570557
12423 -0.584839
12424 -0.580078
12425 -0.589844
12426 -0.586426
12427 -0.566528
12428 -0.541748
12429 -0.550903
12430 -0.545654
12431 -0.580933
12432 -0.577759
12433 -0.575073
12434 -0.567749
12435 -0.571655
12436 -0.564819
12437 -0.545898
12438 -0.531128
12439 -0.550537
12440 -0.553589
12441 -0.547852
12442 -0.561646
12443 -0.552612
12444 -0.566528
12445 -0.570435
12446 -0.559937
12447 -0.559082
12448 -0.561401
12449 -0.539673
12450 -0.581543
12451 -0.592407
12452 -0.594360
12453 -0.620239
12454 -0.634888
12455 -0.622070
12456 -0.613281
12457 -0.621216
12458 -0.634888
12459 -0.638794
12460 -0.626465
12461 -0.607666
12462 -0.623779
12463 -0.656982
12464 -0.649292
12465 -0.657959
12466 -0.672729
12467 -0.687378
12468 -0.691406
12469 -0.672241
12470 -0.683716
12471 -0.684937
12472 -0.677979
12473 -0.685669
12474 -0.664795
12475 -0.667725
12476 -0.651855
12477 -0.652222
12478 -0.660522
12479 -0.692261
12480 -0.684448
12481 -0.679688
12482 -0.666626
12483 -0.643921
12484 -0.637085
12485 -0.642090
12486 -0.653198
12487 -0.647827
12488 -0.658447
12489 -0.663208
12490 -0.663208
12491 -0.660522
12492 -0.647583
12493 -0.646362
12494 -0.671997
12495 -0.687988
12496 -0.695557
12497 -0.682373
12498 -0.673950
12499 -0.688599
12500 -0.703613
12501 -0.696533
12502 -0.691040
12503 -0.678345
12504 -0.673828
12505 -0.670654
12506 -0.688843
12507 -0.702881
12508 -0.701050
12509 -0.710938
12510 -0.721680
12511 -0.721436
12512 -0.712402
12513 -0.729370
12514 -0.710938
12515 -0.700317
12516 -0.697021
12517 -0.715820
12518 -0.732788
12519 -0.727295
12520 -0.732788
12521 -0.727051
12522 -0.747070
12523 -0.739258
12524 -0.747681
12525 -0.745728
12526 -0.753540
12527 -0.760254
12528 -0.768066
12529 -0.756592
12530 -0.759399
12531 -0.743896
12532 -0.745972
12533 -0.759521
12534 -0.753784
12535 -0.770386
12536 -0.778564
12537 -0.782837
12538 -0.774414
12539 -0.771851
12540 -0.780151
12541 -0.758301
12542 -0.752930
12543 -0.746704
12544 -0.750854
12545 -0.753174
12546 -0.747681
12547 -0.731079
12548 -0.726563
12549 -0.728027
12550 -0.732666
12551 -0.738525
12552 -0.733643
12553 -0.740967
12554 -0.746582
12555 -0.746216
12556 -0.728638
12557 -0.731445
12558 -0.741211
12559 -0.750000
12560 -0.739258
12561 -0.730835
12562 -0.732422
12563 -0.735474
12564 -0.710815
12565 -0.715576
12566 -0.725098
12567 -0.716431
12568 -0.706909
12569 -0.702759
12570 -0.721802
12571 -0.723022
12572 -0.703369
12573 -0.723999
12574 -0.715942
12575 -0.713135
12576 -0.715698
12577 -0.707397
12578 -0.694092
12579 -0.691162
12580 -0.700562
12581 -0.697388
12582 -0.701660
12583 -0.694824
12584 -0.707764
12585 -0.705322
12586 -0.699097
12587 -0.694580
12588 -0.690796
12589 -0.680176
12590 -0.682007
12591 -0.683228
12592 -0.675171
12593 -0.680298
12594 -0.696777
12595 -0.697021
12596 -0.701782
12597 -0.706055
12598 -0.686035
12599 -0.690186
12600 -0.678223
12601 -0.653320
12602 -0.652222
12603 -0.638184
12604 -0.642578
12605 -0.639038
12606 -0.664063
12607 -0.669678
12608 -0.676025
12609 -0.669800
12610 -0.658691
12611 -0.640625
12612 -0.636597
12613 -0.640625
12614 -0.635254
12615 -0.625610
12616 -0.629761
12617 -0.633423
12618 -0.628296
12619 -0.631836
12620 -0.636963
12621 -0.627197
12622 -0.631470
12623 -0.619995
12624 -0.639038
12625 -0.638794
12626 -0.643555
12627 -0.628418
12628 -0.614990
12629 -0.644287
12630 -0.652466
12631 -0.652222
12632 -0.648315
12633 -0.654175
12634 -0.642456
12635 -0.651489
12636 -0.650879
12637 -0.638428
12638 -0.616455
12639 -0.624390
12640 -0.638550
12641 -0.638550
12642 -0.636719
12643 -0.626831
12644 -0.609863
12645 -0.613770
12646 -0.627808
12647 -0.659790
12648 -0.661499
12649 -0.668091
12650 -0.662109
12651 -0.668823
12652 -0.673584
12653 -0.677368
12654 -0.678711
12655 -0.687256
12656 -0.680176
12657 -0.665894
12658 -0.680664
12659 -0.688721
12660 -0.693359
12661 -0.678223
12662 -0.675049
12663 -0.690308
12664 -0.677002
12665 -0.661987
12666 -0.671021
12667 -0.663452
12668 -0.656494
12669 -0.659790
12670 -0.644775
12671 -0.629395
12672 -0.618652
12673 -0.623901
12674 -0.636108
12675 -0.635254
12676 -0.649292
12677 -0.638062
12678 -0.628418
12679 -0.616699
12680 -0.625732
12681 -0.645386
12682 -0.650269
12683 -0.631958
12684 -0.635010
12685 -0.626465
12686 -0.601440
12687 -0.607544
12688 -0.601807
12689 -0.612061
12690 -0.612305
12691 -0.611572
12692 -0.625000
12693 -0.630615
12694 -0.645020
12695 -0.648926
12696 -0.661133
12697 -0.645386
12698 -0.643433
12699 -0.648560
12700 -0.647827
12701 -0.617554
12702 -0.641235
12703 -0.656616
12704 -0.640015
12705 -0.619629
12706 -0.632446
12707 -0.609985
12708 -0.602295
12709 -0.588501
12710 -0.594604
12711 -0.576050
12712 -0.568848
12713 -0.572021
12714 -0.578125
12715 -0.594482
12716 -0.586060
12717 -0.576416
12718 -0.578003
12719 -0.582764
12720 -0.595215
12721 -0.595703
12722 -0.574829
12723 -0.576660
12724 -0.566406
12725 -0.553345
12726 -0.564087
12727 -0.562988
12728 -0.583618
12729 -0.571411
12730 -0.580444
12731 -0.564941
12732 -0.577393
12733 -0.581421
12734 -0.561279
12735 -0.554199
12736 -0.536987
12737 -0.555054
12738 -0.539673
12739 -0.553711
12740 -0.551270
12741 -0.553101
12742 -0.570068
12743 -0.569702
12744 -0.577148
12745 -0.596558
12746 -0.603149
12747 -0.570557
12748 -0.568848
12749 -0.583008
12750 -0.571533
12751 -0.571899
12752 -0.567139
12753 -0.571777
12754 -0.561279
12755 -0.573730
12756 -0.583618
12757 -0.580566
12758 -0.567505
12759 -0.568115
12760 -0.554688
12761 -0.531860
12762 -0.560791
12763 -0.568604
12764 -0.580200
12765 -0.583862
12766 -0.579468
12767 -0.585449
12768 -0.597900
12769 -0.595947
12770 -0.584595
12771 -0.597900
12772 -0.590210
12773 -0.566895
12774 -0.573730
12775 -0.571533
12776 -0.563843
12777 -0.564819
12778 -0.557251
12779 -0.560913
12780 -0.584839
12781 -0.577026
12782 -0.576416
12783 -0.577393
12784 -0.587769
12785 -0.603149
12786 -0.599976
12787 -0.595093
12788 -0.575439
12789 -0.582520
12790 -0.580322
12791 -0.558105
12792 -0.554321
12793 -0.545898
12794 -0.541626
12795 -0.542847
12796 -0.556274
12797 -0.558228
12798 -0.562134
12799 -0.567627
12800 -0.556152
12801 -0.558105
12802 -0.555908
12803 -0.551880
12804 -0.552856
12805 -0.553223
12806 -0.551880
12807 -0.549072
12808 -0.541504
12809 -0.572998
12810 -0.562012
12811 -0.538818
12812 -0.522949
12813 -0.519531
12814 -0.521851
12815 -0.530273
12816 -0.539185
12817 -0.540161
12818 -0.522949
12819 -0.528564
12820 -0.509033
12821 -0.515503
12822 -0.513306
12823 -0.538574
12824 -0.537842
12825 -0.537598
12826 -0.524780
12827 -0.554077
12828 -0.537842
12829 -0.508911
12830 -0.496338
12831 -0.506226
12832 -0.521973
12833 -0.533203
12834 -0.537964
12835 -0.525391
12836 -0.514771
12837 -0.529663
12838 -0.535522
12839 -0.523560
12840 -0.517822
12841 -0.510254
12842 -0.516602
12843 -0.528931
12844 -0.541016
12845 -0.549683
12846 -0.546631
12847 -0.558350
12848 -0.559937
12849 -0.562012
12850 -0.550171
12851 -0.536011
12852 -0.547974
12853 -0.546631
12854 -0.539551
12855 -0.531494
12856 -0.546021
12857 -0.537476
12858 -0.532227
12859 -0.529419
12860 -0.537476
12861 -0.540771
12862 -0.515869
12863 -0.511475
12864 -0.529541
12865 -0.534668
12866 -0.533325
12867 -0.542114
12868 -0.518677
12869 -0.523071
12870 -0.513184
12871 -0.510254
12872 -0.516724
12873 -0.513794
12874 -0.515137
12875 -0.518555
12876 -0.522461
12877 -0.531006
12878 -0.525146
12879 -0.534058
12880 -0.541992
12881 -0.519165
12882 -0.529419
12883 -0.542480
12884 -0.542969
12885 -0.545166
12886 -0.562256
12887 -0.543701
12888 -0.530762
12889 -0.536255
12890 -0.551147
12891 -0.542725
12892 -0.549438
12893 -0.545044
12894 -0.551636
12895 -0.557983
12896 -0.559937
12897 -0.556885
12898 -0.560669
12899 -0.553711
12900 -0.555786
12901 -0.552246
12902 -0.557007
12903 -0.561768
12904 -0.566528
12905 -0.570435
12906 -0.579956
12907 -0.566040
12908 -0.566650
12909 -0.577759
12910 -0.561646
12911 -0.566406
12912 -0.547607
12913 -0.544067
12914 -0.544312
12915 -0.561279
12916 -0.556763
12917 -0.572266
12918 -0.572021
12919 -0.583374
12920 -0.582275
12921 -0.567261
12922 -0.584839
12923 -0.579956
12924 -0.578125
12925 -0.574463
12926 -0.573730
12927 -0.573853
12928 -0.568481
12929 -0.578125
12930 -0.588623
12931 -0.591553
12932 -0.583862
12933 -0.565796
12934 -0.574585
12935 -0.575684
12936 -0.600464
12937 -0.597534
12938 -0.592651
12939 -0.610229
12940 -0.616577
12941 -0.628662
12942 -0.638916
12943 -0.642334
12944 -0.627930
12945 -0.636108
12946 -0.642334
12947 -0.653076
12948 -0.656006
12949 -0.660034
12950 -0.664307
12951 -0.648438
12952 -0.658081
12953 -0.639893
12954 -0.641846
12955 -0.655396
12956 -0.654907
12957 -0.675659
12958 -0.667480
12959 -0.648804
12960 -0.645508
12961 -0.657471
12962 -0.650635
12963 -0.647095
12964 -0.654053
12965 -0.627075
12966 -0.630005
12967 -0.618896
12968 -0.622559
12969 -0.612427
12970 -0.642578
12971 -0.637573
12972 -0.636963
12973 -0.643921
12974 -0.622070
12975 -0.617676
12976 -0.638184
12977 -0.640625
12978 -0.633301
12979 -0.623901
12980 -0.625488
12981 -0.623535
12982 -0.602295
12983 -0.598755
12984 -0.604126
12985 -0.608276
12986 -0.615356
12987 -0.608521
12988 -0.615967
12989 -0.623535
12990 -0.626953
12991 -0.616211
12992 -0.622925
12993 -0.630005
12994 -0.632202
12995 -0.620850
12996 -0.632080
12997 -0.631104
12998 -0.635864
12999 -0.631714
13000 -0.631348
13001 -0.625610
13002 -0.609741
13003 -0.634521
13004 -0.627197
13005 -0.624878
13006 -0.637695
13007 -0.639893
13008 -0.626343
13009 -0.655273
13010 -0.659790
13011 -0.661011
13012 -0.656616
13013 -0.661743
13014 -0.662720
13015 -0.676270
13016 -0.677002
13017 -0.703613
13018 -0.693848
13019 -0.694824
13020 -0.699829
13021 -0.705078
13022 -0.704102
13023 -0.699341
13024 -0.682495
13025 -0.674194
13026 -0.655396
13027 -0.635864
13028 -0.628540
13029 -0.633545
13030 -0.648193
13031 -0.646729
13032 -0.637817
13033 -0.623535
13034 -0.623413
13035 -0.621948
13036 -0.621216
13037 -0.622681
13038 -0.639526
13039 -0.666504
13040 -0.658691
13041 -0.636719
13042 -0.631592
13043 -0.635864
13044 -0.634521
13045 -0.659546
13046 -0.663086
13047 -0.671631
13048 -0.678223
13049 -0.668701
13050 -0.661255
13051 -0.651367
13052 -0.662720
13053 -0.671997
13054 -0.679932
13055 -0.656128
13056 -0.650513
13057 -0.647705
13058 -0.669189
13059 -0.665649
13060 -0.659424
13061 -0.656860
13062 -0.662109
13063 -0.671509
13064 -0.685791
13065 -0.675415
13066 -0.676880
13067 -0.670410
13068 -0.686768
13069 -0.686401
13070 -0.670898
13071 -0.662842
13072 -0.661499
13073 -0.661743
13074 -0.654541
13075 -0.659180
13076 -0.647949
13077 -0.645020
13078 -0.646362
13079 -0.662109
13080 -0.649536
13081 -0.656860
13082 -0.663452
13083 -0.664917
13084 -0.660278
13085 -0.662354
13086 -0.656860
13087 -0.651855
13088 -0.643677
13089 -0.657959
13090 -0.651123
13091 -0.658691
13092 -0.665283
13093 -0.665527
13094 -0.661865
13095 -0.673584
13096 -0.642578
13097 -0.642822
13098 -0.637939
13099 -0.641113
13100 -0.640503
13101 -0.627930
13102 -0.612549
13103 -0.616211
13104 -0.590088
13105 -0.593750
13106 -0.582520
13107 -0.569824
13108 -0.567749
13109 -0.561279
13110 -0.559692
13111 -0.555664
13112 -0.579590
13113 -0.563843
13114 -0.568726
13115 -0.567871
13116 -0.569092
13117 -0.572266
13118 -0.555176
13119 -0.575928
13120 -0.563477
13121 -0.575928
13122 -0.601074
13123 -0.607300
13124 -0.604980
13125 -0.630249
13126 -0.634033
13127 -0.620483
13128 -0.618164
13129 -0.622314
13130 -0.627930
13131 -0.629883
13132 -0.637695
13133 -0.636230
13134 -0.622925
13135 -0.631104
13136 -0.618896
13137 -0.608521
13138 -0.613647
13139 -0.614746
13140 -0.614990
13141 -0.631958
13142 -0.640137
13143 -0.621826
13144 -0.614990
13145 -0.616455
13146 -0.629272
13147 -0.632690
13148 -0.645020
13149 -0.645874
13150 -0.648682
13151 -0.630127
13152 -0.606567
13153 -0.597412
13154 -0.593506
13155 -0.593262
13156 -0.612549
13157 -0.608154
13158 -0.605469
13159 -0.614258
13160 -0.632080
13161 -0.637573
13162 -0.632935
13163 -0.637085
13164 -0.644409
13165 -0.670532
13166 -0.667114
13167 -0.679077
13168 -0.669800
13169 -0.661621
13170 -0.660889
13171 -0.649780
13172 -0.662598
13173 -0.648071
13174 -0.640015
13175 -0.620361
13176 -0.608398
13177 -0.613525
13178 -0.633545
13179 -0.643677
13180 -0.646484
13181 -0.641968
13182 -0.623291
13183 -0.650146
13184 -0.656128
13185 -0.666138
13186 -0.664307
13187 -0.688965
13188 -0.661255
13189 -0.670532
13190 -0.662598
13191 -0.670044
13192 -0.650757
13193 -0.640747
13194 -0.649658
13195 -0.659546
13196 -0.675293
13197 -0.669678
13198 -0.663940
13199 -0.658447
13200 -0.648560
13201 -0.641602
13202 -0.638306
13203 -0.623413
13204 -0.627441
13205 -0.628052
13206 -0.630493
13207 -0.644775
13208 -0.641479
13209 -0.616455
13210 -0.625854
13211 -0.629883
13212 -0.660156
13213 -0.660645
13214 -0.657471
13215 -0.656128
13216 -0.637817
13217 -0.657104
13218 -0.663086
13219 -0.649292
13220 -0.661133
13221 -0.663818
13222 -0.645752
13223 -0.648071
13224 -0.663452
13225 -0.663818
13226 -0.657471
13227 -0.657593
13228 -0.649170
13229 -0.653198
13230 -0.646240
13231 -0.647705
13232 -0.646362
13233 -0.671509
13234 -0.670410
13235 -0.683350
13236 -0.682495
13237 -0.702759
13238 -0.714722
13239 -0.713867
13240 -0.710205
13241 -0.708130
13242 -0.696655
13243 -0.683105
13244 -0.683228
13245 -0.680176
13246 -0.683594
13247 -0.695313
13248 -0.706787
13249 -0.706787
13250 -0.706055
13251 -0.705200
13252 -0.704834
13253 -0.718750
13254 -0.702026
13255 -0.691528
13256 -0.701538
13257 -0.720459
13258 -0.713501
13259 -0.704468
13260 -0.705078
13261 -0.721313
13262 -0.724365
13263 -0.739014
13264 -0.743286
13265 -0.740479
13266 -0.737549
13267 -0.749146
13268 -0.729248
13269 -0.721313
13270 -0.717041
13271 -0.713989
13272 -0.727905
13273 -0.725586
13274 -0.728882
13275 -0.714600
13276 -0.717041
13277 -0.716064
13278 -0.718262
13279 -0.721191
13280 -0.710571
13281 -0.710327
13282 -0.691162
13283 -0.704102
13284 -0.715820
13285 -0.720337
13286 -0.730957
13287 -0.727173
13288 -0.722900
13289 -0.715576
13290 -0.710327
13291 -0.697754
13292 -0.688721
13293 -0.694092
13294 -0.688599
13295 -0.705444
13296 -0.685181
13297 -0.687988
13298 -0.670898
13299 -0.675171
13300 -0.685303
13301 -0.669067
13302 -0.676392
13303 -0.670044
13304 -0.677002
13305 -0.663574
13306 -0.674438
13307 -0.710449
13308 -0.704468
13309 -0.701660
13310 -0.706177
13311 -0.720947
13312 -0.688477
13313 -0.681885
13314 -0.700928
13315 -0.682617
13316 -0.695923
13317 -0.674072
13318 -0.682007
13319 -0.676270
13320 -0.685181
13321 -0.684326
13322 -0.693237
13323 -0.700439
13324 -0.682251
13325 -0.695801
13326 -0.691528
13327 -0.717651
13328 -0.682495
13329 -0.657837
13330 -0.637573
13331 -0.659424
13332 -0.659912
13333 -0.660278
13334 -0.683472
13335 -0.699463
13336 -0.689453
13337 -0.697144
13338 -0.677490
13339 -0.692749
13340 -0.703735
13341 -0.717896
13342 -0.716797
13343 -0.712280
13344 -0.716797
13345 -0.712524
13346 -0.729492
13347 -0.729370
13348 -0.729858
13349 -0.719360
13350 -0.706543
13351 -0.716797
13352 -0.717407
13353 -0.719849
13354 -0.733643
13355 -0.726074
13356 -0.745605
13357 -0.743408
13358 -0.718384
13359 -0.725586
13360 -0.716797
13361 -0.719727
13362 -0.708618
13363 -0.709961
13364 -0.706665
13365 -0.692749
13366 -0.694458
13367 -0.668091
13368 -0.673218
13369 -0.682373
13370 -0.684692
13371 -0.678345
13372 -0.683350
13373 -0.691040
13374 -0.691162
13375 -0.670654
13376 -0.666382
13377 -0.672974
13378 -0.673950
13379 -0.672119
13380 -0.708862
13381 -0.721313
13382 -0.715454
13383 -0.700195
13384 -0.707397
13385 -0.713013
13386 -0.719360
13387 -0.718262
13388 -0.726563
13389 -0.722900
13390 -0.732788
13391 -0.737183
13392 -0.730591
13393 -0.720947
13394 -0.714233
13395 -0.713257
13396 -0.705811
13397 -0.688232
13398 -0.686646
13399 -0.673828
13400 -0.679810
13401 -0.675049
13402 -0.682983
13403 -0.705444
13404 -0.715454
13405 -0.710449
13406 -0.718994
13407 -0.716187
13408 -0.703613
13409 -0.695190
13410 -0.683105
13411 -0.689087
13412 -0.694336
13413 -0.709106
13414 -0.713501
13415 -0.705811
13416 -0.697632
13417 -0.685303
13418 -0.684570
13419 -0.691528
13420 -0.692749
13421 -0.684692
13422 -0.682861
13423 -0.685181
13424 -0.707275
13425 -0.720581
13426 -0.715942
13427 -0.703491
13428 -0.706665
13429 -0.716797
13430 -0.706909
13431 -0.729492
13432 -0.740845
13433 -0.733643
13434 -0.739380
13435 -0.723267
13436 -0.723511
13437 -0.710815
13438 -0.693481
13439 -0.695923
13440 -0.713867
13441 -0.718628
13442 -0.730957
13443 -0.731201
13444 -0.736694
13445 -0.740356
13446 -0.740234
13447 -0.741333
13448 -0.747803
13449 -0.730591
13450 -0.717407
13451 -0.724243
13452 -0.727661
13453 -0.719971
13454 -0.713623
13455 -0.719727
13456 -0.723022
13457 -0.721069
13458 -0.729492
13459 -0.728149
13460 -0.729980
13461 -0.739136
13462 -0.729004
13463 -0.720215
13464 -0.717773
13465 -0.699097
13466 -0.705200
13467 -0.702881
13468 -0.698242
13469 -0.683105
13470 -0.670776
13471 -0.680298
13472 -0.667236
13473 -0.686523
13474 -0.681641
13475 -0.688477
13476 -0.689941
13477 -0.687744
13478 -0.675171
13479 -0.686157
13480 -0.685913
13481 -0.697266
13482 -0.688354
13483 -0.680298
13484 -0.680542
13485 -0.664307
13486 -0.665527
13487 -0.674561
13488 -0.690918
13489 -0.688721
13490 -0.676270
13491 -0.666626
13492 -0.664551
13493 -0.671265
13494 -0.666382
13495 -0.675659
13496 -0.677002
13497 -0.690918
13498 -0.684692
13499 -0.684326
13500 -0.672241
13501 -0.661987
13502 -0.658325
13503 -0.658447
13504 -0.672852
13505 -0.678223
13506 -0.684448
13507 -0.701416
13508 -0.693848
13509 -0.685181
13510 -0.681641
13511 -0.684326
13512 -0.674683
13513 -0.663696
13514 -0.661011
13515 -0.669556
13516 -0.669800
13517 -0.664551
13518 -0.672119
13519 -0.658569
13520 -0.671753
13521 -0.674683
13522 -0.663330
13523 -0.649292
13524 -0.663818
13525 -0.680908
13526 -0.677612
13527 -0.656738
13528 -0.654419
13529 -0.647461
13530 -0.644653
13531 -0.632690
13532 -0.649658
13533 -0.658813
13534 -0.653564
13535 -0.669189
13536 -0.665771
13537 -0.660522
13538 -0.651123
13539 -0.631836
13540 -0.643799
13541 -0.671753
13542 -0.686157
13543 -0.673950
13544 -0.678955
13545 -0.674072
13546 -0.672363
13547 -0.672607
13548 -0.674683
13549 -0.665771
13550 -0.679810
13551 -0.697144
13552 -0.690186
13553 -0.685547
13554 -0.670898
13555 -0.684204
13556 -0.687866
13557 -0.671875
13558 -0.669678
13559 -0.668213
13560 -0.675049
13561 -0.689087
13562 -0.683716
13563 -0.679321
13564 -0.686646
13565 -0.673584
13566 -0.684204
13567 -0.669067
13568 -0.687500
13569 -0.690674
13570 -0.696411
13571 -0.695068
13572 -0.672607
13573 -0.683472
13574 -0.677979
13575 -0.668091
13576 -0.673706
13577 -0.692261
13578 -0.713501
13579 -0.714478
13580 -0.701294
13581 -0.704956
13582 -0.680664
13583 -0.677002
13584 -0.678711
13585 -0.668701
13586 -0.676025
13587 -0.673828
13588 -0.663086
13589 -0.654175
13590 -0.657837
13591 -0.680420
13592 -0.694824
13593 -0.717041
13594 -0.695923
13595 -0.697754
13596 -0.699341
13597 -0.678589
13598 -0.695679
13599 -0.699707
13600 -0.696167
13601 -0.691406
13602 -0.685913
13603 -0.683594
13604 -0.679443
13605 -0.657471
13606 -0.662231
13607 -0.662231
13608 -0.673340
13609 -0.678833
13610 -0.680176
13611 -0.689453
13612 -0.679932
13613 -0.702026
13614 -0.679077
13615 -0.698364
13616 -0.708130
13617 -0.700806
13618 -0.694336
13619 -0.699219
13620 -0.692017
13621 -0.699707
13622 -0.702271
13623 -0.696045
13624 -0.689087
13625 -0.680908
13626 -0.686401
13627 -0.681519
13628 -0.680664
13629 -0.672607
13630 -0.679810
13631 -0.674438
13632 -0.669556
13633 -0.672852
13634 -0.665161
13635 -0.666992
13636 -0.671265
13637 -0.674438
13638 -0.705811
13639 -0.701538
13640 -0.690674
13641 -0.692261
13642 -0.690308
13643 -0.690308
13644 -0.704956
13645 -0.686035
13646 -0.698486
13647 -0.690796
13648 -0.668579
13649 -0.680420
13650 -0.678589
13651 -0.683472
13652 -0.690063
13653 -0.684448
13654 -0.697144
13655 -0.708374
13656 -0.719116
13657 -0.698242
13658 -0.676392
13659 -0.704956
13660 -0.703613
13661 -0.698975
13662 -0.693481
13663 -0.699585
13664 -0.692505
13665 -0.687012
13666 -0.708984
13667 -0.682861
13668 -0.689453
13669 -0.679810
13670 -0.669434
13671 -0.682007
13672 -0.701172
13673 -0.706909
13674 -0.708130
13675 -0.710205
13676 -0.701416
13677 -0.691040
13678 -0.713379
13679 -0.711426
13680 -0.714722
13681 -0.712524
13682 -0.718872
13683 -0.734009
13684 -0.715332
13685 -0.703369
13686 -0.716431
13687 -0.711182
13688 -0.718506
13689 -0.732300
13690 -0.725342
13691 -0.712402
13692 -0.711060
13693 -0.715942
13694 -0.714478
13695 -0.697632
13696 -0.702759
13697 -0.704712
13698 -0.698608
13699 -0.707764
13700 -0.706665
13701 -0.710327
13702 -0.716797
13703 -0.705078
13704 -0.697998
13705 -0.719360
13706 -0.720337
13707 -0.704468
13708 -0.712646
13709 -0.710449
13710 -0.716675
13711 -0.730103
13712 -0.723755
13713 -0.707886
13714 -0.706055
13715 -0.696289
13716 -0.711304
13717 -0.707520
13718 -0.706421
13719 -0.707397
13720 -0.727783
13721 -0.715698
13722 -0.692383
13723 -0.684326
13724 -0.707153
13725 -0.702393
13726 -0.709961
13727 -0.719116
13728 -0.729858
13729 -0.711548
13730 -0.710327
13731 -0.713867
13732 -0.714233
13733 -0.698364
13734 -0.692261
13735 -0.687622
13736 -0.695190
13737 -0.678345
13738 -0.678589
13739 -0.681396
13740 -0.695313
13741 -0.668457
13742 -0.686157
13743 -0.702026
13744 -0.709351
13745 -0.705933
13746 -0.689819
13747 -0.695313
13748 -0.702271
13749 -0.701294
13750 -0.681885
13751 -0.691650
13752 -0.676758
13753 -0.668945
13754 -0.669312
13755 -0.648560
13756 -0.665527
13757 -0.659790
13758 -0.671753
13759 -0.679077
13760 -0.684937
13761 -0.686890
13762 -0.683350
13763 -0.675781
13764 -0.656494
13765 -0.669189
13766 -0.650513
13767 -0.640015
13768 -0.646484
13769 -0.642578
13770 -0.638306
13771 -0.626953
13772 -0.627563
13773 -0.618530
13774 -0.614136
13775 -0.629517
13776 -0.637695
13777 -0.639526
13778 -0.633423
13779 -0.642456
13780 -0.617920
13781 -0.604370
13782 -0.615845
13783 -0.622314
13784 -0.596436
13785 -0.610352
13786 -0.611816
13787 -0.617065
13788 -0.613403
13789 -0.609863
13790 -0.599121
13791 -0.622314
13792 -0.638306
13793 -0.634277
13794 -0.657837
13795 -0.656006
13796 -0.657837
13797 -0.653809
13798 -0.644165
13799 -0.632935
13800 -0.637939
13801 -0.630981
13802 -0.638916
13803 -0.611328
13804 -0.618774
13805 -0.631104
13806 -0.639771
13807 -0.639160
13808 -0.627197
13809 -0.621826
13810 -0.640015
13811 -0.660156
13812 -0.667480
13813 -0.670776
13814 -0.672974
13815 -0.675049
13816 -0.672974
13817 -0.685059
13818 -0.674927
13819 -0.667358
13820 -0.666382
13821 -0.677124
13822 -0.681641
13823 -0.661499
13824 -0.670776
13825 -0.654785
13826 -0.640015
13827 -0.638184
13828 -0.639771
13829 -0.625977
13830 -0.641968
13831 -0.625244
13832 -0.649780
13833 -0.640137
13834 -0.624512
13835 -0.618896
13836 -0.609863
13837 -0.625122
13838 -0.629639
13839 -0.641846
13840 -0.634277
13841 -0.638672
13842 -0.634277
13843 -0.632446
13844 -0.609009
13845 -0.612915
13846 -0.606812
13847 -0.601318
13848 -0.609863
13849 -0.611816
13850 -0.621948
13851 -0.603760
13852 -0.611328
13853 -0.615967
13854 -0.607300
13855 -0.610596
13856 -0.609375
13857 -0.617798
13858 -0.627197
13859 -0.630127
13860 -0.640503
13861 -0.661499
13862 -0.649170
13863 -0.650146
13864 -0.635254
13865 -0.650513
13866 -0.626953
13867 -0.637451
13868 -0.631836
13869 -0.646973
13870 -0.624512
13871 -0.623535
13872 -0.629272
13873 -0.644165
13874 -0.651733
13875 -0.649780
13876 -0.644165
13877 -0.656494
13878 -0.664673
13879 -0.675049
13880 -0.683105
13881 -0.690552
13882 -0.682251
13883 -0.667969
13884 -0.668579
13885 -0.646118
13886 -0.656982
13887 -0.645752
13888 -0.649414
13889 -0.646240
13890 -0.632813
13891 -0.637451
13892 -0.639282
13893 -0.637573
13894 -0.635132
13895 -0.625244
13896 -0.648682
13897 -0.662231
13898 -0.656372
13899 -0.653809
13900 -0.642578
13901 -0.650269
13902 -0.657471
13903 -0.651733
13904 -0.652588
13905 -0.662964
13906 -0.670776
13907 -0.655396
13908 -0.648560
13909 -0.633179
13910 -0.637817
13911 -0.640015
13912 -0.651245
13913 -0.651611
13914 -0.655518
13915 -0.650391
13916 -0.655518
13917 -0.654297
13918 -0.670288
13919 -0.678101
13920 -0.682251
13921 -0.678589
13922 -0.666626
13923 -0.666992
13924 -0.682495
13925 -0.682617
13926 -0.685791
13927 -0.683105
13928 -0.676147
13929 -0.662598
13930 -0.651611
13931 -0.649658
13932 -0.649902
13933 -0.641846
13934 -0.641602
13935 -0.643799
13936 -0.640625
13937 -0.642944
13938 -0.623657
13939 -0.629883
13940 -0.643066
13941 -0.637573
13942 -0.627563
13943 -0.629639
13944 -0.644165
13945 -0.635620
13946 -0.617188
13947 -0.617920
13948 -0.625122
13949 -0.613281
13950 -0.608887
13951 -0.635864
13952 -0.630249
13953 -0.626831
13954 -0.617798
13955 -0.605835
13956 -0.611206
13957 -0.620239
13958 -0.613403
13959 -0.614502
13960 -0.617432
13961 -0.630249
13962 -0.624146
13963 -0.644531
13964 -0.646240
13965 -0.668823
13966 -0.644409
13967 -0.629028
13968 -0.637695
13969 -0.639404
13970 -0.639038
13971 -0.644043
13972 -0.640259
13973 -0.632446
13974 -0.619507
13975 -0.625732
13976 -0.642578
13977 -0.649292
13978 -0.646362
13979 -0.646729
13980 -0.656372
13981 -0.661743
13982 -0.658325
13983 -0.662476
13984 -0.669067
13985 -0.662109
13986 -0.666870
13987 -0.661011
13988 -0.662109
13989 -0.658081
13990 -0.640991
13991 -0.637939
13992 -0.650757
13993 -0.656494
13994 -0.667725
13995 -0.661011
13996 -0.675781
13997 -0.663086
13998 -0.673706
13999 -0.655396
14000 -0.656860
14001 -0.644653
14002 -0.624878
14003 -0.621094
14004 -0.620850
14005 -0.618530
14006 -0.617065
14007 -0.646606
14008 -0.659058
14009 -0.654297
14010 -0.644409
14011 -0.652222
14012 -0.641846
14013 -0.629395
14014 -0.620972
14015 -0.632446
14016 -0.634399
14017 -0.624512
14018 -0.597656
14019 -0.609863
14020 -0.601440
14021 -0.623047
14022 -0.611206
14023 -0.620972
14024 -0.631226
14025 -0.644897
14026 -0.659912
14027 -0.637329
14028 -0.640381
14029 -0.642700
14030 -0.654663
14031 -0.658569
14032 -0.657471
14033 -0.659058
14034 -0.677490
14035 -0.678711
14036 -0.660767
14037 -0.650879
14038 -0.628784
14039 -0.625244
14040 -0.639160
14041 -0.659790
14042 -0.650024
14043 -0.645996
14044 -0.659668
14045 -0.636230
14046 -0.645996
14047 -0.636108
14048 -0.649536
14049 -0.642334
14050 -0.681519
14051 -0.664185
14052 -0.663818
14053 -0.658569
14054 -0.656372
14055 -0.656128
14056 -0.641235
14057 -0.655396
14058 -0.652344
14059 -0.657349
14060 -0.654907
14061 -0.657837
14062 -0.681030
14063 -0.674438
14064 -0.685791
14065 -0.681763
14066 -0.686646
14067 -0.675659
14068 -0.687012
14069 -0.704712
14070 -0.713501
14071 -0.711182
14072 -0.714600
14073 -0.702271
14074 -0.698608
14075 -0.677246
14076 -0.682983
14077 -0.698120
14078 -0.707764
14079 -0.706299
14080 -0.720825
14081 -0.727173
14082 -0.746704
14083 -0.749390
14084 -0.739502
14085 -0.748413
14086 -0.747437
14087 -0.755981
14088 -0.764160
14089 -0.737671
14090 -0.735229
14091 -0.733276
14092 -0.715088
14093 -0.711548
14094 -0.703369
14095 -0.709351
14096 -0.710938
14097 -0.719360
14098 -0.731567
14099 -0.745239
14100 -0.740479
14101 -0.740356
14102 -0.734619
14103 -0.732788
14104 -0.733032
14105 -0.744995
14106 -0.745239
14107 -0.736206
14108 -0.725098
14109 -0.714355
14110 -0.723999
14111 -0.726563
14112 -0.715942
14113 -0.706055
14114 -0.710449
14115 -0.715576
14116 -0.691895
14117 -0.704712
14118 -0.703613
14119 -0.714111
14120 -0.726074
14121 -0.715698
14122 -0.716431
14123 -0.705078
14124 -0.715576
14125 -0.712158
14126 -0.719604
14127 -0.722778
14128 -0.734985
14129 -0.755615
14130 -0.757568
14131 -0.754395
14132 -0.756836
14133 -0.750000
14134 -0.755615
14135 -0.763062
14136 -0.752930
14137 -0.750366
14138 -0.731812
14139 -0.722412
14140 -0.750244
14141 -0.747437
14142 -0.743896
14143 -0.737183
14144 -0.752686
14145 -0.753418
14146 -0.746948
14147 -0.756836
14148 -0.762207
14149 -0.754517
14150 -0.757202
14151 -0.767334
14152 -0.776733
14153 -0.770264
14154 -0.768921
14155 -0.748291
14156 -0.732666
14157 -0.741333
14158 -0.736816
14159 -0.732544
14160 -0.723755
14161 -0.731323
14162 -0.731079
14163 -0.729370
14164 -0.734253
14165 -0.745117
14166 -0.735229
14167 -0.740356
14168 -0.728271
14169 -0.728027
14170 -0.732178
14171 -0.726685
14172 -0.726440
14173 -0.717651
14174 -0.721069
14175 -0.719360
14176 -0.708496
14177 -0.703613
14178 -0.702637
14179 -0.706909
14180 -0.709229
14181 -0.703491
14182 -0.710693
14183 -0.703613
14184 -0.691406
14185 -0.695557
14186 -0.696289
14187 -0.700684
14188 -0.696777
14189 -0.697632
14190 -0.703491
14191 -0.728149
14192 -0.730957
14193 -0.733765
14194 -0.730835
14195 -0.731323
14196 -0.728149
14197 -0.732056
14198 -0.743042
14199 -0.746948
14200 -0.743164
14201 -0.742432
14202 -0.730225
14203 -0.718628
14204 -0.712158
14205 -0.708374
14206 -0.706665
14207 -0.731567
14208 -0.724609
14209 -0.711792
14210 -0.717773
14211 -0.706299
14212 -0.716553
14213 -0.719360
14214 -0.716431
14215 -0.694336
14216 -0.677979
14217 -0.668213
14218 -0.677734
14219 -0.676880
14220 -0.666870
14221 -0.661865
14222 -0.639404
14223 -0.658691
14224 -0.659424
14225 -0.670044
14226 -0.668823
14227 -0.680298
14228 -0.678467
14229 -0.690796
14230 -0.709106
14231 -0.713989
14232 -0.708984
14233 -0.701538
14234 -0.689819
14235 -0.686157
14236 -0.700317
14237 -0.694092
14238 -0.703857
14239 -0.715942
14240 -0.713623
14241 -0.721069
14242 -0.710938
14243 -0.731567
14244 -0.743774
14245 -0.752808
14246 -0.752075
14247 -0.736450
14248 -0.740234
14249 -0.734131
14250 -0.741943
14251 -0.729004
14252 -0.733643
14253 -0.720459
14254 -0.708374
14255 -0.704712
14256 -0.705444
14257 -0.708496
14258 -0.703125
14259 -0.687988
14260 -0.685181
14261 -0.685547
14262 -0.694336
14263 -0.691040
14264 -0.686279
14265 -0.694214
14266 -0.692871
14267 -0.678589
14268 -0.662109
14269 -0.660522
14270 -0.666748
14271 -0.678833
14272 -0.672241
14273 -0.695313
14274 -0.704956
14275 -0.702759
14276 -0.696655
14277 -0.701782
14278 -0.696289
14279 -0.684204
14280 -0.677246
14281 -0.692627
14282 -0.702637
14283 -0.687744
14284 -0.668457
14285 -0.673950
14286 -0.668823
14287 -0.660400
14288 -0.665649
14289 -0.688110
14290 -0.690918
14291 -0.680664
14292 -0.682861
14293 -0.683105
14294 -0.689453
14295 -0.670532
14296 -0.679321
14297 -0.661621
14298 -0.660156
14299 -0.665649
14300 -0.667114
14301 -0.682251
14302 -0.665039
14303 -0.648071
14304 -0.666870
14305 -0.676392
14306 -0.684326
14307 -0.673218
14308 -0.675293
14309 -0.673218
14310 -0.702393
14311 -0.704956
14312 -0.695679
14313 -0.684448
14314 -0.686035
14315 -0.681396
14316 -0.689941
14317 -0.696411
14318 -0.690430
14319 -0.706665
14320 -0.704224
14321 -0.693115
14322 -0.701904
14323 -0.698975
14324 -0.706299
14325 -0.712158
14326 -0.722046
14327 -0.713623
14328 -0.727905
14329 -0.732666
14330 -0.724243
14331 -0.730957
14332 -0.749146
14333 -0.759033
14334 -0.728760
14335 -0.738159
14336 -0.722168
14337 -0.714111
14338 -0.707886
14339 -0.710938
14340 -0.706787
14341 -0.685181
14342 -0.682007
14343 -0.680054
14344 -0.670898
14345 -0.676392
14346 -0.677612
14347 -0.667480
14348 -0.675293
14349 -0.690430
14350 -0.694702
14351 -0.714233
14352 -0.721436
14353 -0.710815
14354 -0.705933
14355 -0.707886
14356 -0.723755
14357 -0.713379
14358 -0.708740
14359 -0.691650
14360 -0.705688
14361 -0.710327
14362 -0.713623
14363 -0.718872
14364 -0.726563
14365 -0.728760
14366 -0.728271
14367 -0.732666
14368 -0.728516
14369 -0.739258
14370 -0.751465
14371 -0.733032
14372 -0.719727
14373 -0.717041
14374 -0.720825
14375 -0.726685
14376 -0.723511
14377 -0.733643
14378 -0.723999
14379 -0.732544
14380 -0.721680
14381 -0.724487
14382 -0.721313
14383 -0.726807
14384 -0.721558
14385 -0.711060
14386 -0.708740
14387 -0.713135
14388 -0.721802
14389 -0.715576
14390 -0.707397
14391 -0.708008
14392 -0.702759
14393 -0.703613
14394 -0.713379
14395 -0.711548
14396 -0.730225
14397 -0.737061
14398 -0.737671
14399 -0.720947
14400 -0.713745
14401 -0.711060
14402 -0.707397
14403 -0.690552
14404 -0.679321
14405 -0.696289
14406 -0.699219
14407 -0.703613
14408 -0.694092
14409 -0.692871
14410 -0.703979
14411 -0.697266
14412 -0.701050
14413 -0.701294
14414 -0.701904
14415 -0.689209
14416 -0.683594
14417 -0.704956
14418 -0.707520
14419 -0.694946
14420 -0.685913
14421 -0.675659
14422 -0.673096
14423 -0.680542
14424 -0.687866
14425 -0.693481
14426 -0.688965
14427 -0.692993
14428 -0.678833
14429 -0.681519
14430 -0.675659
14431 -0.645874
14432 -0.654053
14433 -0.653564
14434 -0.669922
14435 -0.672119
14436 -0.679932
14437 -0.701294
14438 -0.693237
14439 -0.692261
14440 -0.688965
14441 -0.705200
14442 -0.712891
14443 -0.722412
14444 -0.706787
14445 -0.711060
14446 -0.729004
14447 -0.730347
14448 -0.736572
14449 -0.730957
14450 -0.743896
14451 -0.730957
14452 -0.725952
14453 -0.719604
14454 -0.719238
14455 -0.713501
14456 -0.720947
14457 -0.710815
14458 -0.702637
14459 -0.715698
14460 -0.721680
14461 -0.723755
14462 -0.726318
14463 -0.731445
14464 -0.731079
14465 -0.723267
14466 -0.736206
14467 -0.737915
14468 -0.717896
14469 -0.711304
14470 -0.699463
14471 -0.696045
14472 -0.685303
14473 -0.698730
14474 -0.693115
14475 -0.704834
14476 -0.712402
14477 -0.714966
14478 -0.723511
14479 -0.709473
14480 -0.708740
14481 -0.725708
14482 -0.730713
14483 -0.745850
14484 -0.743896
14485 -0.746338
14486 -0.767456
14487 -0.763184
14488 -0.776245
14489 -0.764160
14490 -0.757935
14491 -0.741821
14492 -0.737427
14493 -0.729004
14494 -0.713989
14495 -0.725098
14496 -0.732788
14497 -0.742065
14498 -0.738281
14499 -0.729004
14500 -0.730347
14501 -0.725708
14502 -0.713013
14503 -0.719238
14504 -0.704224
14505 -0.707886
14506 -0.710693
14507 -0.723755
14508 -0.697632
14509 -0.693970
14510 -0.691650
14511 -0.700562
14512 -0.726074
14513 -0.713745
14514 -0.713379
14515 -0.718018
14516 -0.722168
14517 -0.714478
14518 -0.691895
14519 -0.693115
14520 -0.685669
14521 -0.682617
14522 -0.683716
14523 -0.695801
14524 -0.691772
14525 -0.699463
14526 -0.690308
14527 -0.687256
14528 -0.677368
14529 -0.685059
14530 -0.685303
14531 -0.676147
14532 -0.673584
14533 -0.663940
14534 -0.651733
14535 -0.631470
14536 -0.625977
14537 -0.638062
14538 -0.652588
14539 -0.662598
14540 -0.669556
14541 -0.671387
14542 -0.636597
14543 -0.633667
14544 -0.653320
14545 -0.651855
14546 -0.656982
14547 -0.669922
14548 -0.674072
14549 -0.663208
14550 -0.660400
14551 -0.683594
14552 -0.699951
14553 -0.679688
14554 -0.689941
14555 -0.674316
14556 -0.680420
14557 -0.679810
14558 -0.672241
14559 -0.685791
14560 -0.693481
14561 -0.699341
14562 -0.696533
14563 -0.698730
14564 -0.696655
14565 -0.703247
14566 -0.709351
14567 -0.703003
14568 -0.699219
14569 -0.713257
14570 -0.713379
14571 -0.712891
14572 -0.713379
14573 -0.723755
14574 -0.740967
14575 -0.728271
14576 -0.707886
14577 -0.709473
14578 -0.696655
14579 -0.694214
14580 -0.706177
14581 -0.711914
14582 -0.723022
14583 -0.734253
14584 -0.752686
14585 -0.752441
14586 -0.746338
14587 -0.749023
14588 -0.729004
14589 -0.712524
14590 -0.721191
14591 -0.714722
14592 -0.709351
14593 -0.699097
14594 -0.710449
14595 -0.717041
14596 -0.709106
14597 -0.702271
14598 -0.711182
14599 -0.711060
14600 -0.710327
14601 -0.731445
14602 -0.739868
14603 -0.739746
14604 -0.743896
14605 -0.724731
14606 -0.717529
14607 -0.721313
14608 -0.715576
14609 -0.712402
14610 -0.710815
14611 -0.725586
14612 -0.699585
14613 -0.694580
14614 -0.705933
14615 -0.700317
14616 -0.698120
14617 -0.702026
14618 -0.687134
14619 -0.689331
14620 -0.688599
14621 -0.681885
14622 -0.664307
14623 -0.662109
14624 -0.643311
14625 -0.653320
14626 -0.656616
14627 -0.661621
14628 -0.643433
14629 -0.649414
14630 -0.642700
14631 -0.623413
14632 -0.632324
14633 -0.635986
14634 -0.635742
14635 -0.641357
14636 -0.626343
14637 -0.646240
14638 -0.650757
14639 -0.647461
14640 -0.644043
14641 -0.651367
14642 -0.653076
14643 -0.678833
14644 -0.680908
14645 -0.682739
14646 -0.683350
14647 -0.681885
14648 -0.673950
14649 -0.691406
14650 -0.688110
14651 -0.688477
14652 -0.690063
14653 -0.692383
14654 -0.699951
14655 -0.700806
14656 -0.690186
14657 -0.697754
14658 -0.706177
14659 -0.704102
14660 -0.700073
14661 -0.703857
14662 -0.709595
14663 -0.692627
14664 -0.697632
14665 -0.682739
14666 -0.686646
14667 -0.684814
14668 -0.684326
14669 -0.693481
14670 -0.702026
14671 -0.699097
14672 -0.686523
14673 -0.704468
14674 -0.688232
14675 -0.702515
14676 -0.651978
14677 -0.658447
14678 -0.662598
14679 -0.653564
14680 -0.660278
14681 -0.663818
14682 -0.654785
14683 -0.658569
14684 -0.658081
14685 -0.655029
14686 -0.661011
14687 -0.676636
14688 -0.671753
14689 -0.663574
14690 -0.665894
14691 -0.662231
14692 -0.663452
14693 -0.660889
14694 -0.663940
14695 -0.662109
14696 -0.661133
14697 -0.655029
14698 -0.634155
14699 -0.641235
14700 -0.651123
14701 -0.668701
14702 -0.684082
14703 -0.688354
14704 -0.698364
14705 -0.680420
14706 -0.685303
14707 -0.700806
14708 -0.698486
14709 -0.690186
14710 -0.674805
14711 -0.696899
14712 -0.694458
14713 -0.690674
14714 -0.681030
14715 -0.672363
14716 -0.680176
14717 -0.686768
14718 -0.691040
14719 -0.693115
14720 -0.702881
14721 -0.714111
14722 -0.703491
14723 -0.703491
14724 -0.688843
14725 -0.706299
14726 -0.707764
14727 -0.709106
14728 -0.728027
14729 -0.735352
14730 -0.723999
14731 -0.720459
14732 -0.717651
14733 -0.729492
14734 -0.717896
14735 -0.713867
14736 -0.723022
14737 -0.717407
14738 -0.714111
14739 -0.718140
14740 -0.695313
14741 -0.693970
14742 -0.692871
14743 -0.704102
14744 -0.708496
14745 -0.712524
14746 -0.718384
14747 -0.722534
14748 -0.726074
14749 -0.716187
14750 -0.726929
14751 -0.722534
14752 -0.722778
14753 -0.731934
14754 -0.719360
14755 -0.717773
14756 -0.713379
14757 -0.705688
14758 -0.715088
14759 -0.726318
14760 -0.731445
14761 -0.744141
14762 -0.730835
14763 -0.720337
14764 -0.714355
14765 -0.700562
14766 -0.699585
14767 -0.695923
14768 -0.707520
14769 -0.711182
14770 -0.704468
14771 -0.695923
14772 -0.691406
14773 -0.697266
14774 -0.710571
14775 -0.733032
14776 -0.734253
14777 -0.740234
14778 -0.733276
14779 -0.740479
14780 -0.737305
14781 -0.727295
14782 -0.734253
14783 -0.739136
14784 -0.730103
14785 -0.719971
14786 -0.714966
14787 -0.713745
14788 -0.716431
14789 -0.717041
14790 -0.724121
14791 -0.715576
14792 -0.707642
14793 -0.724731
14794 -0.715942
14795 -0.717163
14796 -0.737183
14797 -0.747437
14798 -0.746460
14799 -0.756836
14800 -0.751465
14801 -0.751099
14802 -0.738647
14803 -0.741211
14804 -0.749512
14805 -0.753174
14806 -0.766235
14807 -0.761841
14808 -0.764160
14809 -0.761475
14810 -0.760620
14811 -0.741943
14812 -0.752075
14813 -0.731201
14814 -0.739014
14815 -0.746094
14816 -0.731201
14817 -0.730225
14818 -0.715698
14819 -0.720093
14820 -0.710449
14821 -0.731689
14822 -0.724976
14823 -0.700806
14824 -0.698120
14825 -0.703125
14826 -0.716919
14827 -0.725220
14828 -0.697632
14829 -0.689209
14830 -0.684814
14831 -0.686646
14832 -0.678711
14833 -0.696289
14834 -0.700928
14835 -0.709717
14836 -0.705566
14837 -0.706299
14838 -0.708984
14839 -0.685791
14840 -0.676514
14841 -0.672241
14842 -0.648071
14843 -0.646362
14844 -0.645996
14845 -0.670898
14846 -0.681763
14847 -0.670288
14848 -0.675415
14849 -0.678711
14850 -0.680786
14851 -0.664063
14852 -0.679688
14853 -0.678711
14854 -0.690674
14855 -0.667847
14856 -0.675903
14857 -0.679565
14858 -0.670654
14859 -0.670410
14860 -0.687500
14861 -0.693481
14862 -0.711060
14863 -0.707886
14864 -0.702393
14865 -0.701416
14866 -0.705200
14867 -0.713867
14868 -0.708008
14869 -0.699219
14870 -0.711914
14871 -0.693848
14872 -0.686035
14873 -0.693970
14874 -0.698730
14875 -0.671753
14876 -0.691284
14877 -0.707764
14878 -0.703491
14879 -0.721069
14880 -0.733765
14881 -0.725586
14882 -0.719604
14883 -0.723877
14884 -0.724243
14885 -0.704346
14886 -0.707397
14887 -0.701172
14888 -0.692383
14889 -0.708862
14890 -0.724854
14891 -0.727173
14892 -0.725098
14893 -0.714966
14894 -0.718628
14895 -0.713379
14896 -0.715820
14897 -0.721680
14898 -0.723633
14899 -0.697021
14900 -0.721191
14901 -0.724487
14902 -0.744995
14903 -0.734253
14904 -0.729614
14905 -0.729004
14906 -0.737061
14907 -0.750732
14908 -0.737549
14909 -0.742554
14910 -0.737305
14911 -0.748779
14912 -0.752563
14913 -0.739624
14914 -0.750122
14915 -0.755737
14916 -0.758057
14917 -0.750610
14918 -0.738159
14919 -0.745239
14920 -0.741943
14921 -0.764038
14922 -0.764404
14923 -0.766724
14924 -0.761597
14925 -0.767944
14926 -0.767212
14927 -0.777588
14928 -0.763306
14929 -0.754517
14930 -0.766113
14931 -0.761353
14932 -0.765625
14933 -0.754272
14934 -0.748901
14935 -0.759155
14936 -0.767090
14937 -0.754761
14938 -0.750854
14939 -0.757690
14940 -0.759155
14941 -0.753906
14942 -0.752319
14943 -0.750488
14944 -0.749512
14945 -0.734619
14946 -0.724487
14947 -0.737061
14948 -0.740845
14949 -0.743530
14950 -0.749023
14951 -0.732788
14952 -0.711548
14953 -0.704712
14954 -0.691284
14955 -0.686523
14956 -0.678467
14957 -0.684448
14958 -0.683472
14959 -0.701782
14960 -0.712891
14961 -0.715820
14962 -0.722290
14963 -0.711060
14964 -0.723389
14965 -0.729980
14966 -0.725098
14967 -0.712280
14968 -0.730591
14969 -0.722656
14970 -0.729004
14971 -0.729004
14972 -0.728027
14973 -0.714844
14974 -0.720093
14975 -0.730835
14976 -0.741211
14977 -0.742432
14978 -0.736694
14979 -0.739746
14980 -0.731323
14981 -0.721924
14982 -0.707520
14983 -0.679565
14984 -0.685669
14985 -0.675537
14986 -0.675903
14987 -0.677002
14988 -0.699707
14989 -0.699951
14990 -0.702759
14991 -0.704224
14992 -0.699707
14993 -0.681030
14994 -0.655396
14995 -0.656738
14996 -0.670776
14997 -0.660645
14998 -0.685425
14999 -0.702271
15000 -0.702271
15001 -0.688110
15002 -0.701416
15003 -0.687256
15004 -0.684448
15005 -0.698242
15006 -0.694580
15007 -0.681519
15008 -0.681763
15009 -0.689087
15010 -0.667236
15011 -0.669067
15012 -0.652710
15013 -0.655151
15014 -0.649902
15015 -0.648682
15016 -0.660645
15017 -0.687988
15018 -0.702271
15019 -0.698120
15020 -0.697998
15021 -0.698730
15022 -0.688843
15023 -0.686890
15024 -0.685303
15025 -0.691772
15026 -0.677734
15027 -0.674683
15028 -0.673218
15029 -0.669434
15030 -0.666260
15031 -0.669922
15032 -0.677124
15033 -0.679077
15034 -0.682373
15035 -0.672241
15036 -0.669556
15037 -0.648071
15038 -0.662720
15039 -0.666260
15040 -0.652222
15041 -0.657227
15042 -0.654053
15043 -0.645996
15044 -0.651123
15045 -0.664551
15046 -0.670044
15047 -0.671631
15048 -0.656616
15049 -0.647827
15050 -0.645264
15051 -0.630859
15052 -0.617188
15053 -0.601440
15054 -0.588257
15055 -0.579834
15056 -0.540649
15057 -0.541260
15058 -0.554932
15059 -0.565186
15060 -0.568237
15061 -0.552246
15062 -0.546143
15063 -0.541382
15064 -0.547241
15065 -0.538818
15066 -0.540649
15067 -0.559448
15068 -0.568481
15069 -0.558838
15070 -0.550293
15071 -0.545776
15072 -0.546143
15073 -0.539063
15074 -0.554688
15075 -0.564819
15076 -0.558105
15077 -0.565186
15078 -0.596191
15079 -0.595459
15080 -0.591064
15081 -0.588867
15082 -0.585205
15083 -0.581421
15084 -0.583374
15085 -0.594238
15086 -0.586182
15087 -0.585693
15088 -0.567017
15089 -0.542114
15090 -0.533569
15091 -0.529297
15092 -0.529419
15093 -0.541992
15094 -0.560547
15095 -0.560303
15096 -0.555786
15097 -0.554565
15098 -0.568726
15099 -0.559692
15100 -0.552490
15101 -0.568848
15102 -0.569946
15103 -0.563599
15104 -0.554932
15105 -0.568604
15106 -0.564209
15107 -0.566284
15108 -0.560181
15109 -0.576172
15110 -0.575684
15111 -0.577759
15112 -0.589844
15113 -0.607666
15114 -0.624878
15115 -0.635864
15116 -0.623657
15117 -0.623657
15118 -0.619141
15119 -0.606689
15120 -0.593140
15121 -0.604004
15122 -0.597290
15123 -0.594238
15124 -0.594727
15125 -0.595703
15126 -0.609619
15127 -0.599976
15128 -0.602051
15129 -0.617188
15130 -0.642334
15131 -0.654663
15132 -0.644043
15133 -0.650513
15134 -0.635010
15135 -0.625732
15136 -0.622070
15137 -0.613525
15138 -0.620728
15139 -0.655029
15140 -0.666504
15141 -0.661987
15142 -0.647461
15143 -0.636353
15144 -0.646484
15145 -0.655151
15146 -0.659302
15147 -0.653687
15148 -0.666870
15149 -0.669312
15150 -0.663452
15151 -0.660278
15152 -0.655640
15153 -0.631104
15154 -0.638550
15155 -0.631348
15156 -0.631348
15157 -0.641968
15158 -0.653564
15159 -0.647583
15160 -0.658691
15161 -0.658691
15162 -0.656372
15163 -0.651855
15164 -0.641235
15165 -0.653687
15166 -0.650024
15167 -0.667847
15168 -0.665649
15169 -0.689819
15170 -0.711426
15171 -0.714355
15172 -0.703613
15173 -0.700073
15174 -0.706543
15175 -0.714600
15176 -0.695801
15177 -0.698120
15178 -0.703491
15179 -0.702148
15180 -0.704712
15181 -0.702637
15182 -0.708618
15183 -0.706421
15184 -0.698120
15185 -0.716553
15186 -0.726074
15187 -0.719849
15188 -0.730835
15189 -0.716431
15190 -0.711060
15191 -0.712769
15192 -0.695923
15193 -0.696655
15194 -0.703125
15195 -0.690063
15196 -0.701904
15197 -0.686890
15198 -0.691040
15199 -0.692139
15200 -0.678711
15201 -0.673340
15202 -0.669312
15203 -0.681396
15204 -0.674438
15205 -0.660645
15206 -0.676270
15207 -0.694824
15208 -0.708496
15209 -0.702393
15210 -0.696777
15211 -0.689819
15212 -0.673828
15213 -0.674927
15214 -0.702148
15215 -0.717407
15216 -0.718018
15217 -0.718750
15218 -0.713257
15219 -0.694092
15220 -0.695557
15221 -0.704468
15222 -0.720337
15223 -0.714844
15224 -0.712769
15225 -0.711548
15226 -0.720703
15227 -0.706665
15228 -0.712036
15229 -0.724854
15230 -0.723389
15231 -0.723145
15232 -0.712158
15233 -0.714844
15234 -0.717285
15235 -0.720703
15236 -0.725952
15237 -0.724609
15238 -0.738525
15239 -0.723267
15240 -0.727295
15241 -0.712402
15242 -0.696899
15243 -0.690918
15244 -0.687256
15245 -0.673828
15246 -0.676636
15247 -0.690430
15248 -0.710327
15249 -0.706055
15250 -0.684937
15251 -0.671875
15252 -0.676025
15253 -0.678955
15254 -0.694092
15255 -0.674927
15256 -0.682007
15257 -0.687500
15258 -0.662476
15259 -0.664673
15260 -0.674316
15261 -0.674561
15262 -0.672607
15263 -0.670654
15264 -0.654663
15265 -0.660278
15266 -0.658325
15267 -0.656494
15268 -0.664185
15269 -0.654297
15270 -0.661255
15271 -0.664429
15272 -0.663940
15273 -0.683472
15274 -0.677124
15275 -0.676147
15276 -0.663086
15277 -0.678955
15278 -0.689819
15279 -0.669067
15280 -0.662964
15281 -0.659668
15282 -0.642456
15283 -0.651611
15284 -0.663818
15285 -0.686279
15286 -0.683838
15287 -0.678223
15288 -0.682861
15289 -0.678955
15290 -0.692261
15291 -0.692749
15292 -0.698853
15293 -0.696533
15294 -0.712036
15295 -0.712891
15296 -0.723145
15297 -0.712769
15298 -0.699829
15299 -0.712891
15300 -0.706055
15301 -0.704468
15302 -0.696533
15303 -0.704712
15304 -0.702026
15305 -0.712036
15306 -0.712036
15307 -0.737915
15308 -0.725098
15309 -0.731323
15310 -0.749146
15311 -0.753662
15312 -0.765503
15313 -0.747681
15314 -0.750977
15315 -0.760254
15316 -0.750366
15317 -0.744751
15318 -0.737183
15319 -0.756836
15320 -0.751709
15321 -0.763550
15322 -0.762207
15323 -0.756104
15324 -0.780396
15325 -0.771606
15326 -0.752075
15327 -0.743530
15328 -0.723999
15329 -0.721436
15330 -0.711182
15331 -0.707031
15332 -0.725830
15333 -0.736572
15334 -0.735596
15335 -0.727905
15336 -0.745972
15337 -0.713745
15338 -0.715332
15339 -0.727905
15340 -0.728271
15341 -0.711060
15342 -0.717529
15343 -0.728027
15344 -0.726563
15345 -0.739746
15346 -0.733276
15347 -0.751709
15348 -0.741821
15349 -0.720703
15350 -0.739502
15351 -0.727783
15352 -0.730225
15353 -0.724609
15354 -0.713257
15355 -0.691528
15356 -0.682983
15357 -0.669189
15358 -0.683105
15359 -0.674561
15360 -0.680908
15361 -0.683960
15362 -0.693604
15363 -0.683472
15364 -0.670410
15365 -0.669922
15366 -0.653442
15367 -0.625366
15368 -0.621826
15369 -0.635742
15370 -0.636230
15371 -0.631836
15372 -0.641235
15373 -0.654297
15374 -0.650879
15375 -0.660034
15376 -0.646240
15377 -0.667236
15378 -0.657837
15379 -0.661133
15380 -0.673950
15381 -0.697266
15382 -0.698364
15383 -0.695313
15384 -0.703125
15385 -0.697998
15386 -0.703125
15387 -0.702271
15388 -0.713623
15389 -0.729492
15390 -0.710571
15391 -0.720337
15392 -0.733276
15393 -0.740845
15394 -0.742676
15395 -0.738403
15396 -0.723511
15397 -0.723755
15398 -0.725342
15399 -0.716431
15400 -0.713257
15401 -0.702515
15402 -0.709473
15403 -0.696289
15404 -0.701294
15405 -0.732422
15406 -0.723267
15407 -0.715942
15408 -0.724976
15409 -0.716919
15410 -0.714233
15411 -0.711548
15412 -0.726807
15413 -0.728394
15414 -0.749512
15415 -0.745972
15416 -0.743896
15417 -0.734253
15418 -0.734863
15419 -0.718628
15420 -0.726929
15421 -0.724487
15422 -0.740601
15423 -0.733276
15424 -0.725342
15425 -0.716919
15426 -0.730469
15427 -0.714844
15428 -0.720581
15429 -0.708252
15430 -0.695068
15431 -0.692993
15432 -0.681641
15433 -0.705322
15434 -0.681152
15435 -0.697021
15436 -0.710571
15437 -0.706787
15438 -0.712402
15439 -0.711182
15440 -0.716553
15441 -0.703247
15442 -0.704712
15443 -0.692505
15444 -0.696533
15445 -0.705444
15446 -0.706421
15447 -0.706787
15448 -0.705566
15449 -0.699829
15450 -0.710938
15451 -0.704712
15452 -0.703003
15453 -0.717285
15454 -0.721802
15455 -0.728149
15456 -0.720093
15457 -0.708252
15458 -0.687256
15459 -0.681152
15460 -0.689941
15461 -0.690308
15462 -0.690674
15463 -0.694092
15464 -0.691162
15465 -0.673096
15466 -0.686890
15467 -0.700073
15468 -0.685669
15469 -0.690918
15470 -0.689453
15471 -0.678711
15472 -0.680908
15473 -0.687012
15474 -0.696045
15475 -0.684570
15476 -0.683716
15477 -0.674072
15478 -0.658691
15479 -0.673462
15480 -0.697632
15481 -0.714478
15482 -0.726807
15483 -0.732056
15484 -0.729126
15485 -0.732910
15486 -0.732300
15487 -0.741211
15488 -0.717651
15489 -0.720459
15490 -0.723267
15491 -0.725708
15492 -0.731445
15493 -0.722046
15494 -0.736694
15495 -0.733887
15496 -0.730835
15497 -0.724609
15498 -0.726929
15499 -0.726807
15500 -0.719238
15501 -0.712891
15502 -0.699097
15503 -0.709839
15504 -0.702637
15505 -0.707153
15506 -0.697510
15507 -0.700439
15508 -0.706787
15509 -0.709351
15510 -0.711914
15511 -0.714600
15512 -0.690063
15513 -0.688477
15514 -0.688232
15515 -0.693970
15516 -0.687622
15517 -0.697021
15518 -0.691528
15519 -0.674683
15520 -0.663696
15521 -0.675659
15522 -0.671631
15523 -0.673462
15524 -0.676880
15525 -0.677979
15526 -0.673584
15527 -0.668335
15528 -0.688721
15529 -0.696167
15530 -0.687988
15531 -0.678711
15532 -0.646362
15533 -0.674683
15534 -0.677002
15535 -0.671753
15536 -0.672974
15537 -0.670410
15538 -0.673828
15539 -0.687744
15540 -0.683594
15541 -0.689331
15542 -0.688599
15543 -0.686279
15544 -0.693359
15545 -0.700073
15546 -0.687866
15547 -0.691040
15548 -0.689331
15549 -0.681641
15550 -0.687988
15551 -0.685181
15552 -0.658569
15553 -0.666626
15554 -0.668091
15555 -0.697754
15556 -0.701416
15557 -0.683350
15558 -0.669067
15559 -0.676514
15560 -0.683960
15561 -0.675781
15562 -0.689819
15563 -0.696289
15564 -0.691772
15565 -0.711914
15566 -0.728027
15567 -0.722900
15568 -0.704346
15569 -0.715576
15570 -0.722900
15571 -0.722168
15572 -0.739624
15573 -0.754517
15574 -0.748901
15575 -0.744019
15576 -0.743774
15577 -0.737061
15578 -0.735352
15579 -0.727905
15580 -0.744995
15581 -0.729858
15582 -0.708130
15583 -0.729248
15584 -0.721436
15585 -0.708618
15586 -0.702637
15587 -0.701782
15588 -0.700195
15589 -0.696289
15590 -0.699707
15591 -0.673950
15592 -0.692993
15593 -0.691650
15594 -0.675293
15595 -0.694214
15596 -0.696777
15597 -0.680176
15598 -0.695679
15599 -0.690430
15600 -0.708252
15601 -0.703003
15602 -0.702881
15603 -0.689453
15604 -0.687256
15605 -0.695435
15606 -0.709595
15607 -0.689941
15608 -0.703735
15609 -0.719971
15610 -0.715698
15611 -0.715942
15612 -0.719482
15613 -0.710083
15614 -0.707520
15615 -0.701538
15616 -0.706543
15617 -0.721191
15618 -0.715454
15619 -0.721558
15620 -0.748779
15621 -0.752808
15622 -0.744263
15623 -0.737305
15624 -0.734131
15625 -0.746826
15626 -0.745850
15627 -0.753174
15628 -0.764893
15629 -0.770874
15630 -0.753906
15631 -0.739502
15632 -0.721313
15633 -0.710571
15634 -0.717285
15635 -0.707153
15636 -0.695923
15637 -0.687500
15638 -0.679565
15639 -0.681641
15640 -0.682739
15641 -0.688110
15642 -0.699829
15643 -0.697632
15644 -0.687378
15645 -0.679688
15646 -0.682373
15647 -0.670776
15648 -0.660522
15649 -0.671997
15650 -0.671753
15651 -0.685181
15652 -0.685547
15653 -0.697144
15654 -0.688354
15655 -0.700073
15656 -0.706055
15657 -0.695923
15658 -0.691040
15659 -0.678833
15660 -0.672485
15661 -0.692261
15662 -0.689209
15663 -0.681030
15664 -0.676514
15665 -0.682617
15666 -0.703369
15667 -0.700195
15668 -0.694458
15669 -0.708862
15670 -0.716064
15671 -0.721558
15672 -0.714966
15673 -0.726563
15674 -0.734009
15675 -0.729248
15676 -0.730835
15677 -0.711426
15678 -0.706909
15679 -0.715576
15680 -0.720581
15681 -0.700806
15682 -0.710938
15683 -0.720825
15684 -0.723267
15685 -0.715820
15686 -0.711304
15687 -0.704834
15688 -0.726318
15689 -0.717529
15690 -0.735352
15691 -0.726563
15692 -0.722290
15693 -0.727173
15694 -0.727051
15695 -0.728516
15696 -0.731567
15697 -0.734619
15698 -0.738281
15699 -0.749023
15700 -0.724976
15701 -0.750610
15702 -0.737671
15703 -0.734497
15704 -0.720703
15705 -0.714111
15706 -0.713623
15707 -0.714355
15708 -0.685059
15709 -0.712646
15710 -0.723511
15711 -0.711914
15712 -0.707764
15713 -0.688110
15714 -0.673706
15715 -0.678711
15716 -0.690552
15717 -0.703735
15718 -0.693359
15719 -0.683594
15720 -0.676392
15721 -0.686523
15722 -0.698975
15723 -0.692017
15724 -0.694458
15725 -0.700439
15726 -0.694946
15727 -0.699585
15728 -0.698608
15729 -0.701416
15730 -0.676880
15731 -0.664917
15732 -0.669922
15733 -0.681763
15734 -0.681152
15735 -0.669922
15736 -0.692627
15737 -0.713257
15738 -0.706543
15739 -0.701660
15740 -0.692993
15741 -0.699829
15742 -0.681641
15743 -0.693848
15744 -0.706909
15745 -0.713623
15746 -0.709106
15747 -0.704712
15748 -0.724976
15749 -0.713013
15750 -0.703857
15751 -0.696655
15752 -0.691528
15753 -0.683105
15754 -0.687866
15755 -0.675415
15756 -0.682739
15757 -0.679077
15758 -0.686523
15759 -0.698608
15760 -0.708252
15761 -0.713135
15762 -0.703613
15763 -0.711548
15764 -0.700806
15765 -0.714478
15766 -0.703857
15767 -0.705688
15768 -0.692505
15769 -0.711792
15770 -0.713867
15771 -0.695557
15772 -0.709229
15773 -0.706665
15774 -0.702148
15775 -0.699219
15776 -0.699707
15777 -0.696899
15778 -0.685547
15779 -0.704224
15780 -0.692627
15781 -0.678467
15782 -0.685181
15783 -0.683105
15784 -0.660522
15785 -0.667236
15786 -0.643921
15787 -0.640869
15788 -0.646729
15789 -0.631958
15790 -0.624878
15791 -0.656250
15792 -0.647949
15793 -0.661011
15794 -0.692017
15795 -0.687744
15796 -0.664307
15797 -0.673218
15798 -0.665161
15799 -0.665649
15800 -0.683716
15801 -0.696167
15802 -0.710571
15803 -0.714233
15804 -0.720581
15805 -0.723267
15806 -0.716797
15807 -0.714600
15808 -0.717041
15809 -0.728760
15810 -0.703369
15811 -0.711792
15812 -0.706787
15813 -0.699341
15814 -0.707886
15815 -0.700439
15816 -0.689819
15817 -0.698486
15818 -0.702026
15819 -0.692993
15820 -0.684814
15821 -0.683960
15822 -0.662476
15823 -0.676147
15824 -0.678711
15825 -0.686646
15826 -0.683838
15827 -0.695679
15828 -0.710815
15829 -0.702637
15830 -0.709717
15831 -0.712891
15832 -0.699585
15833 -0.687500
15834 -0.686401
15835 -0.686890
15836 -0.678589
15837 -0.672119
15838 -0.673584
15839 -0.649536
15840 -0.643555
15841 -0.647339
15842 -0.657959
15843 -0.639160
15844 -0.639648
15845 -0.635376
15846 -0.640503
15847 -0.641113
15848 -0.665649
15849 -0.660400
15850 -0.660400
15851 -0.643188
15852 -0.629517
15853 -0.623169
15854 -0.627441
15855 -0.628906
15856 -0.649414
15857 -0.658325
15858 -0.645020
15859 -0.635254
15860 -0.628052
15861 -0.624634
15862 -0.643921
15863 -0.647461
15864 -0.662964
15865 -0.663696
15866 -0.646729
15867 -0.670776
15868 -0.656616
15869 -0.659302
15870 -0.643555
15871 -0.634277
15872 -0.627930
15873 -0.628784
15874 -0.652954
15875 -0.658813
15876 -0.672119
15877 -0.684448
15878 -0.695801
15879 -0.695557
15880 -0.686646
15881 -0.666260
15882 -0.666382
15883 -0.668213
15884 -0.653442
15885 -0.665161
15886 -0.671509
15887 -0.652344
15888 -0.655029
15889 -0.668091
15890 -0.686401
15891 -0.681763
15892 -0.699707
15893 -0.702637
15894 -0.702393
15895 -0.714600
15896 -0.716309
15897 -0.714111
15898 -0.715942
15899 -0.725098
15900 -0.735474
15901 -0.736206
15902 -0.734009
15903 -0.706421
15904 -0.693359
15905 -0.696167
15906 -0.690552
15907 -0.695435
15908 -0.713989
15909 -0.710938
15910 -0.713379
15911 -0.710693
15912 -0.694336
15913 -0.694336
15914 -0.704834
15915 -0.703003
15916 -0.710449
15917 -0.699951
15918 -0.676880
15919 -0.682373
15920 -0.663086
15921 -0.673462
15922 -0.669800
15923 -0.682007
15924 -0.677490
15925 -0.681152
15926 -0.675171
15927 -0.691528
15928 -0.680054
15929 -0.680786
15930 -0.678467
15931 -0.694702
15932 -0.694946
15933 -0.702393
15934 -0.698975
15935 -0.703247
15936 -0.693115
15937 -0.679565
15938 -0.699219
15939 -0.705811
15940 -0.714111
15941 -0.701294
15942 -0.702637
15943 -0.703491
15944 -0.704712
15945 -0.718750
15946 -0.721558
15947 -0.721436
15948 -0.707153
15949 -0.700562
15950 -0.695557
15951 -0.679565
15952 -0.670898
15953 -0.676025
15954 -0.657104
15955 -0.674194
15956 -0.683350
15957 -0.668945
15958 -0.668457
15959 -0.664551
15960 -0.665161
15961 -0.651367
15962 -0.652588
15963 -0.662598
15964 -0.653687
15965 -0.665894
15966 -0.672363
15967 -0.665039
15968 -0.684448
15969 -0.689331
15970 -0.675049
15971 -0.667603
15972 -0.679077
15973 -0.678711
15974 -0.683594
15975 -0.692505
15976 -0.680176
15977 -0.688843
15978 -0.684204
15979 -0.683838
15980 -0.694702
15981 -0.706665
15982 -0.724243
15983 -0.714722
15984 -0.721069
15985 -0.708130
15986 -0.717896
15987 -0.716675
15988 -0.726074
15989 -0.700684
15990 -0.708618
15991 -0.713623
15992 -0.710083
15993 -0.715942
15994 -0.713379
15995 -0.720825
15996 -0.709473
15997 -0.705200
15998 -0.710449
15999 -0.699951
16000 -0.693726
16001 -0.698486
16002 -0.698853
16003 -0.684082
16004 -0.681030
16005 -0.671265
16006 -0.657837
16007 -0.652954
16008 -0.651733
16009 -0.642578
16010 -0.634399
16011 -0.631592
16012 -0.647095
16013 -0.637207
16014 -0.647095
16015 -0.660522
16016 -0.647339
16017 -0.645142
16018 -0.655640
16019 -0.668701
16020 -0.668823
16021 -0.655762
16022 -0.655518
16023 -0.647339
16024 -0.647827
16025 -0.653442
16026 -0.642090
16027 -0.629883
16028 -0.637695
16029 -0.647705
16030 -0.650757
16031 -0.652222
16032 -0.655151
16033 -0.631958
16034 -0.631714
16035 -0.639160
16036 -0.638794
16037 -0.633179
16038 -0.662109
16039 -0.689331
16040 -0.695435
16041 -0.704956
16042 -0.699707
16043 -0.711304
16044 -0.713989
16045 -0.720703
16046 -0.705688
16047 -0.700317
16048 -0.709717
16049 -0.716553
16050 -0.734497
16051 -0.743652
16052 -0.741943
16053 -0.739380
16054 -0.725342
16055 -0.733887
16056 -0.744385
16057 -0.724854
16058 -0.737549
16059 -0.731934
16060 -0.729980
16061 -0.723877
16062 -0.738770
16063 -0.732788
16064 -0.739746
16065 -0.721558
16066 -0.723511
16067 -0.733643
16068 -0.720947
16069 -0.722778
16070 -0.707031
16071 -0.717285
16072 -0.725586
16073 -0.704834
16074 -0.698730
16075 -0.701538
16076 -0.713257
16077 -0.716309
16078 -0.718872
16079 -0.723145
16080 -0.711060
16081 -0.708008
16082 -0.712280
16083 -0.713135
16084 -0.699463
16085 -0.697876
16086 -0.697998
16087 -0.692749
16088 -0.697021
16089 -0.702393
16090 -0.688599
16091 -0.692139
16092 -0.668945
16093 -0.669312
16094 -0.679932
16095 -0.694580
16096 -0.700317
16097 -0.681274
16098 -0.699097
16099 -0.706299
16100 -0.705566
16101 -0.706299
16102 -0.703003
16103 -0.704346
16104 -0.708252
16105 -0.710571
16106 -0.705688
16107 -0.693481
16108 -0.692017
16109 -0.700562
16110 -0.697754
16111 -0.703247
16112 -0.705811
16113 -0.710938
16114 -0.706177
16115 -0.681885
16116 -0.680908
16117 -0.689575
16118 -0.686279
16119 -0.689453
16120 -0.679932
16121 -0.682129
16122 -0.695923
16123 -0.701904
16124 -0.690186
16125 -0.668457
16126 -0.662720
16127 -0.653320
16128 -0.661011
16129 -0.689575
16130 -0.697510
16131 -0.698364
16132 -0.679565
16133 -0.683960
16134 -0.695801
16135 -0.675659
16136 -0.683228
16137 -0.685303
16138 -0.690308
16139 -0.690063
16140 -0.685181
16141 -0.670288
16142 -0.671265
16143 -0.662964
16144 -0.672607
16145 -0.664063
16146 -0.666382
16147 -0.666870
16148 -0.648071
16149 -0.669434
16150 -0.635742
16151 -0.630737
16152 -0.639160
16153 -0.636597
16154 -0.650391
16155 -0.649658
16156 -0.645142
16157 -0.650513
16158 -0.643066
16159 -0.643188
16160 -0.671875
16161 -0.664063
16162 -0.662354
16163 -0.665771
16164 -0.663452
16165 -0.670532
16166 -0.688965
16167 -0.691772
16168 -0.711792
16169 -0.721558
16170 -0.721313
16171 -0.717407
16172 -0.717285
16173 -0.715576
16174 -0.709351
16175 -0.707031
16176 -0.705811
16177 -0.708496
16178 -0.690674
16179 -0.673706
16180 -0.686646
16181 -0.695557
16182 -0.691895
16183 -0.695801
16184 -0.702026
16185 -0.693237
16186 -0.675293
16187 -0.678955
16188 -0.671509
16189 -0.668457
16190 -0.676025
16191 -0.688354
16192 -0.679932
16193 -0.677856
16194 -0.680786
16195 -0.695679
16196 -0.681030
16197 -0.681274
16198 -0.659302
16199 -0.652100
16200 -0.674438
16201 -0.681152
16202 -0.663574
16203 -0.675171
16204 -0.678101
16205 -0.679810
16206 -0.659424
16207 -0.664673
16208 -0.659668
16209 -0.644531
16210 -0.653198
16211 -0.654297
16212 -0.675049
16213 -0.676147
16214 -0.681030
16215 -0.700195
16216 -0.692993
16217 -0.692383
16218 -0.689453
16219 -0.706909
16220 -0.701172
16221 -0.700317
16222 -0.690552
16223 -0.679199
16224 -0.702637
16225 -0.681885
16226 -0.668823
16227 -0.677002
16228 -0.665405
16229 -0.662964
16230 -0.668945
16231 -0.682007
16232 -0.677124
16233 -0.661621
16234 -0.681274
16235 -0.678223
16236 -0.690918
16237 -0.693726
16238 -0.734985
16239 -0.743774
16240 -0.742432
16241 -0.740601
16242 -0.738403
16243 -0.746216
16244 -0.732788
16245 -0.727539
16246 -0.732910
16247 -0.733276
16248 -0.721313
16249 -0.747314
16250 -0.743286
16251 -0.722534
16252 -0.726318
16253 -0.743530
16254 -0.728394
16255 -0.726440
16256 -0.735840
16257 -0.736206
16258 -0.732910
16259 -0.726929
16260 -0.755859
16261 -0.741577
16262 -0.755737
16263 -0.755249
16264 -0.738892
16265 -0.749268
16266 -0.769897
16267 -0.751221
16268 -0.757813
16269 -0.741089
16270 -0.732666
16271 -0.737549
16272 -0.728760
16273 -0.729004
16274 -0.727539
16275 -0.714844
16276 -0.716431
16277 -0.723389
16278 -0.736206
16279 -0.725952
16280 -0.707520
16281 -0.708374
16282 -0.709106
16283 -0.726807
16284 -0.719360
16285 -0.722168
16286 -0.744141
16287 -0.742920
16288 -0.749878
16289 -0.755981
16290 -0.751587
16291 -0.759521
16292 -0.731689
16293 -0.712280
16294 -0.723145
16295 -0.705200
16296 -0.691162
16297 -0.675415
16298 -0.683838
16299 -0.671265
16300 -0.670776
16301 -0.691772
16302 -0.679932
16303 -0.688232
16304 -0.699463
16305 -0.680664
16306 -0.678833
16307 -0.681152
16308 -0.677124
16309 -0.673218
16310 -0.693848
16311 -0.691528
16312 -0.680420
16313 -0.682007
16314 -0.683838
16315 -0.689941
16316 -0.681274
16317 -0.708496
16318 -0.697510
16319 -0.705444
16320 -0.705811
16321 -0.692871
16322 -0.694946
16323 -0.677856
16324 -0.676880
16325 -0.683105
16326 -0.659546
16327 -0.673950
16328 -0.686401
16329 -0.698242
16330 -0.710693
16331 -0.689087
16332 -0.659302
16333 -0.671997
16334 -0.683228
16335 -0.692139
16336 -0.683716
16337 -0.686279
16338 -0.699707
16339 -0.702148
16340 -0.707397
16341 -0.707886
16342 -0.701050
16343 -0.683350
16344 -0.670898
16345 -0.663696
16346 -0.651367
16347 -0.644653
16348 -0.663696
16349 -0.668335
16350 -0.669678
16351 -0.670898
16352 -0.662842
16353 -0.654053
16354 -0.668335
16355 -0.649536
16356 -0.648071
16357 -0.657349
16358 -0.666626
16359 -0.677979
16360 -0.671997
16361 -0.697021
16362 -0.666504
16363 -0.666382
16364 -0.659424
16365 -0.646240
16366 -0.651855
16367 -0.650879
16368 -0.630127
16369 -0.630615
16370 -0.625366
16371 -0.620728
16372 -0.605591
16373 -0.603760
16374 -0.617554
16375 -0.604980
16376 -0.591309
16377 -0.581177
16378 -0.581543
16379 -0.591187
16380 -0.607178
16381 -0.608521
16382 -0.604858
16383 -0.590210
16384 -0.606689
16385 -0.604492
16386 -0.601929
16387 -0.618164
16388 -0.625000
16389 -0.601074
16390 -0.607178
16391 -0.592651
16392 -0.585083
16393 -0.578979
16394 -0.587280
16395 -0.584106
16396 -0.591309
16397 -0.598022
16398 -0.597656
16399 -0.614990
16400 -0.618652
16401 -0.622070
16402 -0.611084
16403 -0.621704
16404 -0.627441
16405 -0.610107
16406 -0.611328
16407 -0.604736
16408 -0.595703
16409 -0.593872
16410 -0.586182
16411 -0.581787
16412 -0.580200
16413 -0.607056
16414 -0.602905
16415 -0.611084
16416 -0.625488
16417 -0.617676
16418 -0.620972
16419 -0.631104
16420 -0.636963
16421 -0.651001
16422 -0.633789
16423 -0.643066
16424 -0.640869
16425 -0.625610
16426 -0.633789
16427 -0.624634
16428 -0.623901
16429 -0.629883
16430 -0.615112
16431 -0.612061
16432 -0.631104
16433 -0.623047
16434 -0.606445
16435 -0.601074
16436 -0.591431
16437 -0.588745
16438 -0.597412
16439 -0.605591
16440 -0.616455
16441 -0.617432
16442 -0.623535
16443 -0.622925
16444 -0.609009
16445 -0.605225
16446 -0.610229
16447 -0.611450
16448 -0.602417
16449 -0.575928
16450 -0.577026
16451 -0.585205
16452 -0.581177
16453 -0.586182
16454 -0.603149
16455 -0.609009
16456 -0.614624
16457 -0.633179
16458 -0.630737
16459 -0.624023
16460 -0.604126
16461 -0.626465
16462 -0.619873
16463 -0.601929
16464 -0.606934
16465 -0.597778
16466 -0.605225
16467 -0.611206
16468 -0.618408
16469 -0.603027
16470 -0.614624
16471 -0.619629
16472 -0.615723
16473 -0.608276
16474 -0.600464
16475 -0.593872
16476 -0.598511
16477 -0.574951
16478 -0.573853
16479 -0.578491
16480 -0.558350
16481 -0.552124
16482 -0.567261
16483 -0.565552
16484 -0.561890
16485 -0.567017
16486 -0.569946
16487 -0.586548
16488 -0.590820
16489 -0.604980
16490 -0.597412
16491 -0.597168
16492 -0.589355
16493 -0.591309
16494 -0.588135
16495 -0.575317
16496 -0.568481
16497 -0.580688
16498 -0.603638
16499 -0.595581
16500 -0.619629
16501 -0.619873
16502 -0.618774
16503 -0.611694
16504 -0.616333
16505 -0.610962
16506 -0.612793
16507 -0.629883
16508 -0.636719
16509 -0.630127
16510 -0.617676
16511 -0.593384
16512 -0.597046
16513 -0.606689
16514 -0.619263
16515 -0.628784
16516 -0.637939
16517 -0.633179
16518 -0.633789
16519 -0.625610
16520 -0.624146
16521 -0.614258
16522 -0.597290
16523 -0.601074
16524 -0.615112
16525 -0.633789
16526 -0.638550
16527 -0.660645
16528 -0.664917
16529 -0.658081
16530 -0.661865
16531 -0.669556
16532 -0.655640
16533 -0.662231
16534 -0.671387
16535 -0.683838
16536 -0.656738
16537 -0.643066
16538 -0.646240
16539 -0.642578
16540 -0.635986
16541 -0.627075
16542 -0.616821
16543 -0.607178
16544 -0.615601
16545 -0.588257
16546 -0.583618
16547 -0.599976
16548 -0.601685
16549 -0.617554
16550 -0.629517
16551 -0.637817
16552 -0.634888
16553 -0.648682
16554 -0.654053
16555 -0.665405
16556 -0.664917
16557 -0.668823
16558 -0.661255
16559 -0.634521
16560 -0.624390
16561 -0.647705
16562 -0.660889
16563 -0.668213
16564 -0.671021
16565 -0.664673
16566 -0.653198
16567 -0.639893
16568 -0.654785
16569 -0.646240
16570 -0.651367
16571 -0.663208
16572 -0.661011
16573 -0.671631
16574 -0.666016
16575 -0.673218
16576 -0.666870
16577 -0.657715
16578 -0.673950
16579 -0.681763
16580 -0.690674
16581 -0.690796
16582 -0.679321
16583 -0.688843
16584 -0.677002
16585 -0.661621
16586 -0.664429
16587 -0.671631
16588 -0.665527
16589 -0.666016
16590 -0.668091
16591 -0.671143
16592 -0.684937
16593 -0.686768
16594 -0.687134
16595 -0.692505
16596 -0.674683
16597 -0.678833
16598 -0.658691
16599 -0.663086
16600 -0.668579
16601 -0.657715
16602 -0.665771
16603 -0.649658
16604 -0.647583
16605 -0.660278
16606 -0.663818
16607 -0.669922
16608 -0.655762
16609 -0.667603
16610 -0.664917
16611 -0.652466
16612 -0.656372
16613 -0.652344
16614 -0.640503
16615 -0.623291
16616 -0.639648
16617 -0.641113
16618 -0.627808
16619 -0.638306
16620 -0.647705
16621 -0.657349
16622 -0.649414
16623 -0.668579
16624 -0.660034
16625 -0.688232
16626 -0.687622
16627 -0.691772
16628 -0.683594
16629 -0.679688
16630 -0.682861
16631 -0.686035
16632 -0.675659
16633 -0.679321
16634 -0.696045
16635 -0.710205
16636 -0.709106
16637 -0.713501
16638 -0.712646
16639 -0.699829
16640 -0.701538
16641 -0.703613
16642 -0.699951
16643 -0.708496
16644 -0.713257
16645 -0.719116
16646 -0.722656
16647 -0.731812
16648 -0.730347
16649 -0.740601
16650 -0.726074
16651 -0.724365
16652 -0.720337
16653 -0.717163
16654 -0.687134
16655 -0.706055
16656 -0.709717
16657 -0.710205
16658 -0.714355
16659 -0.723633
16660 -0.711548
16661 -0.696655
16662 -0.673706
16663 -0.683838
16664 -0.677368
16665 -0.671875
16666 -0.684692
16667 -0.698242
16668 -0.697388
16669 -0.684937
16670 -0.700806
16671 -0.698730
16672 -0.701660
16673 -0.719360
16674 -0.719971
16675 -0.715088
16676 -0.692261
16677 -0.703613
16678 -0.703491
16679 -0.708252
16680 -0.713989
16681 -0.715942
16682 -0.715332
16683 -0.703979
16684 -0.705444
16685 -0.701904
16686 -0.727173
16687 -0.731079
16688 -0.714111
16689 -0.707275
16690 -0.689941
16691 -0.705444
16692 -0.715210
16693 -0.710205
16694 -0.716675
16695 -0.708740
16696 -0.713745
16697 -0.708008
16698 -0.704346
16699 -0.708740
16700 -0.720093
16701 -0.713379
16702 -0.704590
16703 -0.689819
16704 -0.685181
16705 -0.666992
16706 -0.671143
16707 -0.685059
16708 -0.676392
16709 -0.687134
16710 -0.683105
16711 -0.700317
16712 -0.698364
16713 -0.720215
16714 -0.726807
16715 -0.732910
16716 -0.735107
16717 -0.742676
16718 -0.731323
16719 -0.717896
16720 -0.707275
16721 -0.720825
16722 -0.730957
16723 -0.710693
16724 -0.722778
16725 -0.704956
16726 -0.705444
16727 -0.685913
16728 -0.681274
16729 -0.666382
16730 -0.682983
16731 -0.681396
16732 -0.700562
16733 -0.689941
16734 -0.676147
16735 -0.689087
16736 -0.694458
16737 -0.692505
16738 -0.694458
16739 -0.677979
16740 -0.658691
16741 -0.670898
16742 -0.679688
16743 -0.686768
16744 -0.665405
16745 -0.668213
16746 -0.671875
16747 -0.677734
16748 -0.684692
16749 -0.677002
16750 -0.661987
16751 -0.670288
16752 -0.681274
16753 -0.697876
16754 -0.693237
16755 -0.679810
16756 -0.653442
16757 -0.664551
16758 -0.645142
16759 -0.647461
16760 -0.654785
16761 -0.650146
16762 -0.657227
16763 -0.637939
16764 -0.651489
16765 -0.664429
16766 -0.662964
16767 -0.655762
16768 -0.670654
16769 -0.641602
16770 -0.644287
16771 -0.633667
16772 -0.635864
16773 -0.635498
16774 -0.598145
16775 -0.578369
16776 -0.565674
16777 -0.588623
16778 -0.580566
16779 -0.582275
16780 -0.590820
16781 -0.613647
16782 -0.618530
16783 -0.633789
16784 -0.638672
16785 -0.639404
16786 -0.648682
16787 -0.653442
16788 -0.620605
16789 -0.619751
16790 -0.609253
16791 -0.614746
16792 -0.615723
16793 -0.617920
16794 -0.610229
16795 -0.609009
16796 -0.614258
16797 -0.620361
16798 -0.630371
16799 -0.618042
16800 -0.621216
16801 -0.621094
16802 -0.617065
16803 -0.631348
16804 -0.641479
16805 -0.634399
16806 -0.622925
16807 -0.623779
16808 -0.613281
16809 -0.622314
16810 -0.630005
16811 -0.629028
16812 -0.631836
16813 -0.634033
16814 -0.632202
16815 -0.621948
16816 -0.623413
16817 -0.630859
16818 -0.643799
16819 -0.643066
16820 -0.666138
16821 -0.642090
16822 -0.638916
16823 -0.624268
16824 -0.635742
16825 -0.637329
16826 -0.629639
16827 -0.629028
16828 -0.638550
16829 -0.634766
16830 -0.640991
16831 -0.654907
16832 -0.659302
16833 -0.658447
16834 -0.650024
16835 -0.650757
16836 -0.647949
16837 -0.654419
16838 -0.662231
16839 -0.672363
16840 -0.673096
16841 -0.674194
16842 -0.677490
16843 -0.681763
16844 -0.695801
16845 -0.695923
16846 -0.710083
16847 -0.712036
16848 -0.717163
16849 -0.707031
16850 -0.697144
16851 -0.699585
16852 -0.687134
16853 -0.687866
16854 -0.686523
16855 -0.693726
16856 -0.706543
16857 -0.685059
16858 -0.696167
16859 -0.694214
16860 -0.710327
16861 -0.705200
16862 -0.696533
16863 -0.697754
16864 -0.703003
16865 -0.705078
16866 -0.697876
16867 -0.690430
16868 -0.684082
16869 -0.684692
16870 -0.701172
16871 -0.718384
16872 -0.698242
16873 -0.713257
16874 -0.718018
16875 -0.731934
16876 -0.718018
16877 -0.704346
16878 -0.706909
16879 -0.710083
16880 -0.701416
16881 -0.694458
16882 -0.702393
16883 -0.699097
16884 -0.693115
16885 -0.706421
16886 -0.686890
16887 -0.691406
16888 -0.703247
16889 -0.704956
16890 -0.706543
16891 -0.686279
16892 -0.705078
16893 -0.713501
16894 -0.720703
16895 -0.715088
16896 -0.698486
16897 -0.684937
16898 -0.686279
16899 -0.701050
16900 -0.700562
16901 -0.691895
16902 -0.670288
16903 -0.649658
16904 -0.673950
16905 -0.666504
16906 -0.661011
16907 -0.663574
16908 -0.647095
16909 -0.661865
16910 -0.676147
16911 -0.665649
16912 -0.689575
16913 -0.676636
16914 -0.665405
16915 -0.632080
16916 -0.647705
16917 -0.652100
16918 -0.649048
16919 -0.657471
16920 -0.671997
16921 -0.673584
16922 -0.684692
16923 -0.681396
16924 -0.666138
16925 -0.665527
16926 -0.667236
16927 -0.664917
16928 -0.669922
16929 -0.673584
16930 -0.664673
16931 -0.658203
16932 -0.660889
16933 -0.659912
16934 -0.652466
16935 -0.655151
16936 -0.650269
16937 -0.649536
16938 -0.646484
16939 -0.642944
16940 -0.644897
16941 -0.637085
16942 -0.632446
16943 -0.635254
16944 -0.656494
16945 -0.651733
16946 -0.657593
16947 -0.664551
16948 -0.656494
16949 -0.659058
16950 -0.653320
16951 -0.639526
16952 -0.657593
16953 -0.656738
16954 -0.655518
16955 -0.675293
16956 -0.684814
16957 -0.681396
16958 -0.678711
16959 -0.690308
16960 -0.695190
16961 -0.687866
16962 -0.695679
16963 -0.700684
16964 -0.691406
16965 -0.700684
16966 -0.710693
16967 -0.707886
16968 -0.715332
16969 -0.710327
16970 -0.712524
16971 -0.712280
16972 -0.711182
16973 -0.689209
16974 -0.684082
16975 -0.691895
16976 -0.702881
16977 -0.698486
16978 -0.714478
16979 -0.715454
16980 -0.692993
16981 -0.716064
16982 -0.724854
16983 -0.712769
16984 -0.710205
16985 -0.702026
16986 -0.696167
16987 -0.701172
16988 -0.692505
16989 -0.698242
16990 -0.711792
16991 -0.716919
16992 -0.705811
16993 -0.697998
16994 -0.692993
16995 -0.706421
16996 -0.708496
16997 -0.716675
16998 -0.725342
16999 -0.734009
17000 -0.732544
17001 -0.716309
17002 -0.702026
17003 -0.704834
17004 -0.698975
17005 -0.701660
17006 -0.716675
17007 -0.718506
17008 -0.718994
17009 -0.723999
17010 -0.713379
17011 -0.726074
17012 -0.729980
17013 -0.723999
17014 -0.734009
17015 -0.741577
17016 -0.742310
17017 -0.734985
17018 -0.738403
17019 -0.734985
17020 -0.725098
17021 -0.722778
17022 -0.695068
17023 -0.708740
17024 -0.712524
17025 -0.721313
17026 -0.726196
17027 -0.747681
17028 -0.743896
17029 -0.741333
17030 -0.739502
17031 -0.732422
17032 -0.727661
17033 -0.720947
17034 -0.720581
17035 -0.732544
17036 -0.737061
17037 -0.728638
17038 -0.720947
17039 -0.727051
17040 -0.724243
17041 -0.719360
17042 -0.708496
17043 -0.713623
17044 -0.712769
17045 -0.708740
17046 -0.714355
17047 -0.718994
17048 -0.713257
17049 -0.719727
17050 -0.711426
17051 -0.706299
17052 -0.707764
17053 -0.709595
17054 -0.696289
17055 -0.689209
17056 -0.691772
17057 -0.682617
17058 -0.669556
17059 -0.677124
17060 -0.669800
17061 -0.662231
17062 -0.647705
17063 -0.654663
17064 -0.648193
17065 -0.667603
17066 -0.673950
17067 -0.662842
17068 -0.686890
17069 -0.667480
17070 -0.660034
17071 -0.659668
17072 -0.648193
17073 -0.651489
17074 -0.652832
17075 -0.647705
17076 -0.655884
17077 -0.673584
17078 -0.672852
17079 -0.669678
17080 -0.679810
17081 -0.676880
17082 -0.660400
17083 -0.675903
17084 -0.674561
17085 -0.653809
17086 -0.656494
17087 -0.658325
17088 -0.659424
17089 -0.676514
17090 -0.681885
17091 -0.684448
17092 -0.677368
17093 -0.685181
17094 -0.697632
17095 -0.707886
17096 -0.714844
17097 -0.705811
17098 -0.685547
17099 -0.682373
17100 -0.673828
17101 -0.681885
17102 -0.692017
17103 -0.697754
17104 -0.707520
17105 -0.704712
17106 -0.715332
17107 -0.697266
17108 -0.692627
17109 -0.687500
17110 -0.682739
17111 -0.700195
17112 -0.707642
17113 -0.707031
17114 -0.707031
17115 -0.709839
17116 -0.718628
17117 -0.720215
17118 -0.720947
17119 -0.699463
17120 -0.710327
17121 -0.701294
17122 -0.707886
17123 -0.713623
17124 -0.708618
17125 -0.711914
17126 -0.717773
17127 -0.713257
17128 -0.696777
17129 -0.709839
17130 -0.700684
17131 -0.700928
17132 -0.704834
17133 -0.711792
17134 -0.708740
17135 -0.703247
17136 -0.700806
17137 -0.713379
17138 -0.687500
17139 -0.691528
17140 -0.700562
17141 -0.711182
17142 -0.700684
17143 -0.685791
17144 -0.684204
17145 -0.681274
17146 -0.691528
17147 -0.698242
17148 -0.700195
17149 -0.703979
17150 -0.716553
17151 -0.717773
17152 -0.734009
17153 -0.740234
17154 -0.741455
17155 -0.738159
17156 -0.739868
17157 -0.733276
17158 -0.750366
17159 -0.753906
17160 -0.763306
17161 -0.758911
17162 -0.760986
17163 -0.757935
17164 -0.753052
17165 -0.746216
17166 -0.747559
17167 -0.750610
17168 -0.761230
17169 -0.766846
17170 -0.753662
17171 -0.744019
17172 -0.738647
17173 -0.752197
17174 -0.734375
17175 -0.729858
17176 -0.713989
17177 -0.706665
17178 -0.718384
17179 -0.720947
17180 -0.728882
17181 -0.722534
17182 -0.714844
17183 -0.716675
17184 -0.714844
17185 -0.707520
17186 -0.707397
17187 -0.718384
17188 -0.719849
17189 -0.729004
17190 -0.714233
17191 -0.709595
17192 -0.708252
17193 -0.696045
17194 -0.659302
17195 -0.677246
17196 -0.667114
17197 -0.663818
17198 -0.654785
17199 -0.645264
17200 -0.652466
17201 -0.651245
17202 -0.664917
17203 -0.661255
17204 -0.660522
17205 -0.634399
17206 -0.637329
17207 -0.619751
17208 -0.629761
17209 -0.610962
17210 -0.618530
17211 -0.618164
17212 -0.630127
17213 -0.624512
17214 -0.613647
17215 -0.629761
17216 -0.642578
17217 -0.625244
17218 -0.638672
17219 -0.645386
17220 -0.641357
17221 -0.644165
17222 -0.642212
17223 -0.633789
17224 -0.623657
17225 -0.656616
17226 -0.681030
17227 -0.686157
17228 -0.678345
17229 -0.688965
17230 -0.688965
17231 -0.674683
17232 -0.694092
17233 -0.683105
17234 -0.687622
17235 -0.675415
17236 -0.682983
17237 -0.666382
17238 -0.663452
17239 -0.664673
17240 -0.666382
17241 -0.662354
17242 -0.655151
17243 -0.641968
17244 -0.637451
17245 -0.647583
17246 -0.662476
17247 -0.663696
17248 -0.665039
17249 -0.680786
17250 -0.659546
17251 -0.677490
17252 -0.673950
17253 -0.693604
17254 -0.687988
17255 -0.678101
17256 -0.687622
17257 -0.691650
17258 -0.660522
17259 -0.663574
17260 -0.651855
17261 -0.646606
17262 -0.651611
17263 -0.645142
17264 -0.633667
17265 -0.641479
17266 -0.656372
17267 -0.676025
17268 -0.671387
17269 -0.676392
17270 -0.679199
17271 -0.670410
17272 -0.679443
17273 -0.683716
17274 -0.668091
17275 -0.670532
17276 -0.688721
17277 -0.678589
17278 -0.659668
17279 -0.662476
17280 -0.673584
17281 -0.668457
17282 -0.668945
17283 -0.645996
17284 -0.640259
17285 -0.635864
17286 -0.639160
17287 -0.624146
17288 -0.637329
17289 -0.625366
17290 -0.620117
17291 -0.610474
17292 -0.599487
17293 -0.608521
17294 -0.604614
17295 -0.591064
17296 -0.583740
17297 -0.587280
17298 -0.586792
17299 -0.564697
17300 -0.579956
17301 -0.596191
17302 -0.605225
17303 -0.608032
17304 -0.635742
17305 -0.637939
17306 -0.628906
17307 -0.625488
17308 -0.625488
17309 -0.625000
17310 -0.628052
17311 -0.628296
17312 -0.633301
17313 -0.634399
17314 -0.619263
17315 -0.610474
17316 -0.618774
17317 -0.612061
17318 -0.615601
17319 -0.588989
17320 -0.600586
17321 -0.607666
17322 -0.609009
17323 -0.616943
17324 -0.625854
17325 -0.622681
17326 -0.628418
17327 -0.625977
17328 -0.640991
17329 -0.627686
17330 -0.635864
17331 -0.640381
17332 -0.649902
17333 -0.638306
17334 -0.624512
17335 -0.620850
17336 -0.589233
17337 -0.590332
17338 -0.586426
17339 -0.588379
17340 -0.590942
17341 -0.600464
17342 -0.599487
17343 -0.601440
17344 -0.589844
17345 -0.591187
17346 -0.589478
17347 -0.579224
17348 -0.571289
17349 -0.557495
17350 -0.560791
17351 -0.577881
17352 -0.555664
17353 -0.558228
17354 -0.568970
17355 -0.587646
17356 -0.605103
17357 -0.597046
17358 -0.590210
17359 -0.591431
17360 -0.578979
17361 -0.584106
17362 -0.584595
17363 -0.602539
17364 -0.599731
17365 -0.581543
17366 -0.577026
17367 -0.570923
17368 -0.556641
17369 -0.553955
17370 -0.567627
17371 -0.560425
17372 -0.557739
17373 -0.551636
17374 -0.558472
17375 -0.562134
17376 -0.567261
17377 -0.548828
17378 -0.567505
17379 -0.580200
17380 -0.567505
17381 -0.587280
17382 -0.569824
17383 -0.563232
17384 -0.579590
17385 -0.578491
17386 -0.588745
17387 -0.603394
17388 -0.606445
17389 -0.609741
17390 -0.597412
17391 -0.578125
17392 -0.550171
17393 -0.569336
17394 -0.576904
17395 -0.582153
17396 -0.589111
17397 -0.598877
17398 -0.611694
17399 -0.638306
17400 -0.614624
17401 -0.613770
17402 -0.612183
17403 -0.630493
17404 -0.617188
17405 -0.614258
17406 -0.635986
17407 -0.624390
17408 -0.629272
17409 -0.633057
17410 -0.625244
17411 -0.629639
17412 -0.613525
17413 -0.642456
17414 -0.648438
17415 -0.650879
17416 -0.651245
17417 -0.639893
17418 -0.632446
17419 -0.632690
17420 -0.637085
17421 -0.627319
17422 -0.610596
17423 -0.614868
17424 -0.618286
17425 -0.607666
17426 -0.590210
17427 -0.598511
17428 -0.599121
17429 -0.610229
17430 -0.598999
17431 -0.621704
17432 -0.622559
17433 -0.609619
17434 -0.607178
17435 -0.610107
17436 -0.614990
17437 -0.616211
17438 -0.622070
17439 -0.624756
17440 -0.629761
17441 -0.638672
17442 -0.624756
17443 -0.619141
17444 -0.628662
17445 -0.624146
17446 -0.623169
17447 -0.624268
17448 -0.609009
17449 -0.609375
17450 -0.634766
17451 -0.634521
17452 -0.625244
17453 -0.646118
17454 -0.630005
17455 -0.635132
17456 -0.640991
17457 -0.634033
17458 -0.651855
17459 -0.632690
17460 -0.625610
17461 -0.641357
17462 -0.639648
17463 -0.637207
17464 -0.646118
17465 -0.617676
17466 -0.622681
17467 -0.629761
17468 -0.633911
17469 -0.625732
17470 -0.622803
17471 -0.607666
17472 -0.611572
17473 -0.601807
17474 -0.607300
17475 -0.603271
17476 -0.610474
17477 -0.609375
17478 -0.609009
17479 -0.592041
17480 -0.600830
17481 -0.598267
17482 -0.602173
17483 -0.614502
17484 -0.633789
17485 -0.650635
17486 -0.671143
17487 -0.638550
17488 -0.640503
17489 -0.633545
17490 -0.609863
17491 -0.628906
17492 -0.635376
17493 -0.641724
17494 -0.639771
17495 -0.622925
17496 -0.642700
17497 -0.640137
17498 -0.623291
17499 -0.625488
17500 -0.604004
17501 -0.635742
17502 -0.635864
17503 -0.633057
17504 -0.644409
17505 -0.631226
17506 -0.642822
17507 -0.640259
17508 -0.632568
17509 -0.642456
17510 -0.652710
17511 -0.652588
17512 -0.656738
17513 -0.640381
17514 -0.653198
17515 -0.643921
17516 -0.641846
17517 -0.633911
17518 -0.651245
17519 -0.664795
17520 -0.666748
17521 -0.666992
17522 -0.670410
17523 -0.660156
17524 -0.656616
17525 -0.649658
17526 -0.658691
17527 -0.652466
17528 -0.633789
17529 -0.636719
17530 -0.624268
17531 -0.641113
17532 -0.635864
17533 -0.623535
17534 -0.609619
17535 -0.624756
17536 -0.621216
17537 -0.616943
17538 -0.619141
17539 -0.611450
17540 -0.625977
17541 -0.629639
17542 -0.644287
17543 -0.651978
17544 -0.660522
17545 -0.657593
17546 -0.650635
17547 -0.655640
17548 -0.677368
17549 -0.696167
17550 -0.717651
17551 -0.705566
17552 -0.695435
17553 -0.678589
17554 -0.669067
17555 -0.669312
17556 -0.656616
17557 -0.662109
17558 -0.677734
17559 -0.684204
17560 -0.696045
17561 -0.690308
17562 -0.698608
17563 -0.689697
17564 -0.688477
17565 -0.688110
17566 -0.683105
17567 -0.697021
17568 -0.676758
17569 -0.680176
17570 -0.680420
17571 -0.683228
17572 -0.690430
17573 -0.699707
17574 -0.706909
17575 -0.719727
17576 -0.722412
17577 -0.721802
17578 -0.726074
17579 -0.719971
17580 -0.716187
17581 -0.725220
17582 -0.720459
17583 -0.709473
17584 -0.697998
17585 -0.695679
17586 -0.702271
17587 -0.700684
17588 -0.679565
17589 -0.679932
17590 -0.668335
17591 -0.663696
17592 -0.664307
17593 -0.653198
17594 -0.661011
17595 -0.652832
17596 -0.647705
17597 -0.645752
17598 -0.640381
17599 -0.649658
17600 -0.651001
17601 -0.649780
17602 -0.646484
17603 -0.644775
17604 -0.645142
17605 -0.657593
17606 -0.667114
17607 -0.675171
17608 -0.682495
17609 -0.703003
17610 -0.706177
17611 -0.715820
17612 -0.710938
17613 -0.702759
17614 -0.693970
17615 -0.681641
17616 -0.695679
17617 -0.708130
17618 -0.716797
17619 -0.693604
17620 -0.694092
17621 -0.694214
17622 -0.684937
17623 -0.691040
17624 -0.702026
17625 -0.710815
17626 -0.730713
17627 -0.730225
17628 -0.733154
17629 -0.741821
17630 -0.735352
17631 -0.727417
17632 -0.718506
17633 -0.713013
17634 -0.714233
17635 -0.705933
17636 -0.710815
17637 -0.696533
17638 -0.709229
17639 -0.713257
17640 -0.702759
17641 -0.695679
17642 -0.671387
17643 -0.677612
17644 -0.672363
17645 -0.675171
17646 -0.677734
17647 -0.696167
17648 -0.701782
17649 -0.702637
17650 -0.692383
17651 -0.700317
17652 -0.694336
17653 -0.697632
17654 -0.706177
17655 -0.714722
17656 -0.694092
17657 -0.699097
17658 -0.693726
17659 -0.699097
17660 -0.686279
17661 -0.671753
17662 -0.675293
17663 -0.655396
17664 -0.632324
17665 -0.619019
17666 -0.615479
17667 -0.609131
17668 -0.628540
17669 -0.626953
17670 -0.618896
17671 -0.616577
17672 -0.626221
17673 -0.635498
17674 -0.649780
17675 -0.656494
17676 -0.664795
17677 -0.651733
17678 -0.655396
17679 -0.655640
17680 -0.665649
17681 -0.651367
17682 -0.653320
17683 -0.655396
17684 -0.671509
17685 -0.669312
17686 -0.672241
17687 -0.664307
17688 -0.664917
17689 -0.667603
17690 -0.662354
17691 -0.642334
17692 -0.620850
17693 -0.645996
17694 -0.628052
17695 -0.632080
17696 -0.640503
17697 -0.657715
17698 -0.668091
17699 -0.678711
17700 -0.673706
17701 -0.681396
17702 -0.671265
17703 -0.685913
17704 -0.671265
17705 -0.659790
17706 -0.675659
17707 -0.686646
17708 -0.682983
17709 -0.692993
17710 -0.685547
17711 -0.676514
17712 -0.671143
17713 -0.679199
17714 -0.687012
17715 -0.696411
17716 -0.701782
17717 -0.720093
17718 -0.723755
17719 -0.722290
17720 -0.721436
17721 -0.712769
17722 -0.709839
17723 -0.709961
17724 -0.700073
17725 -0.700195
17726 -0.725098
17727 -0.723267
17728 -0.730957
17729 -0.714966
17730 -0.710449
17731 -0.696899
17732 -0.678467
17733 -0.659180
17734 -0.670044
17735 -0.670898
17736 -0.668579
17737 -0.661743
17738 -0.669922
17739 -0.670044
17740 -0.678589
17741 -0.676636
17742 -0.692627
17743 -0.696655
17744 -0.699951
17745 -0.697754
17746 -0.697998
17747 -0.713135
17748 -0.719238
17749 -0.724243
17750 -0.712891
17751 -0.710449
17752 -0.711914
17753 -0.721069
17754 -0.724854
17755 -0.708252
17756 -0.714478
17757 -0.717407
17758 -0.722656
17759 -0.710083
17760 -0.715210
17761 -0.706665
17762 -0.705200
17763 -0.708618
17764 -0.710449
17765 -0.684326
17766 -0.673828
17767 -0.678467
17768 -0.687744
17769 -0.674561
17770 -0.664795
17771 -0.667725
17772 -0.682251
17773 -0.675903
17774 -0.670410
17775 -0.676880
17776 -0.683228
17777 -0.696533
17778 -0.686768
17779 -0.679565
17780 -0.684448
17781 -0.720581
17782 -0.727905
17783 -0.727661
17784 -0.745972
17785 -0.744263
17786 -0.743530
17787 -0.749146
17788 -0.744263
17789 -0.756104
17790 -0.736206
17791 -0.751099
17792 -0.749878
17793 -0.747559
17794 -0.750122
17795 -0.739990
17796 -0.733887
17797 -0.726929
17798 -0.736328
17799 -0.722900
17800 -0.712158
17801 -0.720093
17802 -0.720581
17803 -0.722046
17804 -0.725220
17805 -0.739868
17806 -0.720825
17807 -0.719727
17808 -0.713989
17809 -0.699707
17810 -0.700562
17811 -0.706299
17812 -0.714844
17813 -0.717163
17814 -0.704468
17815 -0.703247
17816 -0.722168
17817 -0.726318
17818 -0.732666
17819 -0.742188
17820 -0.734741
17821 -0.758545
17822 -0.754150
17823 -0.746216
17824 -0.748413
17825 -0.737549
17826 -0.728882
17827 -0.721069
17828 -0.726685
17829 -0.725220
17830 -0.735596
17831 -0.722046
17832 -0.707886
17833 -0.722778
17834 -0.714600
17835 -0.719238
17836 -0.738281
17837 -0.741699
17838 -0.745117
17839 -0.740845
17840 -0.721069
17841 -0.740967
17842 -0.741089
17843 -0.732178
17844 -0.722168
17845 -0.715576
17846 -0.710449
17847 -0.715576
17848 -0.709473
17849 -0.703125
17850 -0.703125
17851 -0.698242
17852 -0.716187
17853 -0.705566
17854 -0.730103
17855 -0.743530
17856 -0.735718
17857 -0.724854
17858 -0.723267
17859 -0.711060
17860 -0.699341
17861 -0.715942
17862 -0.721924
17863 -0.703491
17864 -0.684814
17865 -0.694824
17866 -0.699951
17867 -0.710083
17868 -0.688232
17869 -0.676270
17870 -0.684937
17871 -0.694824
17872 -0.695557
17873 -0.688354
17874 -0.681274
17875 -0.674072
17876 -0.694580
17877 -0.692749
17878 -0.691406
17879 -0.680542
17880 -0.680664
17881 -0.694946
17882 -0.702148
17883 -0.712524
17884 -0.697876
17885 -0.702393
17886 -0.710938
17887 -0.675781
17888 -0.680298
17889 -0.682129
17890 -0.701538
17891 -0.684937
17892 -0.676392
17893 -0.686523
17894 -0.688599
17895 -0.698730
17896 -0.690796
17897 -0.701416
17898 -0.710327
17899 -0.719116
17900 -0.704712
17901 -0.698364
17902 -0.715698
17903 -0.714355
17904 -0.709595
17905 -0.702881
17906 -0.686523
17907 -0.682739
17908 -0.684570
17909 -0.681274
17910 -0.685425
17911 -0.687500
17912 -0.690430
17913 -0.678955
17914 -0.700317
17915 -0.702515
17916 -0.698242
17917 -0.684814
17918 -0.679932
17919 -0.673950
17920 -0.665649
17921 -0.658691
17922 -0.651245
17923 -0.644653
17924 -0.640747
17925 -0.644897
17926 -0.629639
17927 -0.615967
17928 -0.632568
17929 -0.631226
17930 -0.646240
17931 -0.661743
17932 -0.699707
17933 -0.682007
17934 -0.697266
17935 -0.702393
17936 -0.720581
17937 -0.708496
17938 -0.717407
17939 -0.732544
17940 -0.743652
17941 -0.748047
17942 -0.732056
17943 -0.726196
17944 -0.720581
17945 -0.720825
17946 -0.699585
17947 -0.688721
17948 -0.695435
17949 -0.697266
17950 -0.732910
17951 -0.742920
17952 -0.732300
17953 -0.711670
17954 -0.717407
17955 -0.713501
17956 -0.709351
17957 -0.704346
17958 -0.710938
17959 -0.700317
17960 -0.692749
17961 -0.696045
17962 -0.688110
17963 -0.698608
17964 -0.698730
17965 -0.697998
17966 -0.711548
17967 -0.695435
17968 -0.692749
17969 -0.678589
17970 -0.691162
17971 -0.682129
17972 -0.689209
17973 -0.680298
17974 -0.670044
17975 -0.665039
17976 -0.643066
17977 -0.668091
17978 -0.680542
17979 -0.678101
17980 -0.671631
17981 -0.668579
17982 -0.672119
17983 -0.664917
17984 -0.647705
17985 -0.681763
17986 -0.679443
17987 -0.667236
17988 -0.678955
17989 -0.691162
17990 -0.700806
17991 -0.709229
17992 -0.725098
17993 -0.718018
17994 -0.711914
17995 -0.732300
17996 -0.725586
17997 -0.724609
17998 -0.717041
17999 -0.702148
18000 -0.720581
18001 -0.716675
18002 -0.728882
18003 -0.713013
18004 -0.712158
18005 -0.725342
18006 -0.720947
18007 -0.724609
18008 -0.723022
18009 -0.735107
18010 -0.742310
18011 -0.727051
18012 -0.726074
18013 -0.735107
18014 -0.724731
18015 -0.719482
18016 -0.729004
18017 -0.721313
18018 -0.715698
18019 -0.719482
18020 -0.716064
18021 -0.723511
18022 -0.700317
18023 -0.702393
18024 -0.712402
18025 -0.710693
18026 -0.727661
18027 -0.714844
18028 -0.711304
18029 -0.714478
18030 -0.732544
18031 -0.720947
18032 -0.727051
18033 -0.721802
18034 -0.706787
18035 -0.702393
18036 -0.699829
18037 -0.694946
18038 -0.695923
18039 -0.702881
18040 -0.696045
18041 -0.706055
18042 -0.712036
18043 -0.729980
18044 -0.724609
18045 -0.730103
18046 -0.722900
18047 -0.717407
18048 -0.695068
18049 -0.708496
18050 -0.713135
18051 -0.714111
18052 -0.722778
18053 -0.697632
18054 -0.718872
18055 -0.710083
18056 -0.678345
18057 -0.698853
18058 -0.698242
18059 -0.683350
18060 -0.683960
18061 -0.660889
18062 -0.671387
18063 -0.680786
18064 -0.684692
18065 -0.695068
18066 -0.698975
18067 -0.690186
18068 -0.686157
18069 -0.674438
18070 -0.674805
18071 -0.679932
18072 -0.689209
18073 -0.687622
18074 -0.690308
18075 -0.693848
18076 -0.690430
18077 -0.687866
18078 -0.659912
18079 -0.662109
18080 -0.668213
18081 -0.663086
18082 -0.660400
18083 -0.643433
18084 -0.652344
18085 -0.666626
18086 -0.668701
18087 -0.667358
18088 -0.684448
18089 -0.677612
18090 -0.662109
18091 -0.663818
18092 -0.673828
18093 -0.683594
18094 -0.684204
18095 -0.668823
18096 -0.669189
18097 -0.650391
18098 -0.677856
18099 -0.685303
18100 -0.670166
18101 -0.676147
18102 -0.670166
18103 -0.682129
18104 -0.688354
18105 -0.691406
18106 -0.680176
18107 -0.674438
18108 -0.682495
18109 -0.677856
18110 -0.686157
18111 -0.674683
18112 -0.671387
18113 -0.659424
18114 -0.683960
18115 -0.702271
18116 -0.713013
18117 -0.688354
18118 -0.687622
18119 -0.714844
18120 -0.700195
18121 -0.698486
18122 -0.712769
18123 -0.710815
18124 -0.719971
18125 -0.734009
18126 -0.733032
18127 -0.745972
18128 -0.733521
18129 -0.726318
18130 -0.716187
18131 -0.733521
18132 -0.738892
18133 -0.733398
18134 -0.724243
18135 -0.715820
18136 -0.711304
18137 -0.716187
18138 -0.717773
18139 -0.703735
18140 -0.703979
18141 -0.702637
18142 -0.706787
18143 -0.695801
18144 -0.699219
18145 -0.695068
18146 -0.710938
18147 -0.705811
18148 -0.722168
18149 -0.724365
18150 -0.732056
18151 -0.740112
18152 -0.752197
18153 -0.748779
18154 -0.737671
18155 -0.727051
18156 -0.731812
18157 -0.755127
18158 -0.728638
18159 -0.730469
18160 -0.733887
18161 -0.731934
18162 -0.734863
18163 -0.741577
18164 -0.757324
18165 -0.756592
18166 -0.749390
18167 -0.740845
18168 -0.736694
18169 -0.738159
18170 -0.731934
18171 -0.735718
18172 -0.730835
18173 -0.729248
18174 -0.736450
18175 -0.754028
18176 -0.762207
18177 -0.762695
18178 -0.762817
18179 -0.752808
18180 -0.750488
18181 -0.755859
18182 -0.771606
18183 -0.781860
18184 -0.779419
18185 -0.788818
18186 -0.785278
18187 -0.779297
18188 -0.775635
18189 -0.775879
18190 -0.761230
18191 -0.759521
18192 -0.763672
18193 -0.744507
18194 -0.744995
18195 -0.747559
18196 -0.748535
18197 -0.739380
18198 -0.753418
18199 -0.762085
18200 -0.761353
18201 -0.761230
18202 -0.749634
18203 -0.749268
18204 -0.744019
18205 -0.759033
18206 -0.761963
18207 -0.755615
18208 -0.733765
18209 -0.711914
18210 -0.714233
18211 -0.711182
18212 -0.705444
18213 -0.697510
18214 -0.730103
18215 -0.721802
18216 -0.694702
18217 -0.690796
18218 -0.687866
18219 -0.666504
18220 -0.663208
18221 -0.665771
18222 -0.658203
18223 -0.657593
18224 -0.647095
18225 -0.659668
18226 -0.674316
18227 -0.658691
18228 -0.663696
18229 -0.671753
18230 -0.687012
18231 -0.667847
18232 -0.685425
18233 -0.688965
18234 -0.693359
18235 -0.694946
18236 -0.689819
18237 -0.697632
18238 -0.706665
18239 -0.702759
18240 -0.705811
18241 -0.720337
18242 -0.711060
18243 -0.712036
18244 -0.702148
18245 -0.687134
18246 -0.688110
18247 -0.689575
18248 -0.689697
18249 -0.698975
18250 -0.710571
18251 -0.720337
18252 -0.725586
18253 -0.702393
18254 -0.700562
18255 -0.701050
18256 -0.686401
18257 -0.693115
18258 -0.694946
18259 -0.706055
18260 -0.709473
18261 -0.698486
18262 -0.683105
18263 -0.674316
18264 -0.682983
18265 -0.672241
18266 -0.674683
18267 -0.669556
18268 -0.642700
18269 -0.667358
18270 -0.671631
18271 -0.687500
18272 -0.689087
18273 -0.685547
18274 -0.684204
18275 -0.672485
18276 -0.677368
18277 -0.669067
18278 -0.682251
18279 -0.674438
18280 -0.672363
18281 -0.675293
18282 -0.692261
18283 -0.712891
18284 -0.697144
18285 -0.695679
18286 -0.704590
18287 -0.693970
18288 -0.689575
18289 -0.686768
18290 -0.675415
18291 -0.686890
18292 -0.684937
18293 -0.692139
18294 -0.690552
18295 -0.692749
18296 -0.687988
18297 -0.699707
18298 -0.715210
18299 -0.718872
18300 -0.697388
18301 -0.699341
18302 -0.708862
18303 -0.706909
18304 -0.701660
18305 -0.703003
18306 -0.706299
18307 -0.701904
18308 -0.707153
18309 -0.694458
18310 -0.708984
18311 -0.716675
18312 -0.708862
18313 -0.679199
18314 -0.686646
18315 -0.696167
18316 -0.684082
18317 -0.713013
18318 -0.706055
18319 -0.695557
18320 -0.677490
18321 -0.671265
18322 -0.670898
18323 -0.672119
18324 -0.681641
18325 -0.672607
18326 -0.693970
18327 -0.701294
18328 -0.702271
18329 -0.706299
18330 -0.685303
18331 -0.694702
18332 -0.713745
18333 -0.699707
18334 -0.678589
18335 -0.696899
18336 -0.702271
18337 -0.682617
18338 -0.679443
18339 -0.693359
18340 -0.678467
18341 -0.681885
18342 -0.695801
18343 -0.697266
18344 -0.700439
18345 -0.701294
18346 -0.701782
18347 -0.700317
18348 -0.696777
18349 -0.688965
18350 -0.691406
18351 -0.688232
18352 -0.713867
18353 -0.719238
18354 -0.717651
18355 -0.722656
18356 -0.724609
18357 -0.720703
18358 -0.705200
18359 -0.698975
18360 -0.695923
18361 -0.687988
18362 -0.689575
18363 -0.704468
18364 -0.703857
18365 -0.694580
18366 -0.696655
18367 -0.696411
18368 -0.701294
18369 -0.686279
18370 -0.684448
18371 -0.687988
18372 -0.696167
18373 -0.694580
18374 -0.698242
18375 -0.698120
18376 -0.702759
18377 -0.690186
18378 -0.675781
18379 -0.681274
18380 -0.684937
18381 -0.681763
18382 -0.695557
18383 -0.679688
18384 -0.706665
18385 -0.701294
18386 -0.713867
18387 -0.705688
18388 -0.702759
18389 -0.707275
18390 -0.709473
18391 -0.712646
18392 -0.698120
18393 -0.698486
18394 -0.732788
18395 -0.734009
18396 -0.743042
18397 -0.749512
18398 -0.734741
18399 -0.740723
18400 -0.741089
18401 -0.747192
18402 -0.754028
18403 -0.747925
18404 -0.732300
18405 -0.732300
18406 -0.730225
18407 -0.731445
18408 -0.731812
18409 -0.700928
18410 -0.712769
18411 -0.724731
18412 -0.712402
18413 -0.695801
18414 -0.711914
18415 -0.706543
18416 -0.693237
18417 -0.705811
18418 -0.722168
18419 -0.723999
18420 -0.739014
18421 -0.720215
18422 -0.710083
18423 -0.707764
18424 -0.711182
18425 -0.717773
18426 -0.703491
18427 -0.701294
18428 -0.720581
18429 -0.717773
18430 -0.695557
18431 -0.693359
18432 -0.682007
18433 -0.674927
18434 -0.677246
18435 -0.674316
18436 -0.676514
18437 -0.687012
18438 -0.681641
18439 -0.683105
18440 -0.671509
18441 -0.660156
18442 -0.632935
18443 -0.633545
18444 -0.622070
18445 -0.630249
18446 -0.644653
18447 -0.639404
18448 -0.650146
18449 -0.661377
18450 -0.648315
18451 -0.667358
18452 -0.675415
18453 -0.687866
18454 -0.696777
18455 -0.698975
18456 -0.685303
18457 -0.670410
18458 -0.679810
18459 -0.678101
18460 -0.685425
18461 -0.673096
18462 -0.671143
18463 -0.662231
18464 -0.660522
18465 -0.647949
18466 -0.650513
18467 -0.649902
18468 -0.640015
18469 -0.633423
18470 -0.651611
18471 -0.643555
18472 -0.628784
18473 -0.609253
18474 -0.632080
18475 -0.636108
18476 -0.635986
18477 -0.645264
18478 -0.667847
18479 -0.674805
18480 -0.681396
18481 -0.661133
18482 -0.667603
18483 -0.665161
18484 -0.670776
18485 -0.671265
18486 -0.676636
18487 -0.681396
18488 -0.674805
18489 -0.682007
18490 -0.702026
18491 -0.697144
18492 -0.682373
18493 -0.692017
18494 -0.684448
18495 -0.687378
18496 -0.701904
18497 -0.716187
18498 -0.729736
18499 -0.730469
18500 -0.743774
18501 -0.748291
18502 -0.746826
18503 -0.721802
18504 -0.723022
18505 -0.724365
18506 -0.713013
18507 -0.711792
18508 -0.705566
18509 -0.697876
18510 -0.682129
18511 -0.675415
18512 -0.685059
18513 -0.686279
18514 -0.674927
18515 -0.665161
18516 -0.681030
18517 -0.699463
18518 -0.705933
18519 -0.693359
18520 -0.697876
18521 -0.688477
18522 -0.705688
18523 -0.696655
18524 -0.680420
18525 -0.688843
18526 -0.709106
18527 -0.724609
18528 -0.764282
18529 -0.767456
18530 -0.744507
18531 -0.748901
18532 -0.745605
18533 -0.731201
18534 -0.741699
18535 -0.729736
18536 -0.705078
18537 -0.701294
18538 -0.709473
18539 -0.721313
18540 -0.718140
18541 -0.730103
18542 -0.732422
18543 -0.738647
18544 -0.752563
18545 -0.739258
18546 -0.739990
18547 -0.734131
18548 -0.720581
18549 -0.717163
18550 -0.701538
18551 -0.691406
18552 -0.687744
18553 -0.702881
18554 -0.701416
18555 -0.686523
18556 -0.692993
18557 -0.697388
18558 -0.698486
18559 -0.712280
18560 -0.710693
18561 -0.732178
18562 -0.737549
18563 -0.730591
18564 -0.711914
18565 -0.714111
18566 -0.720459
18567 -0.709961
18568 -0.715088
18569 -0.716797
18570 -0.716431
18571 -0.708496
18572 -0.699829
18573 -0.690796
18574 -0.696167
18575 -0.698853
18576 -0.696167
18577 -0.697021
18578 -0.696777
18579 -0.681885
18580 -0.669067
18581 -0.658447
18582 -0.674194
18583 -0.665161
18584 -0.659546
18585 -0.663696
18586 -0.672729
18587 -0.664673
18588 -0.645142
18589 -0.652832
18590 -0.638062
18591 -0.642456
18592 -0.662720
18593 -0.651123
18594 -0.668335
18595 -0.669312
18596 -0.651367
18597 -0.668823
18598 -0.656738
18599 -0.663330
18600 -0.664429
18601 -0.673340
18602 -0.680542
18603 -0.680786
18604 -0.686646
18605 -0.694946
18606 -0.676758
18607 -0.661133
18608 -0.661743
18609 -0.647705
18610 -0.668701
18611 -0.653442
18612 -0.658203
18613 -0.658325
18614 -0.659180
18615 -0.628540
18616 -0.633667
18617 -0.644897
18618 -0.653320
18619 -0.663208
18620 -0.661011
18621 -0.674194
18622 -0.677002
18623 -0.685547
18624 -0.697998
18625 -0.697510
18626 -0.700317
18627 -0.707153
18628 -0.723511
18629 -0.721069
18630 -0.728027
18631 -0.704468
18632 -0.697144
18633 -0.693359
18634 -0.712646
18635 -0.710205
18636 -0.715088
18637 -0.699829
18638 -0.693359
18639 -0.683105
18640 -0.683960
18641 -0.684692
18642 -0.690674
18643 -0.699097
18644 -0.704834
18645 -0.733643
18646 -0.726807
18647 -0.751221
18648 -0.725098
18649 -0.737427
18650 -0.752075
18651 -0.720825
18652 -0.726196
18653 -0.737671
18654 -0.720581
18655 -0.737671
18656 -0.736938
18657 -0.725342
18658 -0.737061
18659 -0.731812
18660 -0.731689
18661 -0.726196
18662 -0.737427
18663 -0.731567
18664 -0.741577
18665 -0.740112
18666 -0.763184
18667 -0.754150
18668 -0.738525
18669 -0.718384
18670 -0.724854
18671 -0.734619
18672 -0.714233
18673 -0.712891
18674 -0.708984
18675 -0.702148
18676 -0.689697
18677 -0.709229
18678 -0.719360
18679 -0.717163
18680 -0.727539
18681 -0.705566
18682 -0.697754
18683 -0.701904
18684 -0.677124
18685 -0.688477
18686 -0.678589
18687 -0.697266
18688 -0.697998
18689 -0.696655
18690 -0.692139
18691 -0.707031
18692 -0.692139
18693 -0.677124
18694 -0.666016
18695 -0.668091
18696 -0.669556
18697 -0.665039
18698 -0.652100
18699 -0.675415
18700 -0.656738
18701 -0.660767
18702 -0.671875
18703 -0.666138
18704 -0.666748
18705 -0.650024
18706 -0.649902
18707 -0.657227
18708 -0.667114
18709 -0.689941
18710 -0.682739
18711 -0.678345
18712 -0.679810
18713 -0.664795
18714 -0.689697
18715 -0.682739
18716 -0.698608
18717 -0.697876
18718 -0.677856
18719 -0.698975
18720 -0.701172
18721 -0.691772
18722 -0.696777
18723 -0.684326
18724 -0.671021
18725 -0.688599
18726 -0.697632
18727 -0.718750
18728 -0.702393
18729 -0.712280
18730 -0.701050
18731 -0.711670
18732 -0.692383
18733 -0.698730
18734 -0.708008
18735 -0.707886
18736 -0.723633
18737 -0.711670
18738 -0.709473
18739 -0.697754
18740 -0.690552
18741 -0.699585
18742 -0.694458
18743 -0.698364
18744 -0.703979
18745 -0.687622
18746 -0.684937
18747 -0.690796
18748 -0.706055
18749 -0.711182
18750 -0.720337
18751 -0.712891
18752 -0.705200
18753 -0.691406
18754 -0.702759
18755 -0.717896
18756 -0.722412
18757 -0.733154
18758 -0.736694
18759 -0.743286
18760 -0.749390
18761 -0.745605
18762 -0.742188
18763 -0.735474
18764 -0.723022
18765 -0.719238
18766 -0.725952
18767 -0.710938
18768 -0.708008
18769 -0.704956
18770 -0.704956
18771 -0.705688
18772 -0.697510
18773 -0.696777
18774 -0.701172
18775 -0.697510
18776 -0.692993
18777 -0.694580
18778 -0.707642
18779 -0.714600
18780 -0.718750
18781 -0.704834
18782 -0.706177
18783 -0.696411
18784 -0.688721
18785 -0.683472
18786 -0.670410
18787 -0.679688
18788 -0.667480
18789 -0.704712
18790 -0.685547
18791 -0.697510
18792 -0.710815
18793 -0.717041
18794 -0.715942
18795 -0.695557
18796 -0.692627
18797 -0.680664
18798 -0.681641
18799 -0.690308
18800 -0.690308
18801 -0.689697
18802 -0.661499
18803 -0.662231
18804 -0.672241
18805 -0.673706
18806 -0.670532
18807 -0.675293
18808 -0.677246
18809 -0.672241
18810 -0.674805
18811 -0.665161
18812 -0.665039
18813 -0.674072
18814 -0.677856
18815 -0.672241
18816 -0.655518
18817 -0.658569
18818 -0.655273
18819 -0.638550
18820 -0.638184
18821 -0.640137
18822 -0.639771
18823 -0.633301
18824 -0.625122
18825 -0.620972
18826 -0.613281
18827 -0.630737
18828 -0.621094
18829 -0.609375
18830 -0.610474
18831 -0.613281
18832 -0.612915
18833 -0.610596
18834 -0.615356
18835 -0.633911
18836 -0.651367
18837 -0.641846
18838 -0.628174
18839 -0.630249
18840 -0.633789
18841 -0.627319
18842 -0.621094
18843 -0.626221
18844 -0.628784
18845 -0.620239
18846 -0.632202
18847 -0.623901
18848 -0.641113
18849 -0.658936
18850 -0.675903
18851 -0.674072
18852 -0.683838
18853 -0.678345
18854 -0.704224
18855 -0.700317
18856 -0.692505
18857 -0.679321
18858 -0.682373
18859 -0.712769
18860 -0.720093
18861 -0.709229
18862 -0.722412
18863 -0.731445
18864 -0.724487
18865 -0.714355
18866 -0.708374
18867 -0.723877
18868 -0.721313
18869 -0.708984
18870 -0.702515
18871 -0.697388
18872 -0.702759
18873 -0.704956
18874 -0.713989
18875 -0.718872
18876 -0.721680
18877 -0.714722
18878 -0.695679
18879 -0.711060
18880 -0.731201
18881 -0.712769
18882 -0.692871
18883 -0.688232
18884 -0.686768
18885 -0.699097
18886 -0.719482
18887 -0.705688
18888 -0.705933
18889 -0.706055
18890 -0.703003
18891 -0.700439
18892 -0.716187
18893 -0.701294
18894 -0.694702
18895 -0.677246
18896 -0.693604
18897 -0.712158
18898 -0.701294
18899 -0.688843
18900 -0.685181
18901 -0.687500
18902 -0.663940
18903 -0.675171
18904 -0.682983
18905 -0.673950
18906 -0.678345
18907 -0.689697
18908 -0.698730
18909 -0.703491
18910 -0.709106
18911 -0.728027
18912 -0.728394
18913 -0.726074
18914 -0.727783
18915 -0.719360
18916 -0.725586
18917 -0.730469
18918 -0.730835
18919 -0.732422
18920 -0.736938
18921 -0.739990
18922 -0.741821
18923 -0.755005
18924 -0.757813
18925 -0.753906
18926 -0.757935
18927 -0.743896
18928 -0.723267
18929 -0.730713
18930 -0.733032
18931 -0.716431
18932 -0.719238
18933 -0.699585
18934 -0.700195
18935 -0.706787
18936 -0.718628
18937 -0.725220
18938 -0.730835
18939 -0.724854
18940 -0.748047
18941 -0.734009
18942 -0.738770
18943 -0.744751
18944 -0.743408
18945 -0.747314
18946 -0.746948
18947 -0.745117
18948 -0.745850
18949 -0.735840
18950 -0.745483
18951 -0.760742
18952 -0.756348
18953 -0.761353
18954 -0.742432
18955 -0.744995
18956 -0.739868
18957 -0.728027
18958 -0.721680
18959 -0.727661
18960 -0.734131
18961 -0.731812
18962 -0.737183
18963 -0.733521
18964 -0.739136
18965 -0.740967
18966 -0.743408
18967 -0.750000
18968 -0.749512
18969 -0.734741
18970 -0.750732
18971 -0.744873
18972 -0.760498
18973 -0.753662
18974 -0.748657
18975 -0.764526
18976 -0.742676
18977 -0.750977
18978 -0.760254
18979 -0.756226
18980 -0.756592
18981 -0.759644
18982 -0.761719
18983 -0.744507
18984 -0.745605
18985 -0.732178
18986 -0.737671
18987 -0.738281
18988 -0.734131
18989 -0.723145
18990 -0.725708
18991 -0.727905
18992 -0.725342
18993 -0.724854
18994 -0.719604
18995 -0.724609
18996 -0.709961
18997 -0.699585
18998 -0.690430
18999 -0.680908
19000 -0.681396
19001 -0.689697
19002 -0.687256
19003 -0.684570
19004 -0.689819
19005 -0.673340
19006 -0.669800
19007 -0.679077
19008 -0.657471
19009 -0.659912
19010 -0.665527
19011 -0.669800
19012 -0.652710
19013 -0.657227
19014 -0.640625
19015 -0.628662
19016 -0.634277
19017 -0.632813
19018 -0.635254
19019 -0.654541
19020 -0.645264
19021 -0.630371
19022 -0.633301
19023 -0.621704
19024 -0.628662
19025 -0.628540
19026 -0.620850
19027 -0.596191
19028 -0.622681
19029 -0.611084
19030 -0.627686
19031 -0.622559
19032 -0.613159
19033 -0.623291
19034 -0.631470
19035 -0.637573
19036 -0.642334
19037 -0.626953
19038 -0.640015
19039 -0.633911
19040 -0.633545
19041 -0.644531
19042 -0.653076
19043 -0.661743
19044 -0.657349
19045 -0.658569
19046 -0.650269
19047 -0.626465
19048 -0.654175
19049 -0.662598
19050 -0.664795
19051 -0.679810
19052 -0.669312
19053 -0.686401
19054 -0.692627
19055 -0.705444
19056 -0.700439
19057 -0.706299
19058 -0.701416
19059 -0.703247
19060 -0.691162
19061 -0.703003
19062 -0.708496
19063 -0.709229
19064 -0.704834
19065 -0.708984
19066 -0.702026
19067 -0.687012
19068 -0.698730
19069 -0.706421
19070 -0.704956
19071 -0.688110
19072 -0.690308
19073 -0.681274
19074 -0.685181
19075 -0.698120
19076 -0.681396
19077 -0.667847
19078 -0.659546
19079 -0.657471
19080 -0.637329
19081 -0.665649
19082 -0.658813
19083 -0.670898
19084 -0.667969
19085 -0.672974
19086 -0.680664
19087 -0.663696
19088 -0.659180
19089 -0.655029
19090 -0.662354
19091 -0.677734
19092 -0.656250
19093 -0.653809
19094 -0.642578
19095 -0.639771
19096 -0.640503
19097 -0.647461
19098 -0.655273
19099 -0.649902
19100 -0.635620
19101 -0.622070
19102 -0.610840
19103 -0.606812
19104 -0.640381
19105 -0.621948
19106 -0.614380
19107 -0.650757
19108 -0.638550
19109 -0.646362
19110 -0.662109
19111 -0.675171
19112 -0.654053
19113 -0.673950
19114 -0.687378
19115 -0.680908
19116 -0.697266
19117 -0.685303
19118 -0.674072
19119 -0.687012
19120 -0.698853
19121 -0.696289
19122 -0.684570
19123 -0.686646
19124 -0.702271
19125 -0.694458
19126 -0.707031
19127 -0.697876
19128 -0.720947
19129 -0.717896
19130 -0.715698
19131 -0.703369
19132 -0.708252
19133 -0.713745
19134 -0.728394
19135 -0.715698
19136 -0.728394
19137 -0.733032
19138 -0.735229
19139 -0.724976
19140 -0.711792
19141 -0.713989
19142 -0.718628
19143 -0.719238
19144 -0.732422
19145 -0.742798
19146 -0.746582
19147 -0.744141
19148 -0.740601
19149 -0.745239
19150 -0.748779
19151 -0.720825
19152 -0.703003
19153 -0.710449
19154 -0.724243
19155 -0.709839
19156 -0.704468
19157 -0.689209
19158 -0.691650
19159 -0.694092
19160 -0.701538
19161 -0.701660
19162 -0.695557
19163 -0.678589
19164 -0.707153
19165 -0.699219
19166 -0.704468
19167 -0.720215
19168 -0.733398
19169 -0.733765
19170 -0.738159
19171 -0.748047
19172 -0.753052
19173 -0.722534
19174 -0.720825
19175 -0.705200
19176 -0.693970
19177 -0.687378
19178 -0.678345
19179 -0.674316
19180 -0.678711
19181 -0.712646
19182 -0.710571
19183 -0.708252
19184 -0.680054
19185 -0.672729
19186 -0.681274
19187 -0.684570
19188 -0.692017
19189 -0.696167
19190 -0.669312
19191 -0.673462
19192 -0.667603
19193 -0.651978
19194 -0.662842
19195 -0.667603
19196 -0.668579
19197 -0.668335
19198 -0.673218
19199 -0.673096
19200 -0.638062
19201 -0.649292
19202 -0.645264
19203 -0.643555
19204 -0.634033
19205 -0.637451
19206 -0.663330
19207 -0.667236
19208 -0.666016
19209 -0.664673
19210 -0.676880
19211 -0.690430
19212 -0.690918
19213 -0.681030
19214 -0.676392
19215 -0.675903
19216 -0.678711
19217 -0.680542
19218 -0.672241
19219 -0.670166
19220 -0.674194
19221 -0.656494
19222 -0.646606
19223 -0.654785
19224 -0.649780
19225 -0.659912
19226 -0.645874
19227 -0.649414
19228 -0.646729
19229 -0.635010
19230 -0.658691
19231 -0.676758
19232 -0.666992
19233 -0.662354
19234 -0.657593
19235 -0.655884
19236 -0.662231
19237 -0.682007
19238 -0.677856
19239 -0.685547
19240 -0.685303
19241 -0.690430
19242 -0.702759
19243 -0.714111
19244 -0.720093
19245 -0.709717
19246 -0.719849
19247 -0.720337
19248 -0.707520
19249 -0.703979
19250 -0.693848
19251 -0.682861
19252 -0.680786
19253 -0.687622
19254 -0.679077
19255 -0.688721
19256 -0.692261
19257 -0.715088
19258 -0.717651
19259 -0.720581
19260 -0.723389
19261 -0.728882
19262 -0.710327
19263 -0.716187
19264 -0.698608
19265 -0.678101
19266 -0.674072
19267 -0.685913
19268 -0.698608
19269 -0.679077
19270 -0.687134
19271 -0.671753
19272 -0.683228
19273 -0.700439
19274 -0.691650
19275 -0.691162
19276 -0.689941
19277 -0.689697
19278 -0.690552
19279 -0.689697
19280 -0.714111
19281 -0.702026
19282 -0.714478
19283 -0.691650
19284 -0.707397
19285 -0.705078
19286 -0.680176
19287 -0.658569
19288 -0.634399
19289 -0.641968
19290 -0.658691
19291 -0.662598
19292 -0.664063
19293 -0.645874
19294 -0.646606
19295 -0.665649
19296 -0.684082
19297 -0.681030
19298 -0.684814
19299 -0.685913
19300 -0.678345
19301 -0.672241
19302 -0.676392
19303 -0.678467
19304 -0.678223
19305 -0.685181
19306 -0.680664
19307 -0.687256
19308 -0.696899
19309 -0.702026
19310 -0.703979
19311 -0.702881
19312 -0.688477
19313 -0.691650
19314 -0.689209
19315 -0.706421
19316 -0.708984
19317 -0.707520
19318 -0.723755
19319 -0.713867
19320 -0.701904
19321 -0.719727
19322 -0.710938
19323 -0.708374
19324 -0.710571
19325 -0.719604
19326 -0.713501
19327 -0.701172
19328 -0.707764
19329 -0.711304
19330 -0.691040
19331 -0.699585
19332 -0.704346
19333 -0.697144
19334 -0.688232
19335 -0.691772
19336 -0.674194
19337 -0.682373
19338 -0.694946
19339 -0.712646
19340 -0.718872
19341 -0.710205
19342 -0.707886
19343 -0.691772
19344 -0.694458
19345 -0.707153
19346 -0.700073
19347 -0.696289
19348 -0.708130
19349 -0.711914
19350 -0.722900
19351 -0.738403
19352 -0.719849
19353 -0.706665
19354 -0.697510
19355 -0.707153
19356 -0.716187
19357 -0.724487
19358 -0.739258
19359 -0.733765
19360 -0.719482
19361 -0.738525
19362 -0.707397
19363 -0.706421
19364 -0.691040
19365 -0.711548
19366 -0.693115
19367 -0.706055
19368 -0.711182
19369 -0.704102
19370 -0.708862
19371 -0.681641
19372 -0.681885
19373 -0.681396
19374 -0.685547
19375 -0.682983
19376 -0.691284
19377 -0.697998
19378 -0.698975
19379 -0.689331
19380 -0.695190
19381 -0.691772
19382 -0.704102
19383 -0.694458
19384 -0.681763
19385 -0.699463
19386 -0.707886
19387 -0.691284
19388 -0.684692
19389 -0.685425
19390 -0.671631
19391 -0.684204
19392 -0.682739
19393 -0.688965
19394 -0.697754
19395 -0.691040
19396 -0.692993
19397 -0.688232
19398 -0.687988
19399 -0.684570
19400 -0.670532
19401 -0.664551
19402 -0.667114
19403 -0.667969
19404 -0.677124
19405 -0.682129
19406 -0.692139
19407 -0.697754
19408 -0.679810
19409 -0.664185
19410 -0.675659
19411 -0.670898
19412 -0.669922
19413 -0.677368
19414 -0.669189
19415 -0.668091
19416 -0.682495
19417 -0.692749
19418 -0.701172
19419 -0.679443
19420 -0.687378
19421 -0.701050
19422 -0.714233
19423 -0.730225
19424 -0.740112
19425 -0.732056
19426 -0.733032
19427 -0.736450
19428 -0.735840
19429 -0.730225
19430 -0.725464
19431 -0.722900
19432 -0.701172
19433 -0.692017
19434 -0.722290
19435 -0.719482
19436 -0.717041
19437 -0.702637
19438 -0.712402
19439 -0.717163
19440 -0.700562
19441 -0.702393
19442 -0.700073
19443 -0.690796
19444 -0.645996
19445 -0.665039
19446 -0.673096
19447 -0.680908
19448 -0.666138
19449 -0.678223
19450 -0.660522
19451 -0.666016
19452 -0.663208
19453 -0.656616
19454 -0.669067
19455 -0.669312
19456 -0.684204
19457 -0.678833
19458 -0.700684
19459 -0.705078
19460 -0.695923
19461 -0.699463
19462 -0.704590
19463 -0.734863
19464 -0.724731
19465 -0.726074
19466 -0.729858
19467 -0.717529
19468 -0.720459
19469 -0.718262
19470 -0.718506
19471 -0.713501
19472 -0.697876
19473 -0.675537
19474 -0.685059
19475 -0.676025
19476 -0.661743
19477 -0.664795
19478 -0.692505
19479 -0.703125
19480 -0.736450
19481 -0.730347
19482 -0.715210
19483 -0.717041
19484 -0.711060
19485 -0.703491
19486 -0.686890
19487 -0.701172
19488 -0.723145
19489 -0.721436
19490 -0.732544
19491 -0.736084
19492 -0.722656
19493 -0.722412
19494 -0.731689
19495 -0.729736
19496 -0.721313
19497 -0.709717
19498 -0.714966
19499 -0.719238
19500 -0.710327
19501 -0.715454
19502 -0.728516
19503 -0.732178
19504 -0.723267
19505 -0.727417
19506 -0.731079
19507 -0.745361
19508 -0.744629
19509 -0.741943
19510 -0.735107
19511 -0.725464
19512 -0.729492
19513 -0.726807
19514 -0.737671
19515 -0.736694
19516 -0.741333
19517 -0.744263
19518 -0.748413
19519 -0.739990
19520 -0.742554
19521 -0.745850
19522 -0.714722
19523 -0.727783
19524 -0.719604
19525 -0.727173
19526 -0.714111
19527 -0.693726
19528 -0.703369
19529 -0.702026
19530 -0.688477
19531 -0.689697
19532 -0.702026
19533 -0.701050
19534 -0.669434
19535 -0.685547
19536 -0.684570
19537 -0.683594
19538 -0.694580
19539 -0.677490
19540 -0.672241
19541 -0.657471
19542 -0.656006
19543 -0.650879
19544 -0.655762
19545 -0.659546
19546 -0.676270
19547 -0.666626
19548 -0.673218
19549 -0.693848
19550 -0.708374
19551 -0.706909
19552 -0.703735
19553 -0.684692
19554 -0.685059
19555 -0.685547
19556 -0.679321
19557 -0.683594
19558 -0.666748
19559 -0.664795
19560 -0.675415
19561 -0.658936
19562 -0.641235
19563 -0.652344
19564 -0.661499
19565 -0.654541
19566 -0.653198
19567 -0.636597
19568 -0.640015
19569 -0.630615
19570 -0.612305
19571 -0.623901
19572 -0.615112
19573 -0.636963
19574 -0.644531
19575 -0.645508
19576 -0.642456
19577 -0.650513
19578 -0.666870
19579 -0.671509
19580 -0.675415
19581 -0.675903
19582 -0.683350
19583 -0.674927
19584 -0.678345
19585 -0.683105
19586 -0.678223
19587 -0.680908
19588 -0.687256
19589 -0.690918
19590 -0.698975
19591 -0.710083
19592 -0.691528
19593 -0.689209
19594 -0.679565
19595 -0.701782
19596 -0.708740
19597 -0.697754
19598 -0.702271
19599 -0.703491
19600 -0.711792
19601 -0.714478
19602 -0.714111
19603 -0.719727
19604 -0.726685
19605 -0.719971
19606 -0.702026
19607 -0.690430
19608 -0.711182
19609 -0.707642
19610 -0.705688
19611 -0.699341
19612 -0.683960
19613 -0.672241
19614 -0.694092
19615 -0.685669
19616 -0.688843
19617 -0.685547
19618 -0.699097
19619 -0.686401
19620 -0.674927
19621 -0.678223
19622 -0.698242
19623 -0.699585
19624 -0.707031
19625 -0.703613
19626 -0.705078
19627 -0.715088
19628 -0.725952
19629 -0.731079
19630 -0.741943
19631 -0.741089
19632 -0.726440
19633 -0.746338
19634 -0.736084
19635 -0.732544
19636 -0.729126
19637 -0.727051
19638 -0.726563
19639 -0.727417
19640 -0.703125
19641 -0.723389
19642 -0.708862
19643 -0.712769
19644 -0.700439
19645 -0.698730
19646 -0.695923
19647 -0.703979
19648 -0.715088
19649 -0.719116
19650 -0.732178
19651 -0.723877
19652 -0.734985
19653 -0.732544
19654 -0.714722
19655 -0.716431
19656 -0.702515
19657 -0.711670
19658 -0.703735
19659 -0.700317
19660 -0.692139
19661 -0.706909
19662 -0.713379
19663 -0.709839
19664 -0.694214
19665 -0.703003
19666 -0.693604
19667 -0.698730
19668 -0.704346
19669 -0.709839
19670 -0.721924
19671 -0.723389
19672 -0.715454
19673 -0.718384
19674 -0.707642
19675 -0.723755
19676 -0.728638
19677 -0.717529
19678 -0.712280
19679 -0.723022
19680 -0.715820
19681 -0.722534
19682 -0.721558
19683 -0.723389
19684 -0.730225
19685 -0.706421
19686 -0.716797
19687 -0.712036
19688 -0.727051
19689 -0.743896
19690 -0.739136
19691 -0.744751
19692 -0.754028
19693 -0.755127
19694 -0.767944
19695 -0.766357
19696 -0.761230
19697 -0.769897
19698 -0.765381
19699 -0.732178
19700 -0.715698
19701 -0.714600
19702 -0.693237
19703 -0.708740
19704 -0.713379
19705 -0.715942
19706 -0.706665
19707 -0.722778
19708 -0.729736
19709 -0.729370
19710 -0.704956
19711 -0.713257
19712 -0.710327
19713 -0.718872
19714 -0.714478
19715 -0.703491
19716 -0.691650
19717 -0.683716
19718 -0.677124
19719 -0.682739
19720 -0.687622
19721 -0.689697
19722 -0.674561
19723 -0.679199
19724 -0.668213
19725 -0.687866
19726 -0.675903
19727 -0.665527
19728 -0.667603
19729 -0.652832
19730 -0.657837
19731 -0.674927
19732 -0.667847
19733 -0.667114
19734 -0.671631
19735 -0.683838
19736 -0.663452
19737 -0.683228
19738 -0.677979
19739 -0.684937
19740 -0.674805
19741 -0.671753
19742 -0.673828
19743 -0.672974
19744 -0.682373
19745 -0.699585
19746 -0.704468
19747 -0.691772
19748 -0.692383
19749 -0.696899
19750 -0.679565
19751 -0.688599
19752 -0.685303
19753 -0.691040
19754 -0.686646
19755 -0.696289
19756 -0.701538
19757 -0.685547
19758 -0.706299
19759 -0.693604
19760 -0.698242
19761 -0.689575
19762 -0.700317
19763 -0.700439
19764 -0.706177
19765 -0.702637
19766 -0.703613
19767 -0.687378
19768 -0.685059
19769 -0.671753
19770 -0.675293
19771 -0.680420
19772 -0.671875
19773 -0.661865
19774 -0.647949
19775 -0.645874
19776 -0.633911
19777 -0.616699
19778 -0.623535
19779 -0.634155
19780 -0.631592
19781 -0.657104
19782 -0.634155
19783 -0.648438
19784 -0.646484
19785 -0.651245
19786 -0.663574
19787 -0.674438
19788 -0.673462
19789 -0.671875
19790 -0.670776
19791 -0.661621
19792 -0.661011
19793 -0.662109
19794 -0.633667
19795 -0.631226
19796 -0.609619
19797 -0.596436
19798 -0.583008
19799 -0.589722
19800 -0.597290
19801 -0.603394
19802 -0.593628
19803 -0.596558
19804 -0.578003
19805 -0.576538
19806 -0.584839
19807 -0.582275
19808 -0.584839
19809 -0.576294
19810 -0.593384
19811 -0.596558
19812 -0.609619
19813 -0.623047
19814 -0.631836
19815 -0.625488
19816 -0.642212
19817 -0.618774
19818 -0.633789
19819 -0.619141
19820 -0.610718
19821 -0.639282
19822 -0.640503
19823 -0.631714
19824 -0.647339
19825 -0.643677
19826 -0.654053
19827 -0.666748
19828 -0.665649
19829 -0.675537
19830 -0.668823
19831 -0.661743
19832 -0.673096
19833 -0.674438
19834 -0.681274
19835 -0.685913
19836 -0.674072
19837 -0.669922
19838 -0.663940
19839 -0.662720
19840 -0.666504
19841 -0.655151
19842 -0.642700
19843 -0.640381
19844 -0.625122
19845 -0.629028
19846 -0.635498
19847 -0.636597
19848 -0.641724
19849 -0.648438
19850 -0.649780
19851 -0.666016
19852 -0.653076
19853 -0.671509
19854 -0.641724
19855 -0.651733
19856 -0.648926
19857 -0.649414
19858 -0.653931
19859 -0.627686
19860 -0.607056
19861 -0.604370
19862 -0.611816
19863 -0.613647
19864 -0.615845
19865 -0.620850
19866 -0.623657
19867 -0.626221
19868 -0.631836
19869 -0.626831
19870 -0.631470
19871 -0.636841
19872 -0.630981
19873 -0.631592
19874 -0.630249
19875 -0.624878
19876 -0.629639
19877 -0.641968
19878 -0.649170
19879 -0.654053
19880 -0.648560
19881 -0.646240
19882 -0.644165
19883 -0.642822
19884 -0.641602
19885 -0.649902
19886 -0.627930
19887 -0.607300
19888 -0.606689
19889 -0.615845
19890 -0.617554
19891 -0.628662
19892 -0.611206
19893 -0.625854
19894 -0.631836
19895 -0.646362
19896 -0.656006
19897 -0.677612
19898 -0.691528
19899 -0.667969
19900 -0.656494
19901 -0.654053
19902 -0.677246
19903 -0.687012
19904 -0.687866
19905 -0.677368
19906 -0.702271
19907 -0.700928
19908 -0.679077
19909 -0.692993
19910 -0.691406
19911 -0.693970
19912 -0.699341
19913 -0.688721
19914 -0.703125
19915 -0.692139
19916 -0.697144
19917 -0.706909
19918 -0.717529
19919 -0.716919
19920 -0.728271
19921 -0.740967
19922 -0.745361
19923 -0.734253
19924 -0.725220
19925 -0.734619
19926 -0.716309
19927 -0.740723
19928 -0.741699
19929 -0.739258
19930 -0.736572
19931 -0.749268
19932 -0.762329
19933 -0.740967
19934 -0.745605
19935 -0.743896
19936 -0.758423
19937 -0.763062
19938 -0.755249
19939 -0.741699
19940 -0.753906
19941 -0.752808
19942 -0.751343
19943 -0.751221
19944 -0.761719
19945 -0.745728
19946 -0.740845
19947 -0.734497
19948 -0.725464
19949 -0.722900
19950 -0.734619
19951 -0.709106
19952 -0.718994
19953 -0.721924
19954 -0.725586
19955 -0.715576
19956 -0.720947
19957 -0.700562
19958 -0.717773
19959 -0.727905
19960 -0.738281
19961 -0.747192
19962 -0.744019
19963 -0.729248
19964 -0.734985
19965 -0.709229
19966 -0.693359
19967 -0.687744
19968 -0.694946
19969 -0.723877
19970 -0.714966
19971 -0.723877
19972 -0.726318
19973 -0.722290
19974 -0.718872
19975 -0.723633
19976 -0.717651
19977 -0.707397
19978 -0.715454
19979 -0.737061
19980 -0.728271
19981 -0.730225
19982 -0.732544
19983 -0.735107
19984 -0.721069
19985 -0.721924
19986 -0.714478
19987 -0.696289
19988 -0.722412
19989 -0.726440
19990 -0.714722
19991 -0.715210
19992 -0.696777
19993 -0.690186
19994 -0.697021
19995 -0.692749
19996 -0.685913
19997 -0.686035
19998 -0.689087
19999 -0.700439
20000 -0.702881
20001 -0.702393
20002 -0.706299
20003 -0.701050
20004 -0.700562
20005 -0.690552
20006 -0.682251
20007 -0.699463
20008 -0.702026
20009 -0.693115
20010 -0.698242
20011 -0.721313
20012 -0.705322
20013 -0.700317
20014 -0.701538
20015 -0.696899
20016 -0.685669
20017 -0.693481
20018 -0.721069
20019 -0.708740
20020 -0.715454
20021 -0.720215
20022 -0.733521
20023 -0.735718
20024 -0.738892
20025 -0.739380
20026 -0.725586
20027 -0.735229
20028 -0.734497
20029 -0.726196
20030 -0.751221
20031 -0.747925
20032 -0.733276
20033 -0.734497
20034 -0.726074
20035 -0.719604
20036 -0.714111
20037 -0.706421
20038 -0.711304
20039 -0.697876
20040 -0.727661
20041 -0.728271
20042 -0.734009
20043 -0.743042
20044 -0.727905
20045 -0.731934
20046 -0.732300
20047 -0.738770
20048 -0.754150
20049 -0.740723
20050 -0.739502
20051 -0.725464
20052 -0.742432
20053 -0.734619
20054 -0.740967
20055 -0.728882
20056 -0.729370
20057 -0.726074
20058 -0.738403
20059 -0.726685
20060 -0.720215
20061 -0.726929
20062 -0.732788
20063 -0.738892
20064 -0.733398
20065 -0.721436
20066 -0.728394
20067 -0.722656
20068 -0.712402
20069 -0.735352
20070 -0.755005
20071 -0.739380
20072 -0.757935
20073 -0.732178
20074 -0.744263
20075 -0.750488
20076 -0.744629
20077 -0.747925
20078 -0.751587
20079 -0.756226
20080 -0.753784
20081 -0.734497
20082 -0.715454
20083 -0.727539
20084 -0.716309
20085 -0.711304
20086 -0.723877
20087 -0.739502
20088 -0.739502
20089 -0.749268
20090 -0.726685
20091 -0.725586
20092 -0.742310
20093 -0.751099
20094 -0.754150
20095 -0.754150
20096 -0.742188
20097 -0.732910
20098 -0.716675
20099 -0.707153
20100 -0.705200
20101 -0.703979
20102 -0.698242
20103 -0.701660
20104 -0.703003
20105 -0.701172
20106 -0.705444
20107 -0.687622
20108 -0.703003
20109 -0.697632
20110 -0.670166
20111 -0.658936
20112 -0.657104
20113 -0.671387
20114 -0.683105
20115 -0.675537
20116 -0.672607
20117 -0.674194
20118 -0.696777
20119 -0.695190
20120 -0.697998
20121 -0.716919
20122 -0.714233
20123 -0.711914
20124 -0.712280
20125 -0.707886
20126 -0.705322
20127 -0.700073
20128 -0.716064
20129 -0.706177
20130 -0.678589
20131 -0.689209
20132 -0.678223
20133 -0.673218
20134 -0.686035
20135 -0.701050
20136 -0.700073
20137 -0.706787
20138 -0.691895
20139 -0.686401
20140 -0.686768
20141 -0.704346
20142 -0.685303
20143 -0.677490
20144 -0.686646
20145 -0.693359
20146 -0.696533
20147 -0.687012
20148 -0.700073
20149 -0.692261
20150 -0.688354
20151 -0.684692
20152 -0.671875
20153 -0.683228
20154 -0.658203
20155 -0.661133
20156 -0.694214
20157 -0.691406
20158 -0.692261
20159 -0.691284
20160 -0.678345
20161 -0.667358
20162 -0.690918
20163 -0.699951
20164 -0.708496
20165 -0.712402
20166 -0.707764
20167 -0.691650
20168 -0.695190
20169 -0.699097
20170 -0.706665
20171 -0.697754
20172 -0.714722
20173 -0.720337
20174 -0.730713
20175 -0.712769
20176 -0.728149
20177 -0.732666
20178 -0.733032
20179 -0.729370
20180 -0.735962
20181 -0.734741
20182 -0.739258
20183 -0.742188
20184 -0.720093
20185 -0.721313
20186 -0.726807
20187 -0.714478
20188 -0.717285
20189 -0.705322
20190 -0.695679
20191 -0.686523
20192 -0.666626
20193 -0.664429
20194 -0.653198
20195 -0.644165
20196 -0.660400
20197 -0.659790
20198 -0.681152
20199 -0.685059
20200 -0.670898
20201 -0.677002
20202 -0.683472
20203 -0.693970
20204 -0.696411
20205 -0.694946
20206 -0.692261
20207 -0.697266
20208 -0.701416
20209 -0.706665
20210 -0.699707
20211 -0.698853
20212 -0.714478
20213 -0.725464
20214 -0.731201
20215 -0.712036
20216 -0.706421
20217 -0.718140
20218 -0.726318
20219 -0.721924
20220 -0.723877
20221 -0.718140
20222 -0.715576
20223 -0.724365
20224 -0.725708
20225 -0.721680
20226 -0.709229
20227 -0.711182
20228 -0.718994
20229 -0.715576
20230 -0.719849
20231 -0.738892
20232 -0.714233
20233 -0.698364
20234 -0.682007
20235 -0.679443
20236 -0.676880
20237 -0.668701
20238 -0.663940
20239 -0.659424
20240 -0.677002
20241 -0.672974
20242 -0.679565
20243 -0.658569
20244 -0.660034
20245 -0.658813
20246 -0.652100
20247 -0.650757
20248 -0.644775
20249 -0.644043
20250 -0.653564
20251 -0.663940
20252 -0.670776
20253 -0.682129
20254 -0.689331
20255 -0.697998
20256 -0.705444
20257 -0.704590
20258 -0.720337
20259 -0.724121
20260 -0.727173
20261 -0.737549
20262 -0.747192
20263 -0.750610
20264 -0.757446
20265 -0.753662
20266 -0.751709
20267 -0.757935
20268 -0.765015
20269 -0.751587
20270 -0.742188
20271 -0.760498
20272 -0.755371
20273 -0.741211
20274 -0.733521
20275 -0.736084
20276 -0.740967
20277 -0.747681
20278 -0.750366
20279 -0.762329
20280 -0.766846
20281 -0.756104
20282 -0.762817
20283 -0.752686
20284 -0.758789
20285 -0.754272
20286 -0.768188
20287 -0.751709
20288 -0.768311
20289 -0.769043
20290 -0.764771
20291 -0.769409
20292 -0.773438
20293 -0.767090
20294 -0.754028
20295 -0.770630
20296 -0.768066
20297 -0.752197
20298 -0.745117
20299 -0.754761
20300 -0.750366
20301 -0.743042
20302 -0.754517
20303 -0.755737
20304 -0.756470
20305 -0.758911
20306 -0.745605
20307 -0.735352
20308 -0.742310
20309 -0.726807
20310 -0.749878
20311 -0.746948
20312 -0.739014
20313 -0.747070
20314 -0.757568
20315 -0.766235
20316 -0.741211
20317 -0.746826
20318 -0.738281
20319 -0.742676
20320 -0.736816
20321 -0.754761
20322 -0.758667
20323 -0.763306
20324 -0.771729
20325 -0.777710
20326 -0.768677
20327 -0.750488
20328 -0.749512
20329 -0.757690
20330 -0.760254
20331 -0.750610
20332 -0.752686
20333 -0.749634
20334 -0.748291
20335 -0.734741
20336 -0.747681
20337 -0.744995
20338 -0.744263
20339 -0.742310
20340 -0.738892
20341 -0.756104
20342 -0.752808
20343 -0.740845
20344 -0.757324
20345 -0.751831
20346 -0.745728
20347 -0.741455
20348 -0.743530
20349 -0.764038
20350 -0.761719
20351 -0.762573
20352 -0.761230
20353 -0.764282
20354 -0.747559
20355 -0.729492
20356 -0.714722
20357 -0.712646
20358 -0.720459
20359 -0.739746
20360 -0.756958
20361 -0.749756
20362 -0.740967
20363 -0.749756
20364 -0.760010
20365 -0.743896
20366 -0.739258
20367 -0.746216
20368 -0.740234
20369 -0.729736
20370 -0.721313
20371 -0.725830
20372 -0.724976
20373 -0.737305
20374 -0.749878
20375 -0.754150
20376 -0.763794
20377 -0.740845
20378 -0.730835
20379 -0.735229
20380 -0.731445
20381 -0.715698
20382 -0.710571
20383 -0.726807
20384 -0.710327
20385 -0.708130
20386 -0.729980
20387 -0.731934
20388 -0.730713
20389 -0.712158
20390 -0.731812
20391 -0.723511
20392 -0.716064
20393 -0.711548
20394 -0.710815
20395 -0.705444
20396 -0.699707
20397 -0.705688
20398 -0.725220
20399 -0.720825
20400 -0.748779
20401 -0.749634
20402 -0.724854
20403 -0.704956
20404 -0.696899
20405 -0.702759
20406 -0.676270
20407 -0.655518
20408 -0.687500
20409 -0.669556
20410 -0.676880
20411 -0.682251
20412 -0.699707
20413 -0.707275
20414 -0.711182
20415 -0.703857
20416 -0.697754
20417 -0.704468
20418 -0.693604
20419 -0.696655
20420 -0.682251
20421 -0.689575
20422 -0.681152
20423 -0.672363
20424 -0.670654
20425 -0.685425
20426 -0.676636
20427 -0.659424
20428 -0.652954
20429 -0.646973
20430 -0.641724
20431 -0.630737
20432 -0.644165
20433 -0.650146
20434 -0.642212
20435 -0.652588
20436 -0.659180
20437 -0.658569
20438 -0.658325
20439 -0.668335
20440 -0.675171
20441 -0.654541
20442 -0.670044
20443 -0.681152
20444 -0.664063
20445 -0.656006
20446 -0.647705
20447 -0.657104
20448 -0.645142
20449 -0.646729
20450 -0.658081
20451 -0.658813
20452 -0.667969
20453 -0.673340
20454 -0.673950
20455 -0.660645
20456 -0.662109
20457 -0.633057
20458 -0.643433
20459 -0.634155
20460 -0.624146
20461 -0.639893
20462 -0.656982
20463 -0.645386
20464 -0.664185
20465 -0.674072
20466 -0.679810
20467 -0.678589
20468 -0.686401
20469 -0.678345
20470 -0.679443
20471 -0.680054
20472 -0.699951
20473 -0.697388
20474 -0.693359
20475 -0.696899
20476 -0.692627
20477 -0.689209
20478 -0.669434
20479 -0.661255
20480 -0.661377
20481 -0.676270
20482 -0.673706
20483 -0.694092
20484 -0.698120
20485 -0.696777
20486 -0.711548
20487 -0.693359
20488 -0.705811
20489 -0.710815
20490 -0.719604
20491 -0.718750
20492 -0.718018
20493 -0.713013
20494 -0.702515
20495 -0.734131
20496 -0.714111
20497 -0.715698
20498 -0.705322
20499 -0.706055
20500 -0.703857
20501 -0.698730
20502 -0.708130
20503 -0.721802
20504 -0.729004
20505 -0.727783
20506 -0.727783
20507 -0.720703
20508 -0.715576
20509 -0.705566
20510 -0.718384
20511 -0.718262
20512 -0.693970
20513 -0.680298
20514 -0.673096
20515 -0.684692
20516 -0.673584
20517 -0.694092
20518 -0.695679
20519 -0.700684
20520 -0.690918
20521 -0.692383
20522 -0.699707
20523 -0.693848
20524 -0.684937
20525 -0.690552
20526 -0.698853
20527 -0.700562
20528 -0.686279
20529 -0.678955
20530 -0.677246
20531 -0.655518
20532 -0.653564
20533 -0.691772
20534 -0.701660
20535 -0.689819
20536 -0.692505
20537 -0.691406
20538 -0.680664
20539 -0.674805
20540 -0.660645
20541 -0.681152
20542 -0.675049
20543 -0.672729
20544 -0.660767
20545 -0.673096
20546 -0.691162
20547 -0.695923
20548 -0.689453
20549 -0.670410
20550 -0.677368
20551 -0.688843
20552 -0.716431
20553 -0.722778
20554 -0.721924
20555 -0.727661
20556 -0.727539
20557 -0.713867
20558 -0.696289
20559 -0.693604
20560 -0.698853
20561 -0.693726
20562 -0.693359
20563 -0.685791
20564 -0.686157
20565 -0.690918
20566 -0.694702
20567 -0.690674
20568 -0.694336
20569 -0.710449
20570 -0.701782
20571 -0.708740
20572 -0.705078
20573 -0.698486
20574 -0.695435
20575 -0.710571
20576 -0.710327
20577 -0.708740
20578 -0.705688
20579 -0.693115
20580 -0.695923
20581 -0.681885
20582 -0.666504
20583 -0.670898
20584 -0.671753
20585 -0.668457
20586 -0.651978
20587 -0.656982
20588 -0.655151
20589 -0.658936
20590 -0.665161
20591 -0.668823
20592 -0.675781
20593 -0.696167
20594 -0.681030
20595 -0.674927
20596 -0.676270
20597 -0.672852
20598 -0.666138
20599 -0.674316
20600 -0.688110
20601 -0.678345
20602 -0.692505
20603 -0.674561
20604 -0.670044
20605 -0.659668
20606 -0.666992
20607 -0.660156
20608 -0.672485
20609 -0.672241
20610 -0.674316
20611 -0.649902
20612 -0.651611
20613 -0.639893
20614 -0.634155
20615 -0.645020
20616 -0.646240
20617 -0.641479
20618 -0.635010
20619 -0.629395
20620 -0.625244
20621 -0.634033
20622 -0.640015
20623 -0.634399
20624 -0.641724
20625 -0.659424
20626 -0.659546
20627 -0.658081
20628 -0.659912
20629 -0.666382
20630 -0.661865
20631 -0.636841
20632 -0.653442
20633 -0.675171
20634 -0.649414
20635 -0.675537
20636 -0.677734
20637 -0.661499
20638 -0.659912
20639 -0.646973
20640 -0.654541
20641 -0.651001
20642 -0.636597
20643 -0.645264
20644 -0.662354
20645 -0.660278
20646 -0.656616
20647 -0.650879
20648 -0.660522
20649 -0.660034
20650 -0.682251
20651 -0.677368
20652 -0.686401
20653 -0.691162
20654 -0.694702
20655 -0.714966
20656 -0.724609
20657 -0.734497
20658 -0.742310
20659 -0.729370
20660 -0.728149
20661 -0.710205
20662 -0.709961
20663 -0.714111
20664 -0.728638
20665 -0.732910
20666 -0.738525
20667 -0.736450
20668 -0.734131
20669 -0.729614
20670 -0.734497
20671 -0.723389
20672 -0.720581
20673 -0.731689
20674 -0.725708
20675 -0.719482
20676 -0.725830
20677 -0.739136
20678 -0.739380
20679 -0.752319
20680 -0.779297
20681 -0.763184
20682 -0.763306
20683 -0.753784
20684 -0.751709
20685 -0.759521
20686 -0.767212
20687 -0.771118
20688 -0.755493
20689 -0.758545
20690 -0.760742
20691 -0.757813
20692 -0.756348
20693 -0.758301
20694 -0.759277
20695 -0.760254
20696 -0.750000
20697 -0.753418
20698 -0.733765
20699 -0.729004
20700 -0.721191
20701 -0.740967
20702 -0.739136
20703 -0.729980
20704 -0.742554
20705 -0.724854
20706 -0.724609
20707 -0.713379
20708 -0.714722
20709 -0.711426
20710 -0.716431
20711 -0.718140
20712 -0.690308
20713 -0.681519
20714 -0.665161
20715 -0.664673
20716 -0.665894
20717 -0.662231
20718 -0.667725
20719 -0.672485
20720 -0.655151
20721 -0.643066
20722 -0.626709
20723 -0.655518
20724 -0.660767
20725 -0.643799
20726 -0.635742
20727 -0.642090
20728 -0.639893
20729 -0.628784
20730 -0.650513
20731 -0.641357
20732 -0.643921
20733 -0.646973
20734 -0.654175
20735 -0.644775
20736 -0.649658
20737 -0.653564
20738 -0.649048
20739 -0.658569
20740 -0.648315
20741 -0.656128
20742 -0.648438
20743 -0.640869
20744 -0.634155
20745 -0.624756
20746 -0.610229
20747 -0.610962
20748 -0.602661
20749 -0.610229
20750 -0.613770
20751 -0.627808
20752 -0.627808
20753 -0.642700
20754 -0.647095
20755 -0.655273
20756 -0.663452
20757 -0.650879
20758 -0.665771
20759 -0.668945
20760 -0.645752
20761 -0.630493
20762 -0.629517
20763 -0.639526
20764 -0.653687
20765 -0.637451
20766 -0.652222
20767 -0.653198
20768 -0.659912
20769 -0.656006
20770 -0.648682
20771 -0.644287
20772 -0.657471
20773 -0.662842
20774 -0.645386
20775 -0.632202
20776 -0.641724
20777 -0.646729
20778 -0.627075
20779 -0.635620
20780 -0.623657
20781 -0.629272
20782 -0.630493
20783 -0.632813
20784 -0.614624
20785 -0.602661
20786 -0.626831
20787 -0.615723
20788 -0.608276
20789 -0.603394
20790 -0.614258
20791 -0.599487
20792 -0.633179
20793 -0.630005
20794 -0.615723
20795 -0.620605
20796 -0.621094
20797 -0.617554
20798 -0.618774
20799 -0.640259
20800 -0.638794
20801 -0.636475
20802 -0.625244
20803 -0.618774
20804 -0.614380
20805 -0.629883
20806 -0.630127
20807 -0.618042
20808 -0.631958
20809 -0.628662
20810 -0.651245
20811 -0.646606
20812 -0.665161
20813 -0.641846
20814 -0.657227
20815 -0.666260
20816 -0.664185
20817 -0.646973
20818 -0.663818
20819 -0.672485
20820 -0.667603
20821 -0.654907
20822 -0.634766
20823 -0.650879
20824 -0.657959
20825 -0.662964
20826 -0.658081
20827 -0.658936
20828 -0.651978
20829 -0.656982
20830 -0.666626
20831 -0.676758
20832 -0.656738
20833 -0.669312
20834 -0.677979
20835 -0.685913
20836 -0.674805
20837 -0.700806
20838 -0.698364
20839 -0.697144
20840 -0.697144
20841 -0.711914
20842 -0.713135
20843 -0.697021
20844 -0.709351
20845 -0.702759
20846 -0.707764
20847 -0.699097
20848 -0.710693
20849 -0.701904
20850 -0.696899
20851 -0.676147
20852 -0.678101
20853 -0.674561
20854 -0.667725
20855 -0.674683
20856 -0.691284
20857 -0.695435
20858 -0.678711
20859 -0.691162
20860 -0.687012
20861 -0.688477
20862 -0.675171
20863 -0.685303
20864 -0.689941
20865 -0.678223
20866 -0.678467
20867 -0.683960
20868 -0.682617
20869 -0.683960
20870 -0.681274
20871 -0.684937
20872 -0.685303
20873 -0.688354
20874 -0.670532
20875 -0.674927
20876 -0.667480
20877 -0.653442
20878 -0.663452
20879 -0.685059
20880 -0.677246
20881 -0.674316
20882 -0.683960
20883 -0.670898
20884 -0.689819
20885 -0.697144
20886 -0.685303
20887 -0.680664
20888 -0.665161
20889 -0.687744
20890 -0.697144
20891 -0.688599
20892 -0.694092
20893 -0.687622
20894 -0.690918
20895 -0.687744
20896 -0.696289
20897 -0.694214
20898 -0.695068
20899 -0.696167
20900 -0.699829
20901 -0.689697
20902 -0.678589
20903 -0.671509
20904 -0.661133
20905 -0.683716
20906 -0.688354
20907 -0.688965
20908 -0.692505
20909 -0.701050
20910 -0.684448
20911 -0.692627
20912 -0.701416
20913 -0.687134
20914 -0.685059
20915 -0.692505
20916 -0.686035
20917 -0.660767
20918 -0.666626
20919 -0.678711
20920 -0.676147
20921 -0.679932
20922 -0.674194
20923 -0.674805
20924 -0.678711
20925 -0.675537
20926 -0.680176
20927 -0.680176
20928 -0.674438
20929 -0.660034
20930 -0.667969
20931 -0.660278
20932 -0.644775
20933 -0.624146
20934 -0.629150
20935 -0.612427
20936 -0.633179
20937 -0.630127
20938 -0.622559
20939 -0.617188
20940 -0.586548
20941 -0.597900
20942 -0.587646
20943 -0.605469
20944 -0.592529
20945 -0.587891
20946 -0.587524
20947 -0.590576
20948 -0.603516
20949 -0.587524
20950 -0.606323
20951 -0.606201
20952 -0.607178
20953 -0.611450
20954 -0.616455
20955 -0.588867
20956 -0.574219
20957 -0.581909
20958 -0.583130
20959 -0.600464
20960 -0.596802
20961 -0.608521
20962 -0.609863
20963 -0.590088
20964 -0.583740
20965 -0.576050
20966 -0.576782
20967 -0.582520
20968 -0.599731
20969 -0.615723
20970 -0.614746
20971 -0.632568
20972 -0.638062
20973 -0.639282
20974 -0.637207
20975 -0.637207
20976 -0.620483
20977 -0.599609
20978 -0.618164
20979 -0.621582
20980 -0.607910
20981 -0.624512
20982 -0.634155
20983 -0.638916
20984 -0.635742
20985 -0.627441
20986 -0.621582
20987 -0.606812
20988 -0.609009
20989 -0.608765
20990 -0.626465
20991 -0.619751
20992 -0.623657
20993 -0.608154
20994 -0.607788
20995 -0.609009
20996 -0.606689
20997 -0.630127
20998 -0.625732
20999 -0.628052
21000 -0.628540
21001 -0.629639
21002 -0.620239
21003 -0.631714
21004 -0.647217
21005 -0.648804
21006 -0.633179
21007 -0.649780
21008 -0.667969
21009 -0.665161
21010 -0.651855
21011 -0.643066
21012 -0.622681
21013 -0.609497
21014 -0.599976
21015 -0.602051
21016 -0.598877
21017 -0.582886
21018 -0.581421
21019 -0.582520
21020 -0.571899
21021 -0.590210
21022 -0.604126
21023 -0.595947
21024 -0.618652
21025 -0.621582
21026 -0.615112
21027 -0.611328
21028 -0.614624
21029 -0.606323
21030 -0.612183
21031 -0.637451
21032 -0.641968
21033 -0.643066
21034 -0.640137
21035 -0.642700
21036 -0.634766
21037 -0.630859
21038 -0.625122
21039 -0.639526
21040 -0.641724
21041 -0.645020
21042 -0.646118
21043 -0.652832
21044 -0.649536
21045 -0.646606
21046 -0.644775
21047 -0.645630
21048 -0.634644
21049 -0.624268
21050 -0.625854
21051 -0.628174
21052 -0.627930
21053 -0.634888
21054 -0.636841
21055 -0.642456
21056 -0.625488
21057 -0.616455
21058 -0.609253
21059 -0.613281
21060 -0.610229
21061 -0.626099
21062 -0.632080
21063 -0.616455
21064 -0.614624
21065 -0.619385
21066 -0.620605
21067 -0.623901
21068 -0.624756
21069 -0.623535
21070 -0.625122
21071 -0.650391
21072 -0.653076
21073 -0.669434
21074 -0.672363
21075 -0.659546
21076 -0.657349
21077 -0.654785
21078 -0.662354
21079 -0.671509
21080 -0.677368
21081 -0.697144
21082 -0.699829
21083 -0.703735
21084 -0.694824
21085 -0.712646
21086 -0.707275
21087 -0.694824
21088 -0.719360
21089 -0.721191
21090 -0.728882
21091 -0.720703
21092 -0.721191
21093 -0.718140
21094 -0.708618
21095 -0.708984
21096 -0.717163
21097 -0.715576
21098 -0.695557
21099 -0.696167
21100 -0.706055
21101 -0.710327
21102 -0.706909
21103 -0.695435
21104 -0.691284
21105 -0.711792
21106 -0.694702
21107 -0.675781
21108 -0.662476
21109 -0.657227
21110 -0.667114
21111 -0.686768
21112 -0.694092
21113 -0.688110
21114 -0.685791
21115 -0.689331
21116 -0.681763
21117 -0.685303
21118 -0.666382
21119 -0.671265
21120 -0.672974
21121 -0.675293
21122 -0.663940
21123 -0.678711
21124 -0.669556
21125 -0.684326
21126 -0.681274
21127 -0.695923
21128 -0.688599
21129 -0.677856
21130 -0.676758
21131 -0.676880
21132 -0.677612
21133 -0.693604
21134 -0.700195
21135 -0.710693
21136 -0.688110
21137 -0.693359
21138 -0.710571
21139 -0.691406
21140 -0.692749
21141 -0.705200
21142 -0.705444
21143 -0.704468
21144 -0.705444
21145 -0.688843
21146 -0.705444
21147 -0.719727
21148 -0.717773
21149 -0.689209
21150 -0.693848
21151 -0.686768
21152 -0.707642
21153 -0.689819
21154 -0.691040
21155 -0.671631
21156 -0.681274
21157 -0.677368
21158 -0.662109
21159 -0.650269
21160 -0.646851
21161 -0.661011
21162 -0.679443
21163 -0.674927
21164 -0.658691
21165 -0.667358
21166 -0.675049
21167 -0.678589
21168 -0.675415
21169 -0.674683
21170 -0.669922
21171 -0.673584
21172 -0.654663
21173 -0.656250
21174 -0.665527
21175 -0.671997
21176 -0.675171
21177 -0.698975
21178 -0.713501
21179 -0.713867
21180 -0.731445
21181 -0.718872
21182 -0.711914
21183 -0.706177
21184 -0.696777
21185 -0.706665
21186 -0.697021
21187 -0.703735
21188 -0.699585
21189 -0.706177
21190 -0.715210
21191 -0.709961
21192 -0.707520
21193 -0.695435
21194 -0.713745
21195 -0.714722
21196 -0.708008
21197 -0.700928
21198 -0.705688
21199 -0.709351
21200 -0.710938
21201 -0.722778
21202 -0.721558
21203 -0.727417
21204 -0.723389
21205 -0.719360
21206 -0.737183
21207 -0.730225
21208 -0.740723
21209 -0.738525
21210 -0.727783
21211 -0.716675
21212 -0.732422
21213 -0.727539
21214 -0.721558
21215 -0.747803
21216 -0.737671
21217 -0.748413
21218 -0.752930
21219 -0.751221
21220 -0.753662
21221 -0.751831
21222 -0.746582
21223 -0.753906
21224 -0.742798
21225 -0.741699
21226 -0.744629
21227 -0.744019
21228 -0.732178
21229 -0.726807
21230 -0.727783
21231 -0.711548
21232 -0.715088
21233 -0.726929
21234 -0.712524
21235 -0.723022
21236 -0.728882
21237 -0.715942
21238 -0.703125
21239 -0.696533
21240 -0.708618
21241 -0.709839
21242 -0.690552
21243 -0.687500
21244 -0.686890
21245 -0.677734
21246 -0.666504
21247 -0.678589
21248 -0.689453
21249 -0.683960
21250 -0.674438
21251 -0.676514
21252 -0.695435
21253 -0.695313
21254 -0.692383
21255 -0.690674
21256 -0.660156
21257 -0.677490
21258 -0.698975
21259 -0.702026
21260 -0.700684
21261 -0.720337
21262 -0.714478
21263 -0.718872
21264 -0.708618
21265 -0.708496
21266 -0.731567
21267 -0.726196
21268 -0.740601
21269 -0.729980
21270 -0.738647
21271 -0.743042
21272 -0.740601
21273 -0.738525
21274 -0.751221
21275 -0.754883
21276 -0.746216
21277 -0.738647
21278 -0.735962
21279 -0.734985
21280 -0.750366
21281 -0.764893
21282 -0.755493
21283 -0.745972
21284 -0.746094
21285 -0.744629
21286 -0.752808
21287 -0.766235
21288 -0.768799
21289 -0.751709
21290 -0.760986
21291 -0.758057
21292 -0.753784
21293 -0.747559
21294 -0.757568
21295 -0.746826
21296 -0.752930
21297 -0.757935
21298 -0.748779
21299 -0.754272
21300 -0.736328
21301 -0.734619
21302 -0.737427
21303 -0.736328
21304 -0.726685
21305 -0.718628
21306 -0.701416
21307 -0.715454
21308 -0.707520
21309 -0.700928
21310 -0.711182
21311 -0.696777
21312 -0.698486
21313 -0.699341
21314 -0.705811
21315 -0.719971
21316 -0.701416
21317 -0.706909
21318 -0.704224
21319 -0.697021
21320 -0.689209
21321 -0.679443
21322 -0.683838
21323 -0.698853
21324 -0.700806
21325 -0.715698
21326 -0.724731
21327 -0.731812
21328 -0.734497
21329 -0.724121
21330 -0.740479
21331 -0.734131
21332 -0.730835
21333 -0.737915
21334 -0.743896
21335 -0.734009
21336 -0.744263
21337 -0.752197
21338 -0.741211
21339 -0.743530
21340 -0.745361
21341 -0.720825
21342 -0.726196
21343 -0.717407
21344 -0.725098
21345 -0.715454
21346 -0.714478
21347 -0.715820
21348 -0.712158
21349 -0.743286
21350 -0.722168
21351 -0.710938
21352 -0.716064
21353 -0.724365
21354 -0.731567
21355 -0.731689
21356 -0.714233
21357 -0.707397
21358 -0.702148
21359 -0.707520
21360 -0.708862
21361 -0.710327
21362 -0.703125
21363 -0.706177
21364 -0.700073
21365 -0.683105
21366 -0.700928
21367 -0.693848
21368 -0.702393
21369 -0.699585
21370 -0.700195
21371 -0.695801
21372 -0.701538
21373 -0.700928
21374 -0.697388
21375 -0.712158
21376 -0.702759
21377 -0.683960
21378 -0.701782
21379 -0.705200
21380 -0.727783
21381 -0.726563
21382 -0.727051
21383 -0.715454
21384 -0.723755
21385 -0.721924
21386 -0.724121
21387 -0.724121
21388 -0.723022
21389 -0.709595
21390 -0.695801
21391 -0.695923
21392 -0.712158
21393 -0.700928
21394 -0.702148
21395 -0.712891
21396 -0.714722
21397 -0.718262
21398 -0.714844
21399 -0.705322
21400 -0.713013
21401 -0.723022
21402 -0.706299
21403 -0.715698
21404 -0.699097
21405 -0.676025
21406 -0.683228
21407 -0.670532
21408 -0.677246
21409 -0.674805
21410 -0.675049
21411 -0.689209
21412 -0.698730
21413 -0.691772
21414 -0.689209
21415 -0.692017
21416 -0.690918
21417 -0.698120
21418 -0.705200
21419 -0.701050
21420 -0.696899
21421 -0.694824
21422 -0.676880
21423 -0.680908
21424 -0.676270
21425 -0.666260
21426 -0.680176
21427 -0.700928
21428 -0.705078
21429 -0.709351
21430 -0.713989
21431 -0.734985
21432 -0.722900
21433 -0.720703
21434 -0.718750
21435 -0.717773
21436 -0.712769
21437 -0.725220
21438 -0.719971
21439 -0.724976
21440 -0.738403
21441 -0.734619
21442 -0.731934
21443 -0.724121
21444 -0.731079
21445 -0.723389
21446 -0.734863
21447 -0.742798
21448 -0.739502
21449 -0.752075
21450 -0.757446
21451 -0.748535
21452 -0.756470
21453 -0.754883
21454 -0.759399
21455 -0.760498
21456 -0.761230
21457 -0.764648
21458 -0.765625
21459 -0.780884
21460 -0.765381
21461 -0.754150
21462 -0.739380
21463 -0.744629
21464 -0.746948
21465 -0.732666
21466 -0.738647
21467 -0.709473
21468 -0.725220
21469 -0.732178
21470 -0.717407
21471 -0.728271
21472 -0.738037
21473 -0.732178
21474 -0.734131
21475 -0.715698
21476 -0.715698
21477 -0.709717
21478 -0.702637
21479 -0.692993
21480 -0.673218
21481 -0.692017
21482 -0.670044
21483 -0.666016
21484 -0.646118
21485 -0.666992
21486 -0.677124
21487 -0.681030
21488 -0.673828
21489 -0.672729
21490 -0.665527
21491 -0.654785
21492 -0.652832
21493 -0.645874
21494 -0.665405
21495 -0.668335
21496 -0.642212
21497 -0.646729
21498 -0.661743
21499 -0.664795
21500 -0.683350
21501 -0.680542
21502 -0.693726
21503 -0.678711
21504 -0.689575
21505 -0.682861
21506 -0.668091
21507 -0.674438
21508 -0.664185
21509 -0.681030
21510 -0.679565
21511 -0.683105
21512 -0.706421
21513 -0.729736
21514 -0.730347
21515 -0.724854
21516 -0.731689
21517 -0.736694
21518 -0.727905
21519 -0.729736
21520 -0.731567
21521 -0.725464
21522 -0.726440
21523 -0.714844
21524 -0.698608
21525 -0.692749
21526 -0.700562
21527 -0.692017
21528 -0.701660
21529 -0.706055
21530 -0.690674
21531 -0.711548
21532 -0.715576
21533 -0.707886
21534 -0.706421
21535 -0.696167
21536 -0.692139
21537 -0.703003
21538 -0.704956
21539 -0.716309
21540 -0.725708
21541 -0.736450
21542 -0.751831
21543 -0.732666
21544 -0.728394
21545 -0.718506
21546 -0.709717
21547 -0.720703
21548 -0.727051
21549 -0.737427
21550 -0.730957
21551 -0.721436
21552 -0.723755
21553 -0.730713
21554 -0.725708
21555 -0.734253
21556 -0.730713
21557 -0.738892
21558 -0.733398
21559 -0.724609
21560 -0.719604
21561 -0.727905
21562 -0.733032
21563 -0.739380
21564 -0.725464
21565 -0.722168
21566 -0.724243
21567 -0.727905
21568 -0.759521
21569 -0.762695
21570 -0.736816
21571 -0.742065
21572 -0.727051
21573 -0.729004
21574 -0.738647
21575 -0.727417
21576 -0.734253
21577 -0.747681
21578 -0.732544
21579 -0.741699
21580 -0.748047
21581 -0.749390
21582 -0.761353
21583 -0.765869
21584 -0.760742
21585 -0.758545
21586 -0.769043
21587 -0.768921
21588 -0.757446
21589 -0.753418
21590 -0.754883
21591 -0.761475
21592 -0.741699
21593 -0.745972
21594 -0.733887
21595 -0.751709
21596 -0.737915
21597 -0.718994
21598 -0.742798
21599 -0.740967
21600 -0.719360
21601 -0.727173
21602 -0.734497
21603 -0.742920
21604 -0.729980
21605 -0.718872
21606 -0.708984
21607 -0.711670
21608 -0.686279
21609 -0.676392
21610 -0.685425
21611 -0.664063
21612 -0.665405
21613 -0.664551
21614 -0.667969
21615 -0.667358
21616 -0.680176
21617 -0.686279
21618 -0.689941
21619 -0.673828
21620 -0.672607
21621 -0.658081
21622 -0.676147
21623 -0.673096
21624 -0.681152
21625 -0.683472
21626 -0.673340
21627 -0.655518
21628 -0.644775
21629 -0.658203
21630 -0.660645
21631 -0.651855
21632 -0.652832
21633 -0.648682
21634 -0.642578
21635 -0.658081
21636 -0.663330
21637 -0.654785
21638 -0.640625
21639 -0.652954
21640 -0.644897
21641 -0.651489
21642 -0.643555
21643 -0.652222
21644 -0.649902
21645 -0.656006
21646 -0.657959
21647 -0.667480
21648 -0.688354
21649 -0.693604
21650 -0.687866
21651 -0.679565
21652 -0.681274
21653 -0.665527
21654 -0.658569
21655 -0.659912
21656 -0.647705
21657 -0.661865
21658 -0.682617
21659 -0.669434
21660 -0.675659
21661 -0.676636
21662 -0.693848
21663 -0.697388
21664 -0.684692
21665 -0.677612
21666 -0.676147
21667 -0.675171
21668 -0.668213
21669 -0.674438
21670 -0.681396
21671 -0.680786
21672 -0.677490
21673 -0.669678
21674 -0.662720
21675 -0.661255
21676 -0.662354
21677 -0.646606
21678 -0.644653
21679 -0.649536
21680 -0.638550
21681 -0.634766
21682 -0.648193
21683 -0.673584
21684 -0.663940
21685 -0.662598
21686 -0.683472
21687 -0.697998
21688 -0.687500
21689 -0.697266
21690 -0.699097
21691 -0.677979
21692 -0.673950
21693 -0.692505
21694 -0.670532
21695 -0.670410
21696 -0.693848
21697 -0.691162
21698 -0.664185
21699 -0.670410
21700 -0.675171
21701 -0.670654
21702 -0.665039
21703 -0.660400
21704 -0.666870
21705 -0.690918
21706 -0.693604
21707 -0.687012
21708 -0.677979
21709 -0.669556
21710 -0.667603
21711 -0.670898
21712 -0.663696
21713 -0.687988
21714 -0.685913
21715 -0.687012
21716 -0.691406
21717 -0.691040
21718 -0.680786
21719 -0.662109
21720 -0.658691
21721 -0.664673
21722 -0.651367
21723 -0.661743
21724 -0.662354
21725 -0.638672
21726 -0.657837
21727 -0.656860
21728 -0.668457
21729 -0.665649
21730 -0.672852
21731 -0.667236
21732 -0.674316
21733 -0.680176
21734 -0.685791
21735 -0.692749
21736 -0.696777
21737 -0.685303
21738 -0.682251
21739 -0.684814
21740 -0.691895
21741 -0.715210
21742 -0.718872
21743 -0.721436
21744 -0.720459
21745 -0.708618
21746 -0.694946
21747 -0.697876
21748 -0.717163
21749 -0.709106
21750 -0.698975
21751 -0.710571
21752 -0.690918
21753 -0.682129
21754 -0.692139
21755 -0.701904
21756 -0.686279
21757 -0.658081
21758 -0.656982
21759 -0.674927
21760 -0.666504
21761 -0.671875
21762 -0.694580
21763 -0.684692
21764 -0.667358
21765 -0.678711
21766 -0.677856
21767 -0.690308
21768 -0.676636
21769 -0.668823
21770 -0.675171
21771 -0.674194
21772 -0.659180
21773 -0.655640
21774 -0.668701
21775 -0.654297
21776 -0.638794
21777 -0.653564
21778 -0.649536
21779 -0.638428
21780 -0.643677
21781 -0.656494
21782 -0.669189
21783 -0.672852
21784 -0.661987
21785 -0.661377
21786 -0.667114
21787 -0.666260
21788 -0.648438
21789 -0.643066
21790 -0.646118
21791 -0.660034
21792 -0.676147
21793 -0.677734
21794 -0.678955
21795 -0.678345
21796 -0.662109
21797 -0.657349
21798 -0.656982
21799 -0.653076
21800 -0.646606
21801 -0.656006
21802 -0.659058
21803 -0.656860
21804 -0.659668
21805 -0.681885
21806 -0.681274
21807 -0.677124
21808 -0.693481
21809 -0.683838
21810 -0.689819
21811 -0.681396
21812 -0.691406
21813 -0.690186
21814 -0.702393
21815 -0.696045
21816 -0.714844
21817 -0.738037
21818 -0.742065
21819 -0.731079
21820 -0.739380
21821 -0.731445
21822 -0.740967
21823 -0.746948
21824 -0.759277
21825 -0.723755
21826 -0.718506
21827 -0.723999
21828 -0.704102
21829 -0.709717
21830 -0.711426
21831 -0.711182
21832 -0.703613
21833 -0.708130
21834 -0.704590
21835 -0.715454
21836 -0.702759
21837 -0.703369
21838 -0.704956
21839 -0.697754
21840 -0.705322
21841 -0.692749
21842 -0.696289
21843 -0.716431
21844 -0.706299
21845 -0.695923
21846 -0.679321
21847 -0.685059
21848 -0.679932
21849 -0.691284
21850 -0.704834
21851 -0.688354
21852 -0.692139
21853 -0.707153
21854 -0.706177
21855 -0.702881
21856 -0.720337
21857 -0.718750
21858 -0.696411
21859 -0.693970
21860 -0.686523
21861 -0.666382
21862 -0.668701
21863 -0.666016
21864 -0.670654
21865 -0.655640
21866 -0.636230
21867 -0.651245
21868 -0.637329
21869 -0.628174
21870 -0.625854
21871 -0.617676
21872 -0.618652
21873 -0.614136
21874 -0.575684
21875 -0.565186
21876 -0.587158
21877 -0.584229
21878 -0.582520
21879 -0.568237
21880 -0.559326
21881 -0.575073
21882 -0.584473
21883 -0.581055
21884 -0.591919
21885 -0.591309
21886 -0.575684
21887 -0.581543
21888 -0.551025
21889 -0.544312
21890 -0.558594
21891 -0.556274
21892 -0.554688
21893 -0.560547
21894 -0.569458
21895 -0.566284
21896 -0.576416
21897 -0.562866
21898 -0.582031
21899 -0.572632
21900 -0.561646
21901 -0.560059
21902 -0.559814
21903 -0.547607
21904 -0.547852
21905 -0.551270
21906 -0.557129
21907 -0.544189
21908 -0.552124
21909 -0.552856
21910 -0.560425
21911 -0.566772
21912 -0.572021
21913 -0.573853
21914 -0.578003
21915 -0.565552
21916 -0.562866
21917 -0.562622
21918 -0.551758
21919 -0.563843
21920 -0.565552
21921 -0.554321
21922 -0.550415
21923 -0.559937
21924 -0.556030
21925 -0.555298
21926 -0.570190
21927 -0.547729
21928 -0.525757
21929 -0.521484
21930 -0.523560
21931 -0.516479
21932 -0.512329
21933 -0.503296
21934 -0.513062
21935 -0.512085
21936 -0.518066
21937 -0.505859
21938 -0.495117
21939 -0.479858
21940 -0.476929
21941 -0.486694
21942 -0.505249
21943 -0.491211
21944 -0.477417
21945 -0.481323
21946 -0.474731
21947 -0.470459
21948 -0.486084
21949 -0.469238
21950 -0.463989
21951 -0.457520
21952 -0.448242
21953 -0.434692
21954 -0.435303
21955 -0.449219
21956 -0.447388
21957 -0.463623
21958 -0.448120
21959 -0.479858
21960 -0.473877
21961 -0.480591
21962 -0.473755
21963 -0.472412
21964 -0.452515
21965 -0.457153
21966 -0.456055
21967 -0.451172
21968 -0.456543
21969 -0.470093
21970 -0.484497
21971 -0.505859
21972 -0.506592
21973 -0.500610
21974 -0.487061
21975 -0.503662
21976 -0.491577
21977 -0.496704
21978 -0.488770
21979 -0.497192
21980 -0.497070
21981 -0.503174
21982 -0.507568
21983 -0.504028
21984 -0.524048
21985 -0.541016
21986 -0.529175
21987 -0.520996
21988 -0.522583
21989 -0.503296
21990 -0.494263
21991 -0.491577
21992 -0.508545
21993 -0.512695
21994 -0.503784
21995 -0.487305
21996 -0.488159
21997 -0.487671
21998 -0.494019
21999 -0.462646
22000 -0.472046
22001 -0.458740
22002 -0.445557
22003 -0.441162
22004 -0.456543
22005 -0.473389
22006 -0.453369
22007 -0.450317
22008 -0.441528
22009 -0.426270
22010 -0.432495
22011 -0.425903
22012 -0.415405
22013 -0.396973
22014 -0.395142
22015 -0.384644
22016 -0.407227
22017 -0.389160
22018 -0.393799
22019 -0.399902
22020 -0.386108
22021 -0.387817
22022 -0.394409
22023 -0.389526
22024 -0.388062
22025 -0.397827
22026 -0.398193
22027 -0.396606
22028 -0.392456
22029 -0.391357
22030 -0.382080
22031 -0.384277
22032 -0.373413
22033 -0.363159
22034 -0.341431
22035 -0.344727
22036 -0.347656
22037 -0.350586
22038 -0.365601
22039 -0.358521
22040 -0.337402
22041 -0.343018
22042 -0.349121
22043 -0.360352
22044 -0.367920
22045 -0.358887
22046 -0.367676
22047 -0.349731
22048 -0.353271
22049 -0.349365
22050 -0.340942
22051 -0.326538
22052 -0.355225
22053 -0.348511
22054 -0.344971
22055 -0.352051
22056 -0.350342
22057 -0.346924
22058 -0.350098
22059 -0.359985
22060 -0.365112
22061 -0.382813
22062 -0.364014
22063 -0.348755
22064 -0.346069
22065 -0.335083
22066 -0.329834
22067 -0.357422
22068 -0.342896
22069 -0.331543
22070 -0.340332
22071 -0.346191
22072 -0.345337
22073 -0.346069
22074 -0.368042
22075 -0.383057
22076 -0.383423
22077 -0.376221
22078 -0.375610
22079 -0.377075
22080 -0.373535
22081 -0.371338
22082 -0.373779
22083 -0.377319
22084 -0.394287
22085 -0.391724
22086 -0.390869
22087 -0.372925
22088 -0.373413
22089 -0.374268
22090 -0.380615
22091 -0.375366
22092 -0.362427
22093 -0.345459
22094 -0.355957
22095 -0.362793
22096 -0.359375
22097 -0.356079
22098 -0.353394
22099 -0.336426
22100 -0.345459
22101 -0.360229
22102 -0.372681
22103 -0.357544
22104 -0.354858
22105 -0.361084
22106 -0.354736
22107 -0.364380
22108 -0.375610
22109 -0.358643
22110 -0.379028
22111 -0.385986
22112 -0.397095
22113 -0.396973
22114 -0.380615
22115 -0.385986
22116 -0.390137
22117 -0.398315
22118 -0.366943
22119 -0.369507
22120 -0.387817
22121 -0.373657
22122 -0.370239
22123 -0.374878
22124 -0.386841
22125 -0.397461
22126 -0.397095
22127 -0.409546
22128 -0.403442
22129 -0.399658
22130 -0.395508
22131 -0.400146
22132 -0.395996
22133 -0.383423
22134 -0.364380
22135 -0.373657
22136 -0.394775
22137 -0.428711
22138 -0.443726
22139 -0.433472
22140 -0.440063
22141 -0.451294
22142 -0.445313
22143 -0.458740
22144 -0.463867
22145 -0.468750
22146 -0.482666
22147 -0.481445
22148 -0.486694
22149 -0.511841
22150 -0.513184
22151 -0.512329
22152 -0.520142
22153 -0.531860
22154 -0.540039
22155 -0.534424
22156 -0.528076
22157 -0.527832
22158 -0.512329
22159 -0.497925
22160 -0.487671
22161 -0.486206
22162 -0.472046
22163 -0.455200
22164 -0.458008
22165 -0.473267
22166 -0.486694
22167 -0.485962
22168 -0.486206
22169 -0.486206
22170 -0.486694
22171 -0.482178
22172 -0.489502
22173 -0.490967
22174 -0.481812
22175 -0.485718
22176 -0.486206
22177 -0.479248
22178 -0.472900
22179 -0.456421
22180 -0.467651
22181 -0.451538
22182 -0.444824
22183 -0.454224
22184 -0.486572
22185 -0.481812
22186 -0.468750
22187 -0.482178
22188 -0.477417
22189 -0.474609
22190 -0.479370
22191 -0.495239
22192 -0.494751
22193 -0.506104
22194 -0.524536
22195 -0.538208
22196 -0.542847
22197 -0.555664
22198 -0.563721
22199 -0.577393
22200 -0.583984
22201 -0.573730
22202 -0.573120
22203 -0.577881
22204 -0.582886
22205 -0.606934
22206 -0.588745
22207 -0.571167
22208 -0.573486
22209 -0.551758
22210 -0.521118
22211 -0.522583
22212 -0.530640
22213 -0.549316
22214 -0.534058
22215 -0.531128
22216 -0.547852
22217 -0.545532
22218 -0.552124
22219 -0.579102
22220 -0.586182
22221 -0.565186
22222 -0.588379
22223 -0.616455
22224 -0.604492
22225 -0.615845
22226 -0.595093
22227 -0.606812
22228 -0.625366
22229 -0.610840
22230 -0.605225
22231 -0.605835
22232 -0.613892
22233 -0.621704
22234 -0.607056
22235 -0.609253
22236 -0.606567
22237 -0.605591
22238 -0.602661
22239 -0.612305
22240 -0.615845
22241 -0.621826
22242 -0.618896
22243 -0.631226
22244 -0.615479
22245 -0.606689
22246 -0.618164
22247 -0.600830
22248 -0.585571
22249 -0.591797
22250 -0.589355
22251 -0.606567
22252 -0.600586
22253 -0.619141
22254 -0.607300
22255 -0.596313
22256 -0.597900
22257 -0.614136
22258 -0.622314
22259 -0.600220
22260 -0.608398
22261 -0.599487
22262 -0.611694
22263 -0.626709
22264 -0.612183
22265 -0.611938
22266 -0.592285
22267 -0.598999
22268 -0.593628
22269 -0.587402
22270 -0.577393
22271 -0.572388
22272 -0.569336
22273 -0.549194
22274 -0.536133
22275 -0.552124
22276 -0.559692
22277 -0.584839
22278 -0.585205
22279 -0.587646
22280 -0.596191
22281 -0.593628
22282 -0.577637
22283 -0.574829
22284 -0.573364
22285 -0.552979
22286 -0.532471
22287 -0.517090
22288 -0.538940
22289 -0.537109
22290 -0.523071
22291 -0.523682
22292 -0.535889
22293 -0.535156
22294 -0.537964
22295 -0.547363
22296 -0.549072
22297 -0.533081
22298 -0.540405
22299 -0.547241
22300 -0.551025
22301 -0.563721
22302 -0.572021
22303 -0.573975
22304 -0.589233
22305 -0.587524
22306 -0.581665
22307 -0.569214
22308 -0.583862
22309 -0.603271
22310 -0.592407
22311 -0.587036
22312 -0.580200
22313 -0.579834
22314 -0.590210
22315 -0.592773
22316 -0.593140
22317 -0.605103
22318 -0.607422
22319 -0.608032
22320 -0.614624
22321 -0.614624
22322 -0.634033
22323 -0.630371
22324 -0.616333
22325 -0.612183
22326 -0.614014
22327 -0.590698
22328 -0.603882
22329 -0.615234
22330 -0.626221
22331 -0.622314
22332 -0.636353
22333 -0.643677
22334 -0.643555
22335 -0.670532
22336 -0.663574
22337 -0.667236
22338 -0.664551
22339 -0.670776
22340 -0.685791
22341 -0.694092
22342 -0.684204
22343 -0.686157
22344 -0.673584
22345 -0.672485
22346 -0.670654
22347 -0.684204
22348 -0.687744
22349 -0.693970
22350 -0.692993
22351 -0.685059
22352 -0.719604
22353 -0.724243
22354 -0.694946
22355 -0.681030
22356 -0.680298
22357 -0.689819
22358 -0.691772
22359 -0.689453
22360 -0.694824
22361 -0.703125
22362 -0.687256
22363 -0.694336
22364 -0.707275
22365 -0.714355
22366 -0.684570
22367 -0.697266
22368 -0.702637
22369 -0.695557
22370 -0.708862
22371 -0.717651
22372 -0.701782
22373 -0.688599
22374 -0.685425
22375 -0.674316
22376 -0.678467
22377 -0.661499
22378 -0.664551
22379 -0.674438
22380 -0.678833
22381 -0.671753
22382 -0.672729
22383 -0.670532
22384 -0.671509
22385 -0.696899
22386 -0.691895
22387 -0.691162
22388 -0.688843
22389 -0.674561
22390 -0.667847
22391 -0.687866
22392 -0.702271
22393 -0.700684
22394 -0.709717
22395 -0.691895
22396 -0.704224
22397 -0.700928
22398 -0.714111
22399 -0.697144
22400 -0.692505
22401 -0.702515
22402 -0.720581
22403 -0.730347
22404 -0.724121
22405 -0.735107
22406 -0.739502
22407 -0.726440
22408 -0.722168
22409 -0.725830
22410 -0.729614
22411 -0.732544
22412 -0.732910
22413 -0.734009
22414 -0.748901
22415 -0.760010
22416 -0.750122
22417 -0.724854
22418 -0.706665
22419 -0.719482
22420 -0.737915
22421 -0.732544
22422 -0.725342
22423 -0.719849
22424 -0.715454
22425 -0.714233
22426 -0.708252
22427 -0.709351
22428 -0.724609
22429 -0.724609
22430 -0.726440
22431 -0.729248
22432 -0.740723
22433 -0.742432
22434 -0.740845
22435 -0.720581
22436 -0.725098
22437 -0.733032
22438 -0.751099
22439 -0.750610
22440 -0.746338
22441 -0.759399
22442 -0.772705
22443 -0.789307
22444 -0.779541
22445 -0.781250
22446 -0.771240
22447 -0.764771
22448 -0.747559
22449 -0.744995
22450 -0.752197
22451 -0.746704
22452 -0.742432
22453 -0.737061
22454 -0.739624
22455 -0.739258
22456 -0.736572
22457 -0.743530
22458 -0.735596
22459 -0.740356
22460 -0.754272
22461 -0.750366
22462 -0.749756
22463 -0.757813
22464 -0.760864
22465 -0.742188
22466 -0.744385
22467 -0.739014
22468 -0.730469
22469 -0.736694
22470 -0.734009
22471 -0.728882
22472 -0.741455
22473 -0.729126
22474 -0.752319
22475 -0.730225
22476 -0.719727
22477 -0.714722
22478 -0.696777
22479 -0.699341
22480 -0.708130
22481 -0.717285
22482 -0.731934
22483 -0.743408
22484 -0.733398
22485 -0.737427
22486 -0.708984
22487 -0.708618
22488 -0.716675
22489 -0.724854
22490 -0.714355
22491 -0.708130
22492 -0.721313
22493 -0.735107
22494 -0.718018
22495 -0.733765
22496 -0.723511
22497 -0.729126
22498 -0.745728
22499 -0.740723
22500 -0.753174
22501 -0.735229
22502 -0.722290
22503 -0.726685
22504 -0.727173
22505 -0.729248
22506 -0.727417
22507 -0.721558
22508 -0.718628
22509 -0.695190
22510 -0.693604
22511 -0.710693
22512 -0.731323
22513 -0.747925
22514 -0.752441
22515 -0.748901
22516 -0.748047
22517 -0.746094
22518 -0.768311
22519 -0.763428
22520 -0.762085
22521 -0.763306
22522 -0.741577
22523 -0.732544
22524 -0.729736
22525 -0.738647
22526 -0.730225
22527 -0.735840
22528 -0.738037
22529 -0.731201
22530 -0.744629
22531 -0.735352
22532 -0.730103
22533 -0.734131
22534 -0.744629
22535 -0.741333
22536 -0.737793
22537 -0.729370
22538 -0.727295
22539 -0.726807
22540 -0.696655
22541 -0.705566
22542 -0.728149
22543 -0.721069
22544 -0.717407
22545 -0.713135
22546 -0.710815
22547 -0.701172
22548 -0.709351
22549 -0.686523
22550 -0.691650
22551 -0.672852
22552 -0.655151
22553 -0.682251
22554 -0.686401
22555 -0.661621
22556 -0.656738
22557 -0.677002
22558 -0.683594
22559 -0.664307
22560 -0.659912
22561 -0.678467
22562 -0.702759
22563 -0.714233
22564 -0.688721
22565 -0.683960
22566 -0.680420
22567 -0.687134
22568 -0.687500
22569 -0.702759
22570 -0.712402
22571 -0.713989
22572 -0.727783
22573 -0.741699
22574 -0.747070
22575 -0.741089
22576 -0.740356
22577 -0.729980
22578 -0.729492
22579 -0.734375
22580 -0.729858
22581 -0.739868
22582 -0.739502
22583 -0.732300
22584 -0.740234
22585 -0.741089
22586 -0.743774
22587 -0.745361
22588 -0.727173
22589 -0.726563
22590 -0.735107
22591 -0.738403
22592 -0.728027
22593 -0.726196
22594 -0.722168
22595 -0.723511
22596 -0.724487
22597 -0.727539
22598 -0.740479
22599 -0.751953
22600 -0.745605
22601 -0.750610
22602 -0.739502
22603 -0.707764
22604 -0.699097
22605 -0.699341
22606 -0.704224
22607 -0.714233
22608 -0.714111
22609 -0.726196
22610 -0.724487
22611 -0.733154
22612 -0.723511
22613 -0.728271
22614 -0.737671
22615 -0.724487
22616 -0.720215
22617 -0.724854
22618 -0.707764
22619 -0.711182
22620 -0.692749
22621 -0.683960
22622 -0.694214
22623 -0.692627
22624 -0.703979
22625 -0.674438
22626 -0.673828
22627 -0.688477
22628 -0.700562
22629 -0.700439
22630 -0.696533
22631 -0.689697
22632 -0.677246
22633 -0.691406
22634 -0.687988
22635 -0.691772
22636 -0.695435
22637 -0.684570
22638 -0.674927
22639 -0.681641
22640 -0.686157
22641 -0.693726
22642 -0.688965
22643 -0.685669
22644 -0.682373
22645 -0.694824
22646 -0.690063
22647 -0.688232
22648 -0.699341
22649 -0.697144
22650 -0.685547
22651 -0.682983
22652 -0.684692
22653 -0.684692
22654 -0.690063
22655 -0.695313
22656 -0.715332
22657 -0.710083
22658 -0.722046
22659 -0.702515
22660 -0.696777
22661 -0.708130
22662 -0.708252
22663 -0.711182
22664 -0.710083
22665 -0.709595
22666 -0.704102
22667 -0.703735
22668 -0.695679
22669 -0.705322
22670 -0.700928
22671 -0.676880
22672 -0.687012
22673 -0.685059
22674 -0.670410
22675 -0.679077
22676 -0.685791
22677 -0.668579
22678 -0.669067
22679 -0.672363
22680 -0.671265
22681 -0.676880
22682 -0.677734
22683 -0.667480
22684 -0.675903
22685 -0.670532
22686 -0.670166
22687 -0.665161
22688 -0.653687
22689 -0.650879
22690 -0.669678
22691 -0.684448
22692 -0.672485
22693 -0.668823
22694 -0.664673
22695 -0.660278
22696 -0.676147
22697 -0.677246
22698 -0.688354
22699 -0.681641
22700 -0.679199
22701 -0.676880
22702 -0.687988
22703 -0.693726
22704 -0.699585
22705 -0.697388
22706 -0.681519
22707 -0.687134
22708 -0.697754
22709 -0.703735
22710 -0.703125
22711 -0.694580
22712 -0.689453
22713 -0.675659
22714 -0.664307
22715 -0.649414
22716 -0.645142
22717 -0.640259
22718 -0.660034
22719 -0.662720
22720 -0.677124
22721 -0.675293
22722 -0.685913
22723 -0.683105
22724 -0.668823
22725 -0.684570
22726 -0.678467
22727 -0.673950
22728 -0.669189
22729 -0.680664
22730 -0.678589
22731 -0.670166
22732 -0.649780
22733 -0.653320
22734 -0.668579
22735 -0.675049
22736 -0.681152
22737 -0.697754
22738 -0.700073
22739 -0.706665
22740 -0.702515
22741 -0.703735
22742 -0.718018
22743 -0.716797
22744 -0.705322
22745 -0.720581
22746 -0.710083
22747 -0.728149
22748 -0.731567
22749 -0.728882
22750 -0.713379
22751 -0.713501
22752 -0.718750
22753 -0.723877
22754 -0.701416
22755 -0.697754
22756 -0.711426
22757 -0.704224
22758 -0.716187
22759 -0.708740
22760 -0.736084
22761 -0.711914
22762 -0.717163
22763 -0.733154
22764 -0.733154
22765 -0.717407
22766 -0.718262
22767 -0.714844
22768 -0.718872
22769 -0.703857
22770 -0.700806
22771 -0.690186
22772 -0.690552
22773 -0.682251
22774 -0.713257
22775 -0.706421
22776 -0.691650
22777 -0.691528
22778 -0.699951
22779 -0.686768
22780 -0.702759
22781 -0.698364
22782 -0.699219
22783 -0.699219
22784 -0.683228
22785 -0.704468
22786 -0.711548
22787 -0.726440
22788 -0.707031
22789 -0.716675
22790 -0.720825
22791 -0.721558
22792 -0.706665
22793 -0.698486
22794 -0.685913
22795 -0.687378
22796 -0.681274
22797 -0.680298
22798 -0.664673
22799 -0.655884
22800 -0.652832
22801 -0.656372
22802 -0.661499
22803 -0.672729
22804 -0.679443
22805 -0.669067
22806 -0.651733
22807 -0.666138
22808 -0.687256
22809 -0.690918
22810 -0.693115
22811 -0.687012
22812 -0.715698
22813 -0.732788
22814 -0.721802
22815 -0.719482
22816 -0.713989
22817 -0.705322
22818 -0.697998
22819 -0.717651
22820 -0.713379
22821 -0.713257
22822 -0.720337
22823 -0.725464
22824 -0.722656
22825 -0.714111
22826 -0.719849
22827 -0.724976
22828 -0.721436
22829 -0.720337
22830 -0.716919
22831 -0.717285
22832 -0.714600
22833 -0.702515
22834 -0.697510
22835 -0.688232
22836 -0.679565
22837 -0.685181
22838 -0.682861
22839 -0.680542
22840 -0.671997
22841 -0.682251
22842 -0.686523
22843 -0.681763
22844 -0.671875
22845 -0.688110
22846 -0.671387
22847 -0.679565
22848 -0.662598
22849 -0.648315
22850 -0.647949
22851 -0.660767
22852 -0.667358
22853 -0.675049
22854 -0.681152
22855 -0.674683
22856 -0.680664
22857 -0.682251
22858 -0.699707
22859 -0.681152
22860 -0.687134
22861 -0.684204
22862 -0.682739
22863 -0.668701
22864 -0.680542
22865 -0.707153
22866 -0.704102
22867 -0.709473
22868 -0.713745
22869 -0.731567
22870 -0.707153
22871 -0.698730
22872 -0.669067
22873 -0.683838
22874 -0.684082
22875 -0.663818
22876 -0.675659
22877 -0.693359
22878 -0.708374
22879 -0.723022
22880 -0.703735
22881 -0.709595
22882 -0.716309
22883 -0.724609
22884 -0.734253
22885 -0.722900
22886 -0.726318
22887 -0.714600
22888 -0.707886
22889 -0.701294
22890 -0.697388
22891 -0.705200
22892 -0.731323
22893 -0.714111
22894 -0.721313
22895 -0.715942
22896 -0.711670
22897 -0.711182
22898 -0.734253
22899 -0.733887
22900 -0.733521
22901 -0.718994
22902 -0.716309
22903 -0.710327
22904 -0.716919
22905 -0.704834
22906 -0.704590
22907 -0.699097
22908 -0.701294
22909 -0.718506
22910 -0.712280
22911 -0.725464
22912 -0.736938
22913 -0.735718
22914 -0.741699
22915 -0.748291
22916 -0.751953
22917 -0.756470
22918 -0.743774
22919 -0.737183
22920 -0.730103
22921 -0.726318
22922 -0.728271
22923 -0.731323
22924 -0.710327
22925 -0.726074
22926 -0.725952
22927 -0.716553
22928 -0.732178
22929 -0.725464
22930 -0.737061
22931 -0.719971
22932 -0.714478
22933 -0.719971
22934 -0.725342
22935 -0.731445
22936 -0.751709
22937 -0.732422
22938 -0.720337
22939 -0.717163
22940 -0.725342
22941 -0.736206
22942 -0.751343
22943 -0.741455
22944 -0.731812
22945 -0.725952
22946 -0.718140
22947 -0.731689
22948 -0.735107
22949 -0.732178
22950 -0.722656
22951 -0.720459
22952 -0.718628
22953 -0.729736
22954 -0.722046
22955 -0.720337
22956 -0.711060
22957 -0.719727
22958 -0.734741
22959 -0.743042
22960 -0.744019
22961 -0.760742
22962 -0.736938
22963 -0.705322
22964 -0.718872
22965 -0.719360
22966 -0.716064
22967 -0.719116
22968 -0.704712
22969 -0.693604
22970 -0.701050
22971 -0.703857
22972 -0.711304
22973 -0.714111
22974 -0.685059
22975 -0.684204
22976 -0.680664
22977 -0.678467
22978 -0.682861
22979 -0.693970
22980 -0.714355
22981 -0.705688
22982 -0.713989
22983 -0.709473
22984 -0.716797
22985 -0.725708
22986 -0.722412
22987 -0.703491
22988 -0.710205
22989 -0.701172
22990 -0.688965
22991 -0.682373
22992 -0.692017
22993 -0.685181
22994 -0.689575
22995 -0.713867
22996 -0.727295
22997 -0.737183
22998 -0.745117
22999 -0.747314
23000 -0.740601
23001 -0.757935
23002 -0.760620
23003 -0.738892
23004 -0.753784
23005 -0.740356
23006 -0.757690
23007 -0.758423
23008 -0.747925
23009 -0.729004
23010 -0.721436
23011 -0.724243
23012 -0.731934
23013 -0.745850
23014 -0.734619
23015 -0.746094
23016 -0.752930
23017 -0.748291
23018 -0.736084
23019 -0.729126
23020 -0.734375
23021 -0.733032
23022 -0.722046
23023 -0.715576
23024 -0.694092
23025 -0.705688
23026 -0.715210
23027 -0.707397
23028 -0.700806
23029 -0.707886
23030 -0.699097
23031 -0.707520
23032 -0.713135
23033 -0.719604
23034 -0.729370
23035 -0.728760
23036 -0.722534
23037 -0.729492
23038 -0.721924
23039 -0.737549
23040 -0.729736
23041 -0.737915
23042 -0.741333
23043 -0.732178
23044 -0.719360
23045 -0.714600
23046 -0.701538
23047 -0.716187
23048 -0.697998
23049 -0.703125
23050 -0.710083
23051 -0.698120
23052 -0.707886
23053 -0.724976
23054 -0.710938
23055 -0.697388
23056 -0.708252
23057 -0.735474
23058 -0.737549
23059 -0.733154
23060 -0.723145
23061 -0.723511
23062 -0.723267
23063 -0.713745
23064 -0.708618
23065 -0.691895
23066 -0.694458
23067 -0.701050
23068 -0.700928
23069 -0.697754
23070 -0.711792
23071 -0.709595
23072 -0.712036
23073 -0.703613
23074 -0.707397
23075 -0.705811
23076 -0.696899
23077 -0.687500
23078 -0.702026
23079 -0.693359
23080 -0.671997
23081 -0.670410
23082 -0.675171
23083 -0.684814
23084 -0.672119
23085 -0.677124
23086 -0.666748
23087 -0.659668
23088 -0.653076
23089 -0.668457
23090 -0.657471
23091 -0.650635
23092 -0.649170
23093 -0.651855
23094 -0.645874
23095 -0.658325
23096 -0.645142
23097 -0.643555
23098 -0.639893
23099 -0.642700
23100 -0.638550
23101 -0.621948
23102 -0.639771
23103 -0.651611
23104 -0.644531
23105 -0.643188
23106 -0.645996
23107 -0.678833
23108 -0.672485
23109 -0.661621
23110 -0.667358
23111 -0.655762
23112 -0.653687
23113 -0.671875
23114 -0.678711
23115 -0.665894
23116 -0.660034
23117 -0.650391
23118 -0.641602
23119 -0.641846
23120 -0.652466
23121 -0.646973
23122 -0.628296
23123 -0.638062
23124 -0.643066
23125 -0.663818
23126 -0.656616
23127 -0.643921
23128 -0.663574
23129 -0.677368
23130 -0.683472
23131 -0.689087
23132 -0.681030
23133 -0.683105
23134 -0.680542
23135 -0.681519
23136 -0.682739
23137 -0.685181
23138 -0.706543
23139 -0.703979
23140 -0.694946
23141 -0.695068
23142 -0.690796
23143 -0.700317
23144 -0.681763
23145 -0.677002
23146 -0.682251
23147 -0.687988
23148 -0.680786
23149 -0.682983
23150 -0.695801
23151 -0.680298
23152 -0.677734
23153 -0.685425
23154 -0.683228
23155 -0.678223
23156 -0.682129
23157 -0.677612
23158 -0.668091
23159 -0.696655
23160 -0.695435
23161 -0.693481
23162 -0.697998
23163 -0.704224
23164 -0.696289
23165 -0.703979
23166 -0.693848
23167 -0.666016
23168 -0.683105
23169 -0.687622
23170 -0.689819
23171 -0.681641
23172 -0.681519
23173 -0.680420
23174 -0.674561
23175 -0.686157
23176 -0.694580
23177 -0.696655
23178 -0.700073
23179 -0.705688
23180 -0.701660
23181 -0.698486
23182 -0.699341
23183 -0.702759
23184 -0.703003
23185 -0.696045
23186 -0.698730
23187 -0.700439
23188 -0.698975
23189 -0.680542
23190 -0.693115
23191 -0.688843
23192 -0.687256
23193 -0.698853
23194 -0.696045
23195 -0.672852
23196 -0.692261
23197 -0.705811
23198 -0.692505
23199 -0.683350
23200 -0.681519
23201 -0.681641
23202 -0.702271
23203 -0.694336
23204 -0.702148
23205 -0.689209
23206 -0.657349
23207 -0.660889
23208 -0.657959
23209 -0.662354
23210 -0.649292
23211 -0.651733
23212 -0.630859
23213 -0.637451
23214 -0.611572
23215 -0.632935
23216 -0.655762
23217 -0.640625
23218 -0.633667
23219 -0.659058
23220 -0.636841
23221 -0.629883
23222 -0.625122
23223 -0.637695
23224 -0.635742
23225 -0.633911
23226 -0.621094
23227 -0.640625
23228 -0.642700
23229 -0.630371
23230 -0.631592
23231 -0.634644
23232 -0.620117
23233 -0.613281
23234 -0.615234
23235 -0.621216
23236 -0.626587
23237 -0.634521
23238 -0.644409
23239 -0.650269
23240 -0.636963
23241 -0.640625
23242 -0.637573
23243 -0.637939
23244 -0.645142
23245 -0.621948
23246 -0.620361
23247 -0.625977
23248 -0.631958
23249 -0.625244
23250 -0.615112
23251 -0.629272
23252 -0.653076
23253 -0.664795
23254 -0.669678
23255 -0.680054
23256 -0.671387
23257 -0.688721
23258 -0.704956
23259 -0.707275
23260 -0.710693
23261 -0.700195
23262 -0.692139
23263 -0.680054
23264 -0.678345
23265 -0.685181
23266 -0.670776
23267 -0.662720
23268 -0.670410
23269 -0.672607
23270 -0.678833
23271 -0.675049
23272 -0.686401
23273 -0.672974
23274 -0.682739
23275 -0.663574
23276 -0.653076
23277 -0.653076
23278 -0.651733
23279 -0.651245
23280 -0.659668
23281 -0.657471
23282 -0.660156
23283 -0.649536
23284 -0.648193
23285 -0.640503
23286 -0.641113
23287 -0.664063
23288 -0.676880
23289 -0.686646
23290 -0.684937
23291 -0.692139
23292 -0.687012
23293 -0.672607
23294 -0.688477
23295 -0.684937
23296 -0.678223
23297 -0.697144
23298 -0.708618
23299 -0.710571
23300 -0.698975
23301 -0.688354
23302 -0.692871
23303 -0.705933
23304 -0.695435
23305 -0.702881
23306 -0.704102
23307 -0.698364
23308 -0.707153
23309 -0.718384
23310 -0.711426
23311 -0.711914
23312 -0.725952
23313 -0.733643
23314 -0.734985
23315 -0.740723
23316 -0.751099
23317 -0.738525
23318 -0.726196
23319 -0.725952
23320 -0.706299
23321 -0.711792
23322 -0.708008
23323 -0.715332
23324 -0.722534
23325 -0.709595
23326 -0.704956
23327 -0.698486
23328 -0.691406
23329 -0.690186
23330 -0.686523
23331 -0.684204
23332 -0.685547
23333 -0.688965
23334 -0.689575
23335 -0.697632
23336 -0.706055
23337 -0.708984
23338 -0.696045
23339 -0.699463
23340 -0.663452
23341 -0.670166
23342 -0.673584
23343 -0.674805
23344 -0.674316
23345 -0.676758
23346 -0.677124
23347 -0.672241
23348 -0.660156
23349 -0.658325
23350 -0.661743
23351 -0.640381
23352 -0.645264
23353 -0.659790
23354 -0.658203
23355 -0.636963
23356 -0.626953
23357 -0.625366
23358 -0.635376
23359 -0.635864
23360 -0.622314
23361 -0.624390
23362 -0.623657
23363 -0.614746
23364 -0.626831
23365 -0.614380
23366 -0.618530
23367 -0.625488
23368 -0.639282
23369 -0.651123
23370 -0.644775
23371 -0.648315
23372 -0.656372
23373 -0.658081
23374 -0.645386
23375 -0.659912
23376 -0.643921
23377 -0.645264
23378 -0.646729
23379 -0.647461
23380 -0.656738
23381 -0.646118
23382 -0.663452
23383 -0.666504
23384 -0.650024
23385 -0.633789
23386 -0.634888
23387 -0.630493
23388 -0.604248
23389 -0.609741
23390 -0.601563
23391 -0.601196
23392 -0.608887
23393 -0.599121
23394 -0.586304
23395 -0.592651
23396 -0.583374
23397 -0.583130
23398 -0.591675
23399 -0.585571
23400 -0.581787
23401 -0.588989
23402 -0.595337
23403 -0.598877
23404 -0.596558
23405 -0.628296
23406 -0.640991
23407 -0.615234
23408 -0.605591
23409 -0.605957
23410 -0.600830
23411 -0.600952
23412 -0.601440
23413 -0.591431
23414 -0.627319
23415 -0.631958
23416 -0.606445
23417 -0.592651
23418 -0.589355
23419 -0.622925
23420 -0.649048
23421 -0.629395
23422 -0.618652
23423 -0.625854
23424 -0.612183
23425 -0.610229
23426 -0.596191
23427 -0.602783
23428 -0.593628
23429 -0.600586
23430 -0.603882
23431 -0.603271
23432 -0.613525
23433 -0.602173
23434 -0.606201
23435 -0.607422
23436 -0.635132
23437 -0.642456
23438 -0.635620
23439 -0.632568
23440 -0.622803
23441 -0.617432
23442 -0.627563
23443 -0.630737
23444 -0.634155
23445 -0.666138
23446 -0.645630
23447 -0.643188
23448 -0.620239
23449 -0.636230
23450 -0.641357
23451 -0.651978
23452 -0.639404
23453 -0.648926
23454 -0.630615
23455 -0.641602
23456 -0.637817
23457 -0.638550
23458 -0.640869
23459 -0.647827
23460 -0.635498
23461 -0.648071
23462 -0.657959
23463 -0.658936
23464 -0.651367
23465 -0.643311
23466 -0.652588
23467 -0.646973
23468 -0.656494
23469 -0.682373
23470 -0.673584
23471 -0.678711
23472 -0.663452
23473 -0.659668
23474 -0.668823
23475 -0.664673
23476 -0.650024
23477 -0.642700
23478 -0.633301
23479 -0.626221
23480 -0.608398
23481 -0.615479
23482 -0.617310
23483 -0.583008
23484 -0.585815
23485 -0.589844
23486 -0.591064
23487 -0.578247
23488 -0.571411
23489 -0.557495
23490 -0.553711
23491 -0.547119
23492 -0.566772
23493 -0.555298
23494 -0.556152
23495 -0.559570
23496 -0.530518
23497 -0.542969
23498 -0.529175
23499 -0.528076
23500 -0.540894
23501 -0.535034
23502 -0.539795
23503 -0.547852
23504 -0.544678
23505 -0.551392
23506 -0.550293
23507 -0.561523
23508 -0.562256
23509 -0.572632
23510 -0.579834
23511 -0.576538
23512 -0.561768
23513 -0.559082
23514 -0.563110
23515 -0.557129
23516 -0.551758
23517 -0.570313
23518 -0.569092
23519 -0.574219
23520 -0.576904
23521 -0.577271
23522 -0.586792
23523 -0.595947
23524 -0.581055
23525 -0.589600
23526 -0.591919
23527 -0.595581
23528 -0.597656
23529 -0.569092
23530 -0.595459
23531 -0.590820
23532 -0.607544
23533 -0.607300
23534 -0.591431
23535 -0.595093
23536 -0.607056
23537 -0.610962
23538 -0.619629
23539 -0.598022
23540 -0.609863
23541 -0.623535
23542 -0.611816
23543 -0.605103
23544 -0.593384
23545 -0.569824
23546 -0.586914
23547 -0.579346
23548 -0.569702
23549 -0.552979
23550 -0.552246
23551 -0.557739
23552 -0.564819
23553 -0.555786
23554 -0.563721
23555 -0.576294
23556 -0.541992
23557 -0.565674
23558 -0.570923
23559 -0.576660
23560 -0.567993
23561 -0.575317
23562 -0.574707
23563 -0.564941
23564 -0.569214
23565 -0.566040
23566 -0.542847
23567 -0.533447
23568 -0.546509
23569 -0.517822
23570 -0.516235
23571 -0.524292
23572 -0.546753
23573 -0.542969
23574 -0.529907
23575 -0.542114
23576 -0.521484
23577 -0.504761
23578 -0.510986
23579 -0.509033
23580 -0.522339
23581 -0.517944
23582 -0.498169
23583 -0.518799
23584 -0.526978
23585 -0.521240
23586 -0.512939
23587 -0.516602
23588 -0.542969
23589 -0.580933
23590 -0.555420
23591 -0.568848
23592 -0.550781
23593 -0.536865
23594 -0.535400
23595 -0.542847
23596 -0.550903
23597 -0.545166
23598 -0.546753
23599 -0.551758
23600 -0.540649
23601 -0.542969
23602 -0.561890
23603 -0.578125
23604 -0.584595
23605 -0.567871
23606 -0.562500
23607 -0.564697
23608 -0.556152
23609 -0.565796
23610 -0.552612
23611 -0.544312
23612 -0.577515
23613 -0.580811
23614 -0.584961
23615 -0.576172
23616 -0.593506
23617 -0.586060
23618 -0.584839
23619 -0.587280
23620 -0.578003
23621 -0.574829
23622 -0.556641
23623 -0.531250
23624 -0.537720
23625 -0.543945
23626 -0.550781
23627 -0.536621
23628 -0.550171
23629 -0.548828
23630 -0.557861
23631 -0.567871
23632 -0.561279
23633 -0.556519
23634 -0.568726
23635 -0.607056
23636 -0.617920
23637 -0.609497
23638 -0.592407
23639 -0.581543
23640 -0.556885
23641 -0.573730
23642 -0.574585
23643 -0.563721
23644 -0.569336
23645 -0.577148
23646 -0.578613
23647 -0.558716
23648 -0.549194
23649 -0.564941
23650 -0.571899
23651 -0.578735
23652 -0.576172
23653 -0.577759
23654 -0.575317
23655 -0.574341
23656 -0.583496
23657 -0.587646
23658 -0.593872
23659 -0.590454
23660 -0.592896
23661 -0.585938
23662 -0.610840
23663 -0.625366
23664 -0.628540
23665 -0.620850
23666 -0.637573
23667 -0.647583
23668 -0.658203
23669 -0.656372
23670 -0.637207
23671 -0.640137
23672 -0.626587
23673 -0.612305
23674 -0.614502
23675 -0.600464
23676 -0.601318
23677 -0.601807
23678 -0.606567
23679 -0.619385
23680 -0.620605
23681 -0.624268
23682 -0.620483
23683 -0.620117
23684 -0.628540
23685 -0.619873
23686 -0.623047
23687 -0.630371
23688 -0.609375
23689 -0.595703
23690 -0.600342
23691 -0.604126
23692 -0.605957
23693 -0.588867
23694 -0.589111
23695 -0.612183
23696 -0.611450
23697 -0.596191
23698 -0.604980
23699 -0.602661
23700 -0.623535
23701 -0.615356
23702 -0.623657
23703 -0.623779
23704 -0.628174
23705 -0.625488
23706 -0.631470
23707 -0.626831
23708 -0.613647
23709 -0.612183
23710 -0.603516
23711 -0.624756
23712 -0.625854
23713 -0.636963
23714 -0.628784
23715 -0.628662
23716 -0.618042
23717 -0.601440
23718 -0.607300
23719 -0.614990
23720 -0.614014
23721 -0.623657
23722 -0.631104
23723 -0.620728
23724 -0.631470
23725 -0.643799
23726 -0.643311
23727 -0.638428
23728 -0.638306
23729 -0.622803
23730 -0.614258
23731 -0.627930
23732 -0.637695
23733 -0.634888
23734 -0.627319
23735 -0.633911
23736 -0.614990
23737 -0.617798
23738 -0.616821
23739 -0.609009
23740 -0.615234
23741 -0.627319
23742 -0.604736
23743 -0.614624
23744 -0.614624
23745 -0.628662
23746 -0.613037
23747 -0.621216
23748 -0.619629
23749 -0.625366
23750 -0.632813
23751 -0.634644
23752 -0.643799
23753 -0.628174
23754 -0.636108
23755 -0.638306
23756 -0.641724
23757 -0.646851
23758 -0.654419
23759 -0.660645
23760 -0.666016
23761 -0.642456
23762 -0.638550
23763 -0.633057
23764 -0.619995
23765 -0.616943
23766 -0.638062
23767 -0.646240
23768 -0.646729
23769 -0.637695
23770 -0.633057
23771 -0.621704
23772 -0.621460
23773 -0.625854
23774 -0.624512
23775 -0.617432
23776 -0.610107
23777 -0.592896
23778 -0.586182
23779 -0.574707
23780 -0.579834
23781 -0.590820
23782 -0.605347
23783 -0.602905
23784 -0.597656
23785 -0.598999
23786 -0.615723
23787 -0.625366
23788 -0.627808
23789 -0.636475
23790 -0.624390
23791 -0.620728
23792 -0.597778
23793 -0.593140
23794 -0.595703
23795 -0.598755
23796 -0.583618
23797 -0.577026
23798 -0.572876
23799 -0.557861
23800 -0.556396
23801 -0.554077
23802 -0.553833
23803 -0.546143
23804 -0.560425
23805 -0.565308
23806 -0.563965
23807 -0.571289
23808 -0.579956
23809 -0.570801
23810 -0.572876
23811 -0.576660
23812 -0.578735
23813 -0.579712
23814 -0.572510
23815 -0.591309
23816 -0.590698
23817 -0.584106
23818 -0.603271
23819 -0.603760
23820 -0.598145
23821 -0.602905
23822 -0.598511
23823 -0.591553
23824 -0.579224
23825 -0.587891
23826 -0.603516
23827 -0.612671
23828 -0.618042
23829 -0.615845
23830 -0.631226
23831 -0.623291
23832 -0.628540
23833 -0.632813
23834 -0.618530
23835 -0.614746
23836 -0.616455
23837 -0.619995
23838 -0.617188
23839 -0.624756
23840 -0.639160
23841 -0.646240
23842 -0.655640
23843 -0.681274
23844 -0.660522
23845 -0.680298
23846 -0.702515
23847 -0.680786
23848 -0.678467
23849 -0.670288
23850 -0.680298
23851 -0.677734
23852 -0.665161
23853 -0.654785
23854 -0.648071
23855 -0.655396
23856 -0.658325
23857 -0.634644
23858 -0.636841
23859 -0.635742
23860 -0.630371
23861 -0.646240
23862 -0.635132
23863 -0.649902
23864 -0.643433
23865 -0.638428
23866 -0.626709
23867 -0.642578
23868 -0.616211
23869 -0.623169
23870 -0.620605
23871 -0.632446
23872 -0.634399
23873 -0.633789
23874 -0.630005
23875 -0.623779
23876 -0.616699
23877 -0.624634
23878 -0.625488
23879 -0.637085
23880 -0.623535
23881 -0.625366
23882 -0.631470
23883 -0.617188
23884 -0.597046
23885 -0.620361
23886 -0.608276
23887 -0.607788
23888 -0.606689
23889 -0.605225
23890 -0.598877
23891 -0.581787
23892 -0.566040
23893 -0.572510
23894 -0.593994
23895 -0.601318
23896 -0.595215
23897 -0.603516
23898 -0.634766
23899 -0.636108
23900 -0.625488
23901 -0.613525
23902 -0.602661
23903 -0.619507
23904 -0.588135
23905 -0.581909
23906 -0.584839
23907 -0.565918
23908 -0.590820
23909 -0.596802
23910 -0.597412
23911 -0.602295
23912 -0.619507
23913 -0.630249
23914 -0.636841
23915 -0.640747
23916 -0.645386
23917 -0.660645
23918 -0.664917
23919 -0.645996
23920 -0.666138
23921 -0.646851
23922 -0.659180
23923 -0.654663
23924 -0.663574
23925 -0.675659
23926 -0.687988
23927 -0.706665
23928 -0.710083
23929 -0.712036
23930 -0.711670
23931 -0.707520
23932 -0.710083
23933 -0.735474
23934 -0.724609
23935 -0.723999
23936 -0.730469
23937 -0.718018
23938 -0.744873
23939 -0.750610
23940 -0.754639
23941 -0.743774
23942 -0.737061
23943 -0.753174
23944 -0.754395
23945 -0.751099
23946 -0.762207
23947 -0.770142
23948 -0.757202
23949 -0.731201
23950 -0.729126
23951 -0.735962
23952 -0.736938
23953 -0.736938
23954 -0.743774
23955 -0.739868
23956 -0.734375
23957 -0.748901
23958 -0.755493
23959 -0.756348
23960 -0.753174
23961 -0.760376
23962 -0.754761
23963 -0.765869
23964 -0.776978
23965 -0.769043
23966 -0.766235
23967 -0.745972
23968 -0.742920
23969 -0.731323
23970 -0.729614
23971 -0.709229
23972 -0.726563
23973 -0.725098
23974 -0.719360
23975 -0.713989
23976 -0.711182
23977 -0.719849
23978 -0.712524
23979 -0.721924
23980 -0.717407
23981 -0.714355
23982 -0.713745
23983 -0.731567
23984 -0.734497
23985 -0.706909
23986 -0.702393
23987 -0.717285
23988 -0.707520
23989 -0.700317
23990 -0.702148
23991 -0.742065
23992 -0.734131
23993 -0.727051
23994 -0.727661
23995 -0.729370
23996 -0.735352
23997 -0.736938
23998 -0.725342
23999 -0.740356
24000 -0.745117
24001 -0.755981
24002 -0.739258
24003 -0.760132
24004 -0.760986
24005 -0.780762
24006 -0.768799
24007 -0.754761
24008 -0.761719
24009 -0.761841
24010 -0.777954
24011 -0.770142
24012 -0.763550
24013 -0.756348
24014 -0.750244
24015 -0.735474
24016 -0.718262
24017 -0.697388
24018 -0.719727
24019 -0.713623
24020 -0.720947
24021 -0.729248
24022 -0.722412
24023 -0.702026
24024 -0.710327
24025 -0.722412
24026 -0.712402
24027 -0.719849
24028 -0.704346
24029 -0.717163
24030 -0.724854
24031 -0.725220
24032 -0.724121
24033 -0.709717
24034 -0.719116
24035 -0.719116
24036 -0.729370
24037 -0.727661
24038 -0.741699
24039 -0.738281
24040 -0.727295
24041 -0.732422
24042 -0.738281
24043 -0.718140
24044 -0.712036
24045 -0.698364
24046 -0.707886
24047 -0.691040
24048 -0.688354
24049 -0.697388
24050 -0.705444
24051 -0.697144
24052 -0.713257
24053 -0.730591
24054 -0.739014
24055 -0.726685
24056 -0.733643
24057 -0.750366
24058 -0.757324
24059 -0.754028
24060 -0.750000
24061 -0.752808
24062 -0.751343
24063 -0.749756
24064 -0.748535
24065 -0.747437
24066 -0.727661
24067 -0.743774
24068 -0.757568
24069 -0.750977
24070 -0.754517
24071 -0.757813
24072 -0.750610
24073 -0.749756
24074 -0.752197
24075 -0.746460
24076 -0.747681
24077 -0.747925
24078 -0.739380
24079 -0.734619
24080 -0.742310
24081 -0.747070
24082 -0.753784
24083 -0.753784
24084 -0.754761
24085 -0.754272
24086 -0.751709
24087 -0.755371
24088 -0.739746
24089 -0.737305
24090 -0.740479
24091 -0.731689
24092 -0.737671
24093 -0.746094
24094 -0.727173
24095 -0.720093
24096 -0.725708
24097 -0.721802
24098 -0.708740
24099 -0.707397
24100 -0.703857
24101 -0.695923
24102 -0.691895
24103 -0.693359
24104 -0.707397
24105 -0.698853
24106 -0.703369
24107 -0.713623
24108 -0.720215
24109 -0.715698
24110 -0.735596
24111 -0.721924
24112 -0.729858
24113 -0.723389
24114 -0.729736
24115 -0.726807
24116 -0.722900
24117 -0.711792
24118 -0.688843
24119 -0.675171
24120 -0.678711
24121 -0.714355
24122 -0.702759
24123 -0.708130
24124 -0.713989
24125 -0.710205
24126 -0.704712
24127 -0.710327
24128 -0.717163
24129 -0.717651
24130 -0.729370
24131 -0.724976
24132 -0.729126
24133 -0.742676
24134 -0.746216
24135 -0.721924
24136 -0.727539
24137 -0.726318
24138 -0.718262
24139 -0.726074
24140 -0.713867
24141 -0.712036
24142 -0.693115
24143 -0.694336
24144 -0.691406
24145 -0.686279
24146 -0.668091
24147 -0.675903
24148 -0.675293
24149 -0.677368
24150 -0.658447
24151 -0.658203
24152 -0.650635
24153 -0.661499
24154 -0.637085
24155 -0.629883
24156 -0.645874
24157 -0.642456
24158 -0.641479
24159 -0.646606
24160 -0.659546
24161 -0.682617
24162 -0.658081
24163 -0.665527
24164 -0.670654
24165 -0.676880
24166 -0.677490
24167 -0.652100
24168 -0.675171
24169 -0.670410
24170 -0.680908
24171 -0.673706
24172 -0.640259
24173 -0.637207
24174 -0.641113
24175 -0.655273
24176 -0.652954
24177 -0.647217
24178 -0.646240
24179 -0.668457
24180 -0.673706
24181 -0.681396
24182 -0.685181
24183 -0.690063
24184 -0.683594
24185 -0.682129
24186 -0.673950
24187 -0.666016
24188 -0.674316
24189 -0.655029
24190 -0.661621
24191 -0.661621
24192 -0.683105
24193 -0.687256
24194 -0.682007
24195 -0.690186
24196 -0.695557
24197 -0.701782
24198 -0.699707
24199 -0.683105
24200 -0.669678
24201 -0.670166
24202 -0.666504
24203 -0.676758
24204 -0.665771
24205 -0.661743
24206 -0.665649
24207 -0.668823
24208 -0.672607
24209 -0.681152
24210 -0.669800
24211 -0.656738
24212 -0.648682
24213 -0.649414
24214 -0.648071
24215 -0.661011
24216 -0.669189
24217 -0.670044
24218 -0.674072
24219 -0.650635
24220 -0.644897
24221 -0.639404
24222 -0.644775
24223 -0.662964
24224 -0.661255
24225 -0.657227
24226 -0.660767
24227 -0.665527
24228 -0.663208
24229 -0.661011
24230 -0.646606
24231 -0.648438
24232 -0.646729
24233 -0.659790
24234 -0.667236
24235 -0.660156
24236 -0.652710
24237 -0.654541
24238 -0.635742
24239 -0.636353
24240 -0.640991
24241 -0.642700
24242 -0.640381
24243 -0.656372
24244 -0.647217
24245 -0.640625
24246 -0.625000
24247 -0.647461
24248 -0.643677
24249 -0.649902
24250 -0.639404
24251 -0.646362
24252 -0.644043
24253 -0.632690
24254 -0.627441
24255 -0.642090
24256 -0.643555
24257 -0.640137
24258 -0.635254
24259 -0.622314
24260 -0.607788
24261 -0.617310
24262 -0.610718
24263 -0.609985
24264 -0.608032
24265 -0.623047
24266 -0.638794
24267 -0.630127
24268 -0.611450
24269 -0.614380
24270 -0.619019
24271 -0.630249
24272 -0.613647
24273 -0.595093
24274 -0.595215
24275 -0.589478
24276 -0.585815
24277 -0.582153
24278 -0.580444
24279 -0.581177
24280 -0.581543
24281 -0.571899
24282 -0.588379
24283 -0.598389
24284 -0.606689
24285 -0.600952
24286 -0.582642
24287 -0.609497
24288 -0.612671
24289 -0.603394
24290 -0.608887
24291 -0.612793
24292 -0.615356
24293 -0.592407
24294 -0.592896
24295 -0.578979
24296 -0.567749
24297 -0.563477
24298 -0.575806
24299 -0.584717
24300 -0.600708
24301 -0.618408
24302 -0.589844
24303 -0.616211
24304 -0.635010
24305 -0.633423
24306 -0.618652
24307 -0.616333
24308 -0.592773
24309 -0.595703
24310 -0.582642
24311 -0.599365
24312 -0.619995
24313 -0.627930
24314 -0.638428
24315 -0.644165
24316 -0.630981
24317 -0.626343
24318 -0.620728
24319 -0.648193
24320 -0.644165
24321 -0.649780
24322 -0.669312
24323 -0.677246
24324 -0.680786
24325 -0.681274
24326 -0.676880
24327 -0.682373
24328 -0.689453
24329 -0.702148
24330 -0.706909
24331 -0.695190
24332 -0.696411
24333 -0.686157
24334 -0.673828
24335 -0.671875
24336 -0.687256
24337 -0.685791
24338 -0.685059
24339 -0.691528
24340 -0.678467
24341 -0.692871
24342 -0.702271
24343 -0.694702
24344 -0.679932
24345 -0.698853
24346 -0.684204
24347 -0.694458
24348 -0.684204
24349 -0.685303
24350 -0.659668
24351 -0.653320
24352 -0.646729
24353 -0.644409
24354 -0.646973
24355 -0.652344
24356 -0.657715
24357 -0.637573
24358 -0.638550
24359 -0.650391
24360 -0.640625
24361 -0.644653
24362 -0.649292
24363 -0.638916
24364 -0.635986
24365 -0.642212
24366 -0.633789
24367 -0.634521
24368 -0.631470
24369 -0.626953
24370 -0.626953
24371 -0.635010
24372 -0.619995
24373 -0.619263
24374 -0.627441
24375 -0.612061
24376 -0.599487
24377 -0.601196
24378 -0.612305
24379 -0.595825
24380 -0.566772
24381 -0.566406
24382 -0.566650
24383 -0.564087
24384 -0.566895
24385 -0.579468
24386 -0.564331
24387 -0.576782
24388 -0.583740
24389 -0.589478
24390 -0.589844
24391 -0.604858
24392 -0.592163
24393 -0.588745
24394 -0.581665
24395 -0.583130
24396 -0.595703
24397 -0.608887
24398 -0.609619
24399 -0.612671
24400 -0.621094
24401 -0.614380
24402 -0.628418
24403 -0.609131
24404 -0.609497
24405 -0.606689
24406 -0.613159
24407 -0.613525
24408 -0.613892
24409 -0.617188
24410 -0.623901
24411 -0.619263
24412 -0.620972
24413 -0.619995
24414 -0.624390
24415 -0.631714
24416 -0.612549
24417 -0.618164
24418 -0.626343
24419 -0.620361
24420 -0.630981
24421 -0.618164
24422 -0.607178
24423 -0.618896
24424 -0.617188
24425 -0.603882
24426 -0.593994
24427 -0.598267
24428 -0.609131
24429 -0.611328
24430 -0.611328
24431 -0.609863
24432 -0.601440
24433 -0.598999
24434 -0.593140
24435 -0.595947
24436 -0.586914
24437 -0.591797
24438 -0.593262
24439 -0.593140
24440 -0.599365
24441 -0.591431
24442 -0.593750
24443 -0.586548
24444 -0.591675
24445 -0.584717
24446 -0.594116
24447 -0.598511
24448 -0.589233
24449 -0.615479
24450 -0.618896
24451 -0.614258
24452 -0.613892
24453 -0.629761
24454 -0.636963
24455 -0.648560
24456 -0.654419
24457 -0.646729
24458 -0.643677
24459 -0.645630
24460 -0.657104
24461 -0.646973
24462 -0.660522
24463 -0.669678
24464 -0.670044
24465 -0.674561
24466 -0.651489
24467 -0.667114
24468 -0.660889
24469 -0.661377
24470 -0.677002
24471 -0.684814
24472 -0.680420
24473 -0.660645
24474 -0.666138
24475 -0.652710
24476 -0.659668
24477 -0.662598
24478 -0.664551
24479 -0.660034
24480 -0.666260
24481 -0.687134
24482 -0.698608
24483 -0.691040
24484 -0.686768
24485 -0.696289
24486 -0.685425
24487 -0.677124
24488 -0.688110
24489 -0.689087
24490 -0.686523
24491 -0.670288
24492 -0.666748
24493 -0.670044
24494 -0.670532
24495 -0.674561
24496 -0.664429
24497 -0.658081
24498 -0.642822
24499 -0.663818
24500 -0.649170
24501 -0.676758
24502 -0.683838
24503 -0.696167
24504 -0.694702
24505 -0.692627
24506 -0.692749
24507 -0.687378
24508 -0.706055
24509 -0.693115
24510 -0.700317
24511 -0.685669
24512 -0.694458
24513 -0.709229
24514 -0.703857
24515 -0.715942
24516 -0.706177
24517 -0.701660
24518 -0.705933
24519 -0.713623
24520 -0.713257
24521 -0.715576
24522 -0.711060
24523 -0.721436
24524 -0.724365
24525 -0.706665
24526 -0.707764
24527 -0.712646
24528 -0.686279
24529 -0.675781
24530 -0.668213
24531 -0.671387
24532 -0.665894
24533 -0.655762
24534 -0.650879
24535 -0.652588
24536 -0.658813
24537 -0.669189
24538 -0.675171
24539 -0.657104
24540 -0.654419
24541 -0.682983
24542 -0.670410
24543 -0.663452
24544 -0.653442
24545 -0.646118
24546 -0.661377
24547 -0.657227
24548 -0.658936
24549 -0.672363
24550 -0.679688
24551 -0.668213
24552 -0.661987
24553 -0.638306
24554 -0.620728
24555 -0.625732
24556 -0.625732
24557 -0.635132
24558 -0.650146
24559 -0.648560
24560 -0.645874
24561 -0.669922
24562 -0.669800
24563 -0.672363
24564 -0.681152
24565 -0.684692
24566 -0.698853
24567 -0.680786
24568 -0.696045
24569 -0.718384
24570 -0.731079
24571 -0.739502
24572 -0.723511
24573 -0.709229
24574 -0.712524
24575 -0.687988
24576 -0.685425
24577 -0.683472
24578 -0.687134
24579 -0.690796
24580 -0.701172
24581 -0.692505
24582 -0.687256
24583 -0.671265
24584 -0.674194
24585 -0.685181
24586 -0.690552
24587 -0.702148
24588 -0.709595
24589 -0.710327
24590 -0.723511
24591 -0.733398
24592 -0.716431
24593 -0.718872
24594 -0.723999
24595 -0.715942
24596 -0.719849
24597 -0.723633
24598 -0.736694
24599 -0.740723
24600 -0.718262
24601 -0.736328
24602 -0.746094
24603 -0.739990
24604 -0.754639
24605 -0.757935
24606 -0.756958
24607 -0.746094
24608 -0.737793
24609 -0.727051
24610 -0.723022
24611 -0.736206
24612 -0.730957
24613 -0.737305
24614 -0.730957
24615 -0.714966
24616 -0.725586
24617 -0.744385
24618 -0.728149
24619 -0.731934
24620 -0.739624
24621 -0.727417
24622 -0.718872
24623 -0.729614
24624 -0.704712
24625 -0.705078
24626 -0.708862
24627 -0.708496
24628 -0.704834
24629 -0.712646
24630 -0.731201
24631 -0.745239
24632 -0.757568
24633 -0.759399
24634 -0.756348
24635 -0.766357
24636 -0.770264
24637 -0.774902
24638 -0.758911
24639 -0.749390
24640 -0.749390
24641 -0.745483
24642 -0.716431
24643 -0.726563
24644 -0.741577
24645 -0.733887
24646 -0.750000
24647 -0.758057
24648 -0.752563
24649 -0.748901
24650 -0.742920
24651 -0.715942
24652 -0.694336
24653 -0.687866
24654 -0.687622
24655 -0.686890
24656 -0.677246
24657 -0.669922
24658 -0.653320
24659 -0.676636
24660 -0.682007
24661 -0.706787
24662 -0.721313
24663 -0.726074
24664 -0.696899
24665 -0.697388
24666 -0.699707
24667 -0.689819
24668 -0.688232
24669 -0.686279
24670 -0.685913
24671 -0.680176
24672 -0.694214
24673 -0.696777
24674 -0.700684
24675 -0.689697
24676 -0.686890
24677 -0.699219
24678 -0.713745
24679 -0.718140
24680 -0.704468
24681 -0.706421
24682 -0.705444
24683 -0.692993
24684 -0.672974
24685 -0.677368
24686 -0.689697
24687 -0.700317
24688 -0.714844
24689 -0.700928
24690 -0.703125
24691 -0.708862
24692 -0.710205
24693 -0.710571
24694 -0.709717
24695 -0.729370
24696 -0.715210
24697 -0.718750
24698 -0.725464
24699 -0.721802
24700 -0.742920
24701 -0.736572
24702 -0.731445
24703 -0.742310
24704 -0.740112
24705 -0.750732
24706 -0.748779
24707 -0.737915
24708 -0.739746
24709 -0.729736
24710 -0.730957
24711 -0.721802
24712 -0.718018
24713 -0.731079
24714 -0.745361
24715 -0.731567
24716 -0.707031
24717 -0.707642
24718 -0.705566
24719 -0.702637
24720 -0.695068
24721 -0.689697
24722 -0.698242
24723 -0.708618
24724 -0.695801
24725 -0.690918
24726 -0.693848
24727 -0.707397
24728 -0.698120
24729 -0.705933
24730 -0.707031
24731 -0.705933
24732 -0.708740
24733 -0.707397
24734 -0.707764
24735 -0.686279
24736 -0.704468
24737 -0.702148
24738 -0.709106
24739 -0.701294
24740 -0.710815
24741 -0.692261
24742 -0.683716
24743 -0.702148
24744 -0.715576
24745 -0.719238
24746 -0.711304
24747 -0.714111
24748 -0.708740
24749 -0.726440
24750 -0.724976
24751 -0.726685
24752 -0.724121
24753 -0.738892
24754 -0.735107
24755 -0.732056
24756 -0.713623
24757 -0.724121
24758 -0.728394
24759 -0.728638
24760 -0.726563
24761 -0.734253
24762 -0.736450
24763 -0.720459
24764 -0.702637
24765 -0.702515
24766 -0.711304
24767 -0.711914
24768 -0.719849
24769 -0.721558
24770 -0.706909
24771 -0.711304
24772 -0.710205
24773 -0.718872
24774 -0.713135
24775 -0.713623
24776 -0.706543
24777 -0.686890
24778 -0.681763
24779 -0.667480
24780 -0.693481
24781 -0.708984
24782 -0.718262
24783 -0.719604
24784 -0.722046
24785 -0.727295
24786 -0.740845
24787 -0.733032
24788 -0.723267
24789 -0.724731
24790 -0.711914
24791 -0.716919
24792 -0.728271
24793 -0.747803
24794 -0.735596
24795 -0.728882
24796 -0.742432
24797 -0.735718
24798 -0.730225
24799 -0.735107
24800 -0.740356
24801 -0.735107
24802 -0.733398
24803 -0.732056
24804 -0.723145
24805 -0.740601
24806 -0.738647
24807 -0.743164
24808 -0.738892
24809 -0.742310
24810 -0.752930
24811 -0.756470
24812 -0.761841
24813 -0.752441
24814 -0.740723
24815 -0.736938
24816 -0.729370
24817 -0.734009
24818 -0.741699
24819 -0.730103
24820 -0.726196
24821 -0.704590
24822 -0.721069
24823 -0.700562
24824 -0.706543
24825 -0.693359
24826 -0.694824
24827 -0.709595
24828 -0.714111
24829 -0.714233
24830 -0.727661
24831 -0.732422
24832 -0.715576
24833 -0.701172
24834 -0.704956
24835 -0.723022
24836 -0.720825
24837 -0.736450
24838 -0.738281
24839 -0.737915
24840 -0.722046
24841 -0.741089
24842 -0.747192
24843 -0.747681
24844 -0.767212
24845 -0.766357
24846 -0.742310
24847 -0.747070
24848 -0.741699
24849 -0.734985
24850 -0.750610
24851 -0.752686
24852 -0.745850
24853 -0.753052
24854 -0.746094
24855 -0.741455
24856 -0.749390
24857 -0.754150
24858 -0.764771
24859 -0.769165
24860 -0.779297
24861 -0.758789
24862 -0.740356
24863 -0.748779
24864 -0.740479
24865 -0.750244
24866 -0.743408
24867 -0.753052
24868 -0.736206
24869 -0.730591
24870 -0.729492
24871 -0.740479
24872 -0.736450
24873 -0.723267
24874 -0.708374
24875 -0.694702
24876 -0.694336
24877 -0.690674
24878 -0.686523
24879 -0.673706
24880 -0.674561
24881 -0.670288
24882 -0.678589
24883 -0.700928
24884 -0.711060
24885 -0.707153
24886 -0.703857
24887 -0.704346
24888 -0.720215
24889 -0.705933
24890 -0.710449
24891 -0.705688
24892 -0.707397
24893 -0.711060
24894 -0.713623
24895 -0.709106
24896 -0.701294
24897 -0.698242
24898 -0.705322
24899 -0.717285
24900 -0.728394
24901 -0.735107
24902 -0.732788
24903 -0.734253
24904 -0.728027
24905 -0.718262
24906 -0.718750
24907 -0.722168
24908 -0.719360
24909 -0.730835
24910 -0.726196
24911 -0.729004
24912 -0.739990
24913 -0.741821
24914 -0.729980
24915 -0.732300
24916 -0.733398
24917 -0.739136
24918 -0.718994
24919 -0.704590
24920 -0.718750
24921 -0.708618
24922 -0.702148
24923 -0.700317
24924 -0.699951
24925 -0.683960
24926 -0.675781
24927 -0.684448
24928 -0.670044
24929 -0.660278
24930 -0.669678
24931 -0.668457
24932 -0.674683
24933 -0.663452
24934 -0.662109
24935 -0.677246
24936 -0.683228
24937 -0.682251
24938 -0.686646
24939 -0.674072
24940 -0.670410
24941 -0.677979
24942 -0.670898
24943 -0.670166
24944 -0.682739
24945 -0.657593
24946 -0.652466
24947 -0.654907
24948 -0.673462
24949 -0.677002
24950 -0.671387
24951 -0.659668
24952 -0.658936
24953 -0.664673
24954 -0.660278
24955 -0.656616
24956 -0.659180
24957 -0.660767
24958 -0.646240
24959 -0.635742
24960 -0.658691
24961 -0.666382
24962 -0.656738
24963 -0.669312
24964 -0.675049
24965 -0.679688
24966 -0.681641
24967 -0.684326
24968 -0.676514
24969 -0.668579
24970 -0.660400
24971 -0.663696
24972 -0.680298
24973 -0.674683
24974 -0.665039
24975 -0.661743
24976 -0.672363
24977 -0.683594
24978 -0.700806
24979 -0.689819
24980 -0.666382
24981 -0.676636
24982 -0.649902
24983 -0.640381
24984 -0.640381
24985 -0.630127
24986 -0.640259
24987 -0.654663
24988 -0.663696
24989 -0.646851
24990 -0.646362
24991 -0.631958
24992 -0.645996
24993 -0.645874
24994 -0.629883
24995 -0.649780
24996 -0.663574
24997 -0.654785
24998 -0.654053
24999 -0.648193
25000 -0.642700
25001 -0.657349
25002 -0.657837
25003 -0.670166
25004 -0.658081
25005 -0.666870
25006 -0.653809
25007 -0.637573
25008 -0.640991
25009 -0.628540
25010 -0.628296
25011 -0.629272
25012 -0.637573
25013 -0.627930
25014 -0.627075
25015 -0.641479
25016 -0.627930
25017 -0.611206
25018 -0.617310
25019 -0.630859
25020 -0.614624
25021 -0.609741
25022 -0.610107
25023 -0.609375
25024 -0.607056
25025 -0.619629
25026 -0.627441
25027 -0.621460
25028 -0.615601
25029 -0.615845
25030 -0.600708
25031 -0.601440
25032 -0.595459
25033 -0.591064
25034 -0.577393
25035 -0.586670
25036 -0.596191
25037 -0.595337
25038 -0.595581
25039 -0.593628
25040 -0.593506
25041 -0.582764
25042 -0.572144
25043 -0.581299
25044 -0.550415
25045 -0.543701
25046 -0.544678
25047 -0.536011
25048 -0.548218
25049 -0.555298
25050 -0.552002
25051 -0.561401
25052 -0.579102
25053 -0.583740
25054 -0.580688
25055 -0.581421
25056 -0.587524
25057 -0.582642
25058 -0.582642
25059 -0.586060
25060 -0.576538
25061 -0.611816
25062 -0.601074
25063 -0.620239
25064 -0.614990
25065 -0.614136
25066 -0.610352
25067 -0.608643
25068 -0.610229
25069 -0.603882
25070 -0.610474
25071 -0.606934
25072 -0.609131
25073 -0.601074
25074 -0.598145
25075 -0.566895
25076 -0.570801
25077 -0.564575
25078 -0.568970
25079 -0.567505
25080 -0.573364
25081 -0.586304
25082 -0.588013
25083 -0.599609
25084 -0.598145
25085 -0.609741
25086 -0.577515
25087 -0.588501
25088 -0.597046
25089 -0.591187
25090 -0.582642
25091 -0.570190
25092 -0.599609
25093 -0.589966
25094 -0.584473
25095 -0.592407
25096 -0.580566
25097 -0.576416
25098 -0.594971
25099 -0.605469
25100 -0.615479
25101 -0.625854
25102 -0.624756
25103 -0.628906
25104 -0.631714
25105 -0.618652
25106 -0.603516
25107 -0.616211
25108 -0.615479
25109 -0.612427
25110 -0.621826
25111 -0.617554
25112 -0.616943
25113 -0.616089
25114 -0.626831
25115 -0.641968
25116 -0.642578
25117 -0.632813
25118 -0.651001
25119 -0.660645
25120 -0.682861
25121 -0.678101
25122 -0.666626
25123 -0.661499
25124 -0.647583
25125 -0.651123
25126 -0.641357
25127 -0.638550
25128 -0.642334
25129 -0.655762
25130 -0.667358
25131 -0.657837
25132 -0.652222
25133 -0.662598
25134 -0.665894
25135 -0.661743
25136 -0.661865
25137 -0.651733
25138 -0.640991
25139 -0.619507
25140 -0.614502
25141 -0.626587
25142 -0.621948
25143 -0.629395
25144 -0.627808
25145 -0.623413
25146 -0.611084
25147 -0.622192
25148 -0.639160
25149 -0.651855
25150 -0.647949
25151 -0.640991
25152 -0.643066
25153 -0.645630
25154 -0.643555
25155 -0.658325
25156 -0.676514
25157 -0.668579
25158 -0.677246
25159 -0.684082
25160 -0.689575
25161 -0.691772
25162 -0.692139
25163 -0.706665
25164 -0.709595
25165 -0.708740
25166 -0.699097
25167 -0.688232
25168 -0.680420
25169 -0.666382
25170 -0.651489
25171 -0.668579
25172 -0.692505
25173 -0.704590
25174 -0.706421
25175 -0.690063
25176 -0.686523
25177 -0.686890
25178 -0.677490
25179 -0.661377
25180 -0.659424
25181 -0.647095
25182 -0.652832
25183 -0.657715
25184 -0.634033
25185 -0.636230
25186 -0.643433
25187 -0.636963
25188 -0.625732
25189 -0.607910
25190 -0.600952
25191 -0.586914
25192 -0.604980
25193 -0.611206
25194 -0.604004
25195 -0.611328
25196 -0.621338
25197 -0.618408
25198 -0.627930
25199 -0.640991
25200 -0.642456
25201 -0.633179
25202 -0.636230
25203 -0.639282
25204 -0.613403
25205 -0.607300
25206 -0.624756
25207 -0.638550
25208 -0.637695
25209 -0.638428
25210 -0.648804
25211 -0.660400
25212 -0.650024
25213 -0.638672
25214 -0.632813
25215 -0.624023
25216 -0.639404
25217 -0.615723
25218 -0.621094
25219 -0.609131
25220 -0.610474
25221 -0.605713
25222 -0.604126
25223 -0.610962
25224 -0.617798
25225 -0.597534
25226 -0.613525
25227 -0.620850
25228 -0.621094
25229 -0.606445
25230 -0.612793
25231 -0.615112
25232 -0.597168
25233 -0.572510
25234 -0.564331
25235 -0.548096
25236 -0.556885
25237 -0.556030
25238 -0.562744
25239 -0.564819
25240 -0.561768
25241 -0.568237
25242 -0.572876
25243 -0.571167
25244 -0.570313
25245 -0.569580
25246 -0.560303
25247 -0.556030
25248 -0.572876
25249 -0.594604
25250 -0.598511
25251 -0.617554
25252 -0.599976
25253 -0.599243
25254 -0.577515
25255 -0.571777
25256 -0.575806
25257 -0.570557
25258 -0.576538
25259 -0.573242
25260 -0.579468
25261 -0.583984
25262 -0.587158
25263 -0.577393
25264 -0.579834
25265 -0.586792
25266 -0.601318
25267 -0.581421
25268 -0.564697
25269 -0.559570
25270 -0.585449
25271 -0.571289
25272 -0.572388
25273 -0.563965
25274 -0.548828
25275 -0.574097
25276 -0.589478
25277 -0.587036
25278 -0.594604
25279 -0.595215
25280 -0.617065
25281 -0.622437
25282 -0.615967
25283 -0.605103
25284 -0.589600
25285 -0.599243
25286 -0.601074
25287 -0.602173
25288 -0.618164
25289 -0.613525
25290 -0.608276
25291 -0.624756
25292 -0.635498
25293 -0.650757
25294 -0.651733
25295 -0.674194
25296 -0.686157
25297 -0.669922
25298 -0.654053
25299 -0.656128
25300 -0.658936
25301 -0.653320
25302 -0.648193
25303 -0.672485
25304 -0.664185
25305 -0.666870
25306 -0.683228
25307 -0.687866
25308 -0.679688
25309 -0.694824
25310 -0.690674
25311 -0.686646
25312 -0.668091
25313 -0.669800
25314 -0.686523
25315 -0.663086
25316 -0.664795
25317 -0.675537
25318 -0.675171
25319 -0.670776
25320 -0.672241
25321 -0.654297
25322 -0.653076
25323 -0.666870
25324 -0.652588
25325 -0.651245
25326 -0.651367
25327 -0.672729
25328 -0.680054
25329 -0.701660
25330 -0.698730
25331 -0.695923
25332 -0.689575
25333 -0.677612
25334 -0.693848
25335 -0.692139
25336 -0.692749
25337 -0.690918
25338 -0.706055
25339 -0.704102
25340 -0.719482
25341 -0.723999
25342 -0.719360
25343 -0.714844
25344 -0.713745
25345 -0.709839
25346 -0.702637
25347 -0.698853
25348 -0.688843
25349 -0.691284
25350 -0.686523
25351 -0.687622
25352 -0.693115
25353 -0.694702
25354 -0.687988
25355 -0.687134
25356 -0.690674
25357 -0.683838
25358 -0.694458
25359 -0.693970
25360 -0.669800
25361 -0.665649
25362 -0.665405
25363 -0.664063
25364 -0.663208
25365 -0.675781
25366 -0.677612
25367 -0.666016
25368 -0.654785
25369 -0.641724
25370 -0.632080
25371 -0.638428
25372 -0.648193
25373 -0.646240
25374 -0.663696
25375 -0.670044
25376 -0.670410
25377 -0.684692
25378 -0.652588
25379 -0.647705
25380 -0.665283
25381 -0.663696
25382 -0.662964
25383 -0.660522
25384 -0.647461
25385 -0.664307
25386 -0.673584
25387 -0.669556
25388 -0.658569
25389 -0.651001
25390 -0.654785
25391 -0.669067
25392 -0.673340
25393 -0.668579
25394 -0.676025
25395 -0.703735
25396 -0.679565
25397 -0.655762
25398 -0.658203
25399 -0.687256
25400 -0.690796
25401 -0.685425
25402 -0.670898
25403 -0.658081
25404 -0.672363
25405 -0.666382
25406 -0.673828
25407 -0.679810
25408 -0.691284
25409 -0.699341
25410 -0.698364
25411 -0.692993
25412 -0.681152
25413 -0.691772
25414 -0.693848
25415 -0.699341
25416 -0.698486
25417 -0.697998
25418 -0.706543
25419 -0.702881
25420 -0.690918
25421 -0.693726
25422 -0.676758
25423 -0.645996
25424 -0.638794
25425 -0.639771
25426 -0.649414
25427 -0.654297
25428 -0.650757
25429 -0.653076
25430 -0.665161
25431 -0.662109
25432 -0.659302
25433 -0.655029
25434 -0.657837
25435 -0.672363
25436 -0.675903
25437 -0.683350
25438 -0.686523
25439 -0.685425
25440 -0.697144
25441 -0.699341
25442 -0.702271
25443 -0.698975
25444 -0.691406
25445 -0.672607
25446 -0.679565
25447 -0.681641
25448 -0.682861
25449 -0.683594
25450 -0.703979
25451 -0.690308
25452 -0.686890
25453 -0.701050
25454 -0.699585
25455 -0.695190
25456 -0.709351
25457 -0.710693
25458 -0.720581
25459 -0.710815
25460 -0.699463
25461 -0.703125
25462 -0.697632
25463 -0.690308
25464 -0.686035
25465 -0.667603
25466 -0.674072
25467 -0.679199
25468 -0.666382
25469 -0.659180
25470 -0.662842
25471 -0.663452
25472 -0.664551
25473 -0.661499
25474 -0.660278
25475 -0.666016
25476 -0.681641
25477 -0.683472
25478 -0.677002
25479 -0.666992
25480 -0.668945
25481 -0.666260
25482 -0.703003
25483 -0.713257
25484 -0.725952
25485 -0.729248
25486 -0.718262
25487 -0.721191
25488 -0.724609
25489 -0.731689
25490 -0.733643
25491 -0.716675
25492 -0.724854
25493 -0.718994
25494 -0.709229
25495 -0.725220
25496 -0.736816
25497 -0.733398
25498 -0.730103
25499 -0.737305
25500 -0.736450
25501 -0.749512
25502 -0.744263
25503 -0.770630
25504 -0.782471
25505 -0.755005
25506 -0.751221
25507 -0.744141
25508 -0.746094
25509 -0.750732
25510 -0.758789
25511 -0.735718
25512 -0.747437
25513 -0.728882
25514 -0.723022
25515 -0.707520
25516 -0.694458
25517 -0.694214
25518 -0.687866
25519 -0.688843
25520 -0.701050
25521 -0.696655
25522 -0.721436
25523 -0.722046
25524 -0.714722
25525 -0.716187
25526 -0.716431
25527 -0.706787
25528 -0.703735
25529 -0.705078
25530 -0.688843
25531 -0.690063
25532 -0.685059
25533 -0.679077
25534 -0.703735
25535 -0.684448
25536 -0.686157
25537 -0.684326
25538 -0.688110
25539 -0.690552
25540 -0.696777
25541 -0.696411
25542 -0.695923
25543 -0.708496
25544 -0.701538
25545 -0.696289
25546 -0.680420
25547 -0.683105
25548 -0.684326
25549 -0.685425
25550 -0.676636
25551 -0.665771
25552 -0.668335
25553 -0.669556
25554 -0.664795
25555 -0.675049
25556 -0.671143
25557 -0.688843
25558 -0.688232
25559 -0.688843
25560 -0.684937
25561 -0.675049
25562 -0.678467
25563 -0.661865
25564 -0.667114
25565 -0.663208
25566 -0.655151
25567 -0.673584
25568 -0.700928
25569 -0.706299
25570 -0.695068
25571 -0.706787
25572 -0.705811
25573 -0.678833
25574 -0.684082
25575 -0.683594
25576 -0.708130
25577 -0.704956
25578 -0.713989
25579 -0.720459
25580 -0.702637
25581 -0.709229
25582 -0.706299
25583 -0.720703
25584 -0.703369
25585 -0.700684
25586 -0.691162
25587 -0.700928
25588 -0.698853
25589 -0.706787
25590 -0.680176
25591 -0.672363
25592 -0.667847
25593 -0.686523
25594 -0.683228
25595 -0.682739
25596 -0.694214
25597 -0.689209
25598 -0.678589
25599 -0.675781
25600 -0.679688
25601 -0.692139
25602 -0.699829
25603 -0.687622
25604 -0.704346
25605 -0.697510
25606 -0.691772
25607 -0.707397
25608 -0.707886
25609 -0.713379
25610 -0.724731
25611 -0.719116
25612 -0.707520
25613 -0.712036
25614 -0.700928
25615 -0.699463
25616 -0.706909
25617 -0.694458
25618 -0.692749
25619 -0.705322
25620 -0.721191
25621 -0.714722
25622 -0.707764
25623 -0.700195
25624 -0.699097
25625 -0.708740
25626 -0.698730
25627 -0.705444
25628 -0.710205
25629 -0.696289
25630 -0.694580
25631 -0.700439
25632 -0.711670
25633 -0.710327
25634 -0.721558
25635 -0.713379
25636 -0.722656
25637 -0.737915
25638 -0.729492
25639 -0.739136
25640 -0.732544
25641 -0.718384
25642 -0.735474
25643 -0.726318
25644 -0.720703
25645 -0.736572
25646 -0.740234
25647 -0.739136
25648 -0.746704
25649 -0.743164
25650 -0.747070
25651 -0.736816
25652 -0.734985
25653 -0.736084
25654 -0.742798
25655 -0.732666
25656 -0.751831
25657 -0.740723
25658 -0.735718
25659 -0.731689
25660 -0.737915
25661 -0.741699
25662 -0.729248
25663 -0.734497
25664 -0.750244
25665 -0.740234
25666 -0.729004
25667 -0.708008
25668 -0.703613
25669 -0.689819
25670 -0.695190
25671 -0.710938
25672 -0.694946
25673 -0.692261
25674 -0.680908
25675 -0.689209
25676 -0.687744
25677 -0.694092
25678 -0.696899
25679 -0.703613
25680 -0.699463
25681 -0.716797
25682 -0.724365
25683 -0.722656
25684 -0.731812
25685 -0.731445
25686 -0.708008
25687 -0.698242
25688 -0.707642
25689 -0.733521
25690 -0.731079
25691 -0.720947
25692 -0.745605
25693 -0.739136
25694 -0.743408
25695 -0.739258
25696 -0.746094
25697 -0.747192
25698 -0.748535
25699 -0.744995
25700 -0.739380
25701 -0.732910
25702 -0.734497
25703 -0.730469
25704 -0.720337
25705 -0.713135
25706 -0.722046
25707 -0.713379
25708 -0.738403
25709 -0.746948
25710 -0.742065
25711 -0.749390
25712 -0.758545
25713 -0.758301
25714 -0.763306
25715 -0.748779
25716 -0.753906
25717 -0.734009
25718 -0.733643
25719 -0.719604
25720 -0.713989
25721 -0.710571
25722 -0.722900
25723 -0.716309
25724 -0.710815
25725 -0.721069
25726 -0.733398
25727 -0.735229
25728 -0.726196
25729 -0.725708
25730 -0.741211
25731 -0.752319
25732 -0.752075
25733 -0.752563
25734 -0.751709
25735 -0.757324
25736 -0.741699
25737 -0.738892
25738 -0.726318
25739 -0.713013
25740 -0.716797
25741 -0.702393
25742 -0.703247
25743 -0.713257
25744 -0.718628
25745 -0.722290
25746 -0.727051
25747 -0.713013
25748 -0.710327
25749 -0.704346
25750 -0.708374
25751 -0.703979
25752 -0.692139
25753 -0.681519
25754 -0.680908
25755 -0.707397
25756 -0.693726
25757 -0.702148
25758 -0.698120
25759 -0.693726
25760 -0.703735
25761 -0.708252
25762 -0.712280
25763 -0.704468
25764 -0.723999
25765 -0.713257
25766 -0.698608
25767 -0.703857
25768 -0.717041
25769 -0.708984
25770 -0.730469
25771 -0.724854
25772 -0.715332
25773 -0.720215
25774 -0.702271
25775 -0.706909
25776 -0.714966
25777 -0.702271
25778 -0.712769
25779 -0.716309
25780 -0.705811
25781 -0.692993
25782 -0.685913
25783 -0.690552
25784 -0.707275
25785 -0.681519
25786 -0.678833
25787 -0.660767
25788 -0.679932
25789 -0.667847
25790 -0.671631
25791 -0.696777
25792 -0.700317
25793 -0.707886
25794 -0.704956
25795 -0.693237
25796 -0.704712
25797 -0.709839
25798 -0.713135
25799 -0.716553
25800 -0.692627
25801 -0.689209
25802 -0.689087
25803 -0.680420
25804 -0.677612
25805 -0.652344
25806 -0.651855
25807 -0.652222
25808 -0.620605
25809 -0.638184
25810 -0.637817
25811 -0.621704
25812 -0.617676
25813 -0.609985
25814 -0.601074
25815 -0.594116
25816 -0.615112
25817 -0.607300
25818 -0.607666
25819 -0.636108
25820 -0.628174
25821 -0.624146
25822 -0.619873
25823 -0.609131
25824 -0.611572
25825 -0.643677
25826 -0.621826
25827 -0.616577
25828 -0.609009
25829 -0.605103
25830 -0.601440
25831 -0.589722
25832 -0.618286
25833 -0.621948
25834 -0.618042
25835 -0.639160
25836 -0.622437
25837 -0.615845
25838 -0.627441
25839 -0.645020
25840 -0.630615
25841 -0.633423
25842 -0.633545
25843 -0.638428
25844 -0.634766
25845 -0.638428
25846 -0.631592
25847 -0.641357
25848 -0.637695
25849 -0.649048
25850 -0.656250
25851 -0.664551
25852 -0.660034
25853 -0.660400
25854 -0.655151
25855 -0.660400
25856 -0.670044
25857 -0.664917
25858 -0.669678
25859 -0.668701
25860 -0.669189
25861 -0.669678
25862 -0.683472
25863 -0.677002
25864 -0.671021
25865 -0.666382
25866 -0.656372
25867 -0.668701
25868 -0.668945
25869 -0.673706
25870 -0.668457
25871 -0.670410
25872 -0.695435
25873 -0.683838
25874 -0.692749
25875 -0.685059
25876 -0.680664
25877 -0.691406
25878 -0.682007
25879 -0.696289
25880 -0.693359
25881 -0.671021
25882 -0.667480
25883 -0.659302
25884 -0.651733
25885 -0.656006
25886 -0.650635
25887 -0.663818
25888 -0.674316
25889 -0.674927
25890 -0.680786
25891 -0.659668
25892 -0.671753
25893 -0.673218
25894 -0.667969
25895 -0.670288
25896 -0.679932
25897 -0.677368
25898 -0.685303
25899 -0.666260
25900 -0.660522
25901 -0.643799
25902 -0.634033
25903 -0.650024
25904 -0.645020
25905 -0.641724
25906 -0.633179
25907 -0.639038
25908 -0.652344
25909 -0.666504
25910 -0.662354
25911 -0.653931
25912 -0.663208
25913 -0.674683
25914 -0.667114
25915 -0.651001
25916 -0.660522
25917 -0.665894
25918 -0.666504
25919 -0.675781
25920 -0.684692
25921 -0.685181
25922 -0.675293
25923 -0.663208
25924 -0.656860
25925 -0.671509
25926 -0.657715
25927 -0.652954
25928 -0.661011
25929 -0.670044
25930 -0.666504
25931 -0.656860
25932 -0.650391
25933 -0.642822
25934 -0.633057
25935 -0.631836
25936 -0.636841
25937 -0.643311
25938 -0.641968
25939 -0.611206
25940 -0.634399
25941 -0.632324
25942 -0.645996
25943 -0.640991
25944 -0.657715
25945 -0.661499
25946 -0.654419
25947 -0.680420
25948 -0.661621
25949 -0.666382
25950 -0.671265
25951 -0.645874
25952 -0.650757
25953 -0.667114
25954 -0.673950
25955 -0.681641
25956 -0.664063
25957 -0.654053
25958 -0.641602
25959 -0.634277
25960 -0.625366
25961 -0.634644
25962 -0.634277
25963 -0.630981
25964 -0.651245
25965 -0.645874
25966 -0.649292
25967 -0.653442
25968 -0.650635
25969 -0.650635
25970 -0.644775
25971 -0.640869
25972 -0.627808
25973 -0.622070
25974 -0.624146
25975 -0.623169
25976 -0.619141
25977 -0.630493
25978 -0.642090
25979 -0.627930
25980 -0.633423
25981 -0.659180
25982 -0.658081
25983 -0.664063
25984 -0.644409
25985 -0.649902
25986 -0.625854
25987 -0.647949
25988 -0.635376
25989 -0.631470
25990 -0.648804
25991 -0.634155
25992 -0.618774
25993 -0.645020
25994 -0.650757
25995 -0.686157
25996 -0.671021
25997 -0.671265
25998 -0.682007
25999 -0.673340
26000 -0.675537
26001 -0.686157
26002 -0.678467
26003 -0.673706
26004 -0.671265
26005 -0.678223
26006 -0.674561
26007 -0.665649
26008 -0.663452
26009 -0.667603
26010 -0.675781
26011 -0.676636
26012 -0.665527
26013 -0.665283
26014 -0.656250
26015 -0.655273
26016 -0.652466
26017 -0.640381
26018 -0.641602
26019 -0.617920
26020 -0.624512
26021 -0.628052
26022 -0.642090
26023 -0.640381
26024 -0.638794
26025 -0.650146
26026 -0.636108
26027 -0.643555
26028 -0.640503
26029 -0.638550
26030 -0.636108
26031 -0.635254
26032 -0.628784
26033 -0.624512
26034 -0.629395
26035 -0.621094
26036 -0.627686
26037 -0.607300
26038 -0.614014
26039 -0.625366
26040 -0.621460
26041 -0.614746
26042 -0.621582
26043 -0.611938
26044 -0.627686
26045 -0.628784
26046 -0.635864
26047 -0.624756
26048 -0.630615
26049 -0.643433
26050 -0.620850
26051 -0.642334
26052 -0.627930
26053 -0.632324
26054 -0.632446
26055 -0.648071
26056 -0.664429
26057 -0.668335
26058 -0.675659
26059 -0.672119
26060 -0.679199
26061 -0.689697
26062 -0.696045
26063 -0.699219
26064 -0.704956
26065 -0.714600
26066 -0.695190
26067 -0.692627
26068 -0.702026
26069 -0.719116
26070 -0.710205
26071 -0.720825
26072 -0.715942
26073 -0.720825
26074 -0.719971
26075 -0.702881
26076 -0.707886
26077 -0.704102
26078 -0.687134
26079 -0.696533
26080 -0.679199
26081 -0.673096
26082 -0.676270
26083 -0.677490
26084 -0.685059
26085 -0.665405
26086 -0.683960
26087 -0.673950
26088 -0.666992
26089 -0.660522
26090 -0.675659
26091 -0.679077
26092 -0.652588
26093 -0.661377
26094 -0.662109
26095 -0.645752
26096 -0.632446
26097 -0.635010
26098 -0.637085
26099 -0.641724
26100 -0.655029
26101 -0.667969
26102 -0.645386
26103 -0.657715
26104 -0.669434
26105 -0.669434
26106 -0.666504
26107 -0.668457
26108 -0.677612
26109 -0.677490
26110 -0.675049
26111 -0.680664
26112 -0.685791
26113 -0.676514
26114 -0.677856
26115 -0.676025
26116 -0.681641
26117 -0.663086
26118 -0.664307
26119 -0.683594
26120 -0.693848
26121 -0.695923
26122 -0.699219
26123 -0.689819
26124 -0.708130
26125 -0.696289
26126 -0.683228
26127 -0.655151
26128 -0.655518
26129 -0.657593
26130 -0.667236
26131 -0.671021
26132 -0.666504
26133 -0.653687
26134 -0.659424
26135 -0.668457
26136 -0.664551
26137 -0.658691
26138 -0.673584
26139 -0.679810
26140 -0.663574
26141 -0.671265
26142 -0.684814
26143 -0.695068
26144 -0.679688
26145 -0.690918
26146 -0.691284
26147 -0.693359
26148 -0.692505
26149 -0.682739
26150 -0.687866
26151 -0.703247
26152 -0.687378
26153 -0.650269
26154 -0.645264
26155 -0.634033
26156 -0.633667
26157 -0.644287
26158 -0.623535
26159 -0.627197
26160 -0.628540
26161 -0.599365
26162 -0.596802
26163 -0.593384
26164 -0.601807
26165 -0.617188
26166 -0.617310
26167 -0.626587
26168 -0.630127
26169 -0.618408
26170 -0.608643
26171 -0.626343
26172 -0.641968
26173 -0.651611
26174 -0.649048
26175 -0.641602
26176 -0.647583
26177 -0.641968
26178 -0.653564
26179 -0.658325
26180 -0.651611
26181 -0.656616
26182 -0.659912
26183 -0.666382
26184 -0.676147
26185 -0.679443
26186 -0.681763
26187 -0.669189
26188 -0.664185
26189 -0.668823
26190 -0.670410
26191 -0.671997
26192 -0.657837
26193 -0.656738
26194 -0.655151
26195 -0.654175
26196 -0.639526
26197 -0.628418
26198 -0.627075
26199 -0.637451
26200 -0.630371
26201 -0.629639
26202 -0.614502
26203 -0.644409
26204 -0.641113
26205 -0.651001
26206 -0.635742
26207 -0.631104
26208 -0.626953
26209 -0.629639
26210 -0.634399
26211 -0.646973
26212 -0.663208
26213 -0.659424
26214 -0.646362
26215 -0.675903
26216 -0.665161
26217 -0.687012
26218 -0.693359
26219 -0.676270
26220 -0.665405
26221 -0.661987
26222 -0.665161
26223 -0.657959
26224 -0.671875
26225 -0.696899
26226 -0.698608
26227 -0.696899
26228 -0.689209
26229 -0.671875
26230 -0.696655
26231 -0.692383
26232 -0.688477
26233 -0.694458
26234 -0.691406
26235 -0.683228
26236 -0.682861
26237 -0.685791
26238 -0.703613
26239 -0.690796
26240 -0.677368
26241 -0.669800
26242 -0.671021
26243 -0.682861
26244 -0.684082
26245 -0.690063
26246 -0.690674
26247 -0.703979
26248 -0.710205
26249 -0.705566
26250 -0.725952
26251 -0.720459
26252 -0.715454
26253 -0.725098
26254 -0.713745
26255 -0.727295
26256 -0.732300
26257 -0.706543
26258 -0.738281
26259 -0.728516
26260 -0.734497
26261 -0.715332
26262 -0.718506
26263 -0.718750
26264 -0.711670
26265 -0.712769
26266 -0.717773
26267 -0.726196
26268 -0.730103
26269 -0.730347
26270 -0.739746
26271 -0.732056
26272 -0.726074
26273 -0.739014
26274 -0.730225
26275 -0.728516
26276 -0.712280
26277 -0.699463
26278 -0.694336
26279 -0.707275
26280 -0.710938
26281 -0.716309
26282 -0.714355
26283 -0.700806
26284 -0.712646
26285 -0.722656
26286 -0.729370
26287 -0.722656
26288 -0.710815
26289 -0.724487
26290 -0.726563
26291 -0.707031
26292 -0.713257
26293 -0.715820
26294 -0.728149
26295 -0.726074
26296 -0.726440
26297 -0.714722
26298 -0.708008
26299 -0.694946
26300 -0.689819
26301 -0.683716
26302 -0.683472
26303 -0.687866
26304 -0.684814
26305 -0.687866
26306 -0.686157
26307 -0.702393
26308 -0.716675
26309 -0.713745
26310 -0.718750
26311 -0.701050
26312 -0.689453
26313 -0.695801
26314 -0.681885
26315 -0.675049
26316 -0.679321
26317 -0.697632
26318 -0.682739
26319 -0.679199
26320 -0.692261
26321 -0.690918
26322 -0.694702
26323 -0.689209
26324 -0.682129
26325 -0.685547
26326 -0.678101
26327 -0.675537
26328 -0.674194
26329 -0.670166
26330 -0.657837
26331 -0.679565
26332 -0.675415
26333 -0.668091
26334 -0.686035
26335 -0.686523
26336 -0.692383
26337 -0.691528
26338 -0.683716
26339 -0.682007
26340 -0.688354
26341 -0.685913
26342 -0.691284
26343 -0.698730
26344 -0.704468
26345 -0.692505
26346 -0.708252
26347 -0.717529
26348 -0.726074
26349 -0.718018
26350 -0.741455
26351 -0.746460
26352 -0.743774
26353 -0.733643
26354 -0.738281
26355 -0.745117
26356 -0.746460
26357 -0.753906
26358 -0.745728
26359 -0.739746
26360 -0.744751
26361 -0.750366
26362 -0.733398
26363 -0.724121
26364 -0.721558
26365 -0.731689
26366 -0.737183
26367 -0.738403
26368 -0.752441
26369 -0.739014
26370 -0.750000
26371 -0.750488
26372 -0.751465
26373 -0.762085
26374 -0.759888
26375 -0.757690
26376 -0.773193
26377 -0.754761
26378 -0.737915
26379 -0.735718
26380 -0.718750
26381 -0.728027
26382 -0.729370
26383 -0.738647
26384 -0.737305
26385 -0.750000
26386 -0.755249
26387 -0.749878
26388 -0.752197
26389 -0.736938
26390 -0.743896
26391 -0.740234
26392 -0.748779
26393 -0.748413
26394 -0.736450
26395 -0.742920
26396 -0.734131
26397 -0.733276
26398 -0.738770
26399 -0.746216
26400 -0.739014
26401 -0.735840
26402 -0.729858
26403 -0.720459
26404 -0.718384
26405 -0.713623
26406 -0.713257
26407 -0.713135
26408 -0.711670
26409 -0.705444
26410 -0.721436
26411 -0.705200
26412 -0.708740
26413 -0.701172
26414 -0.687012
26415 -0.686646
26416 -0.682007
26417 -0.696411
26418 -0.678589
26419 -0.665405
26420 -0.663330
26421 -0.658325
26422 -0.638184
26423 -0.645142
26424 -0.652710
26425 -0.668457
26426 -0.671509
26427 -0.658936
26428 -0.660034
26429 -0.648315
26430 -0.670044
26431 -0.658813
26432 -0.659668
26433 -0.664429
26434 -0.651001
26435 -0.664551
26436 -0.666748
26437 -0.666260
26438 -0.656006
26439 -0.663452
26440 -0.666748
26441 -0.655518
26442 -0.672241
26443 -0.673950
26444 -0.671021
26445 -0.662598
26446 -0.680176
26447 -0.669434
26448 -0.671387
26449 -0.686646
26450 -0.664917
26451 -0.676880
26452 -0.679688
26453 -0.668945
26454 -0.664917
26455 -0.650146
26456 -0.644775
26457 -0.634888
26458 -0.637817
26459 -0.635254
26460 -0.649536
26461 -0.650879
26462 -0.654053
26463 -0.661743
26464 -0.683105
26465 -0.687622
26466 -0.681396
26467 -0.680908
26468 -0.687256
26469 -0.669922
26470 -0.670288
26471 -0.690918
26472 -0.712524
26473 -0.705566
26474 -0.706787
26475 -0.708740
26476 -0.700684
26477 -0.688477
26478 -0.702515
26479 -0.723022
26480 -0.716309
26481 -0.713013
26482 -0.694214
26483 -0.687134
26484 -0.683350
26485 -0.674194
26486 -0.691162
26487 -0.695313
26488 -0.704102
26489 -0.701660
26490 -0.711060
26491 -0.723389
26492 -0.726929
26493 -0.721802
26494 -0.722900
26495 -0.742432
26496 -0.739136
26497 -0.737549
26498 -0.734863
26499 -0.735962
26500 -0.740601
26501 -0.738525
26502 -0.726440
26503 -0.722778
26504 -0.726196
26505 -0.723755
26506 -0.736206
26507 -0.746338
26508 -0.746582
26509 -0.750977
26510 -0.744629
26511 -0.747559
26512 -0.752441
26513 -0.747437
26514 -0.733887
26515 -0.729248
26516 -0.728027
26517 -0.730835
26518 -0.737183
26519 -0.745728
26520 -0.746338
26521 -0.747192
26522 -0.745483
26523 -0.749268
26524 -0.761353
26525 -0.746216
26526 -0.754883
26527 -0.739258
26528 -0.741821
26529 -0.753662
26530 -0.753174
26531 -0.740356
26532 -0.747314
26533 -0.737427
26534 -0.739014
26535 -0.743286
26536 -0.735474
26537 -0.726929
26538 -0.737549
26539 -0.734863
26540 -0.743530
26541 -0.747681
26542 -0.762085
26543 -0.752930
26544 -0.772949
26545 -0.767456
26546 -0.754639
26547 -0.746582
26548 -0.750488
26549 -0.750977
26550 -0.764893
26551 -0.752319
26552 -0.739136
26553 -0.748413
26554 -0.749634
26555 -0.755493
26556 -0.750366
26557 -0.753418
26558 -0.771484
26559 -0.770752
26560 -0.766479
26561 -0.756592
26562 -0.749634
26563 -0.741089
26564 -0.737915
26565 -0.735840
26566 -0.727051
26567 -0.708496
26568 -0.708618
26569 -0.729980
26570 -0.730835
26571 -0.728638
26572 -0.743896
26573 -0.737915
26574 -0.733398
26575 -0.740479
26576 -0.731689
26577 -0.736572
26578 -0.725952
26579 -0.725464
26580 -0.715088
26581 -0.705933
26582 -0.717163
26583 -0.711426
26584 -0.729858
26585 -0.727905
26586 -0.727051
26587 -0.726440
26588 -0.734131
26589 -0.739014
26590 -0.735718
26591 -0.731201
26592 -0.737061
26593 -0.729492
26594 -0.724121
26595 -0.730713
26596 -0.727783
26597 -0.733887
26598 -0.740479
26599 -0.734009
26600 -0.735474
26601 -0.746582
26602 -0.731079
26603 -0.740601
26604 -0.736084
26605 -0.736084
26606 -0.740845
26607 -0.737427
26608 -0.740234
26609 -0.736572
26610 -0.724243
26611 -0.714233
26612 -0.707153
26613 -0.709473
26614 -0.691895
26615 -0.697754
26616 -0.711060
26617 -0.696533
26618 -0.717041
26619 -0.710571
26620 -0.710083
26621 -0.726074
26622 -0.739136
26623 -0.739136
26624 -0.730103
26625 -0.718872
26626 -0.743652
26627 -0.740234
26628 -0.739868
26629 -0.739258
26630 -0.744629
26631 -0.743042
26632 -0.751099
26633 -0.732910
26634 -0.740845
26635 -0.744385
26636 -0.730469
26637 -0.723877
26638 -0.736572
26639 -0.746948
26640 -0.761719
26641 -0.751587
26642 -0.745117
26643 -0.739502
26644 -0.732788
26645 -0.733398
26646 -0.744507
26647 -0.740112
26648 -0.746338
26649 -0.737183
26650 -0.742676
26651 -0.732788
26652 -0.734497
26653 -0.726196
26654 -0.736938
26655 -0.739868
26656 -0.755127
26657 -0.758057
26658 -0.745972
26659 -0.746338
26660 -0.734863
26661 -0.736938
26662 -0.738525
26663 -0.750854
26664 -0.752075
26665 -0.754150
26666 -0.757324
26667 -0.765747
26668 -0.761108
26669 -0.763062
26670 -0.758667
26671 -0.764893
26672 -0.775024
26673 -0.762695
26674 -0.763306
26675 -0.772095
26676 -0.769897
26677 -0.770630
26678 -0.754272
26679 -0.750488
26680 -0.744019
26681 -0.744019
26682 -0.760986
26683 -0.736450
26684 -0.742310
26685 -0.744751
26686 -0.739746
26687 -0.736450
26688 -0.737061
26689 -0.741577
26690 -0.741089
26691 -0.737671
26692 -0.742798
26693 -0.745361
26694 -0.739258
26695 -0.739746
26696 -0.728149
26697 -0.734131
26698 -0.746460
26699 -0.751709
26700 -0.741943
26701 -0.739746
26702 -0.755371
26703 -0.746460
26704 -0.739990
26705 -0.730713
26706 -0.730103
26707 -0.734619
26708 -0.737427
26709 -0.730347
26710 -0.743408
26711 -0.728516
26712 -0.734985
26713 -0.749878
26714 -0.759644
26715 -0.741455
26716 -0.747192
26717 -0.748657
26718 -0.759033
26719 -0.758545
26720 -0.755981
26721 -0.747925
26722 -0.759766
26723 -0.755371
26724 -0.746704
26725 -0.748657
26726 -0.736938
26727 -0.717773
26728 -0.714600
26729 -0.714722
26730 -0.697388
26731 -0.703369
26732 -0.694336
26733 -0.706177
26734 -0.697388
26735 -0.694702
26736 -0.709961
26737 -0.706909
26738 -0.709839
26739 -0.722778
26740 -0.720215
26741 -0.707275
26742 -0.704346
26743 -0.707886
26744 -0.701416
26745 -0.709961
26746 -0.713501
26747 -0.705200
26748 -0.707031
26749 -0.687988
26750 -0.686523
26751 -0.685547
26752 -0.691040
26753 -0.688843
26754 -0.710571
26755 -0.724976
26756 -0.740845
26757 -0.760864
26758 -0.750732
26759 -0.750854
26760 -0.747314
26761 -0.739990
26762 -0.743774
26763 -0.759155
26764 -0.746460
26765 -0.729858
26766 -0.717651
26767 -0.700195
26768 -0.716797
26769 -0.726074
26770 -0.736694
26771 -0.722656
26772 -0.729614
26773 -0.725708
26774 -0.725464
26775 -0.730591
26776 -0.748291
26777 -0.734131
26778 -0.713501
26779 -0.715576
26780 -0.729126
26781 -0.739502
26782 -0.727417
26783 -0.705933
26784 -0.718384
26785 -0.712280
26786 -0.699341
26787 -0.700439
26788 -0.704712
26789 -0.716431
26790 -0.720459
26791 -0.726074
26792 -0.710205
26793 -0.703125
26794 -0.725220
26795 -0.719604
26796 -0.735107
26797 -0.726929
26798 -0.737305
26799 -0.735718
26800 -0.721558
26801 -0.718628
26802 -0.723389
26803 -0.726196
26804 -0.741699
26805 -0.734741
26806 -0.742920
26807 -0.729370
26808 -0.706787
26809 -0.710327
26810 -0.693848
26811 -0.711548
26812 -0.706299
26813 -0.713135
26814 -0.691406
26815 -0.684082
26816 -0.679321
26817 -0.677734
26818 -0.657959
26819 -0.633423
26820 -0.630127
26821 -0.649414
26822 -0.650757
26823 -0.660400
26824 -0.674072
26825 -0.667603
26826 -0.659058
26827 -0.664795
26828 -0.657227
26829 -0.655273
26830 -0.656006
26831 -0.645142
26832 -0.650513
26833 -0.678711
26834 -0.687500
26835 -0.684570
26836 -0.680786
26837 -0.665771
26838 -0.669922
26839 -0.661011
26840 -0.642822
26841 -0.646973
26842 -0.653198
26843 -0.656738
26844 -0.645508
26845 -0.639404
26846 -0.626099
26847 -0.635864
26848 -0.628052
26849 -0.634399
26850 -0.633179
26851 -0.655640
26852 -0.664185
26853 -0.657837
26854 -0.653931
26855 -0.656860
26856 -0.670166
26857 -0.690308
26858 -0.682739
26859 -0.672119
26860 -0.668091
26861 -0.678345
26862 -0.684082
26863 -0.685181
26864 -0.689453
26865 -0.690430
26866 -0.680420
26867 -0.683350
26868 -0.688110
26869 -0.689819
26870 -0.676025
26871 -0.665283
26872 -0.684570
26873 -0.691650
26874 -0.705688
26875 -0.714966
26876 -0.685181
26877 -0.681396
26878 -0.687988
26879 -0.669312
26880 -0.671387
26881 -0.683472
26882 -0.705811
26883 -0.674438
26884 -0.679077
26885 -0.685547
26886 -0.681396
26887 -0.693237
26888 -0.693481
26889 -0.704224
26890 -0.704834
26891 -0.691528
26892 -0.681763
26893 -0.675415
26894 -0.685425
26895 -0.666382
26896 -0.669312
26897 -0.664063
26898 -0.652466
26899 -0.659546
26900 -0.677368
26901 -0.672729
26902 -0.656982
26903 -0.672729
26904 -0.682129
26905 -0.682617
26906 -0.652832
26907 -0.648926
26908 -0.641602
26909 -0.654785
26910 -0.662720
26911 -0.658203
26912 -0.654053
26913 -0.662231
26914 -0.679443
26915 -0.669678
26916 -0.677124
26917 -0.669434
26918 -0.657471
26919 -0.660156
26920 -0.646484
26921 -0.637573
26922 -0.625854
26923 -0.629517
26924 -0.632446
26925 -0.624756
26926 -0.620239
26927 -0.618164
26928 -0.626465
26929 -0.621338
26930 -0.628052
26931 -0.623291
26932 -0.621826
26933 -0.620483
26934 -0.615723
26935 -0.612793
26936 -0.630859
26937 -0.648193
26938 -0.651855
26939 -0.647583
26940 -0.641968
26941 -0.626343
26942 -0.647217
26943 -0.654785
26944 -0.662476
26945 -0.676270
26946 -0.678467
26947 -0.654785
26948 -0.654175
26949 -0.687012
26950 -0.680420
26951 -0.694946
26952 -0.708374
26953 -0.712646
26954 -0.714600
26955 -0.716187
26956 -0.702759
26957 -0.708740
26958 -0.697876
26959 -0.702271
26960 -0.699585
26961 -0.703003
26962 -0.695801
26963 -0.700806
26964 -0.687256
26965 -0.682129
26966 -0.673950
26967 -0.676270
26968 -0.681274
26969 -0.660767
26970 -0.661987
26971 -0.662964
26972 -0.661499
26973 -0.644653
26974 -0.651611
26975 -0.661621
26976 -0.661743
26977 -0.659912
26978 -0.654419
26979 -0.650635
26980 -0.653320
26981 -0.633301
26982 -0.650391
26983 -0.669678
26984 -0.669678
26985 -0.647949
26986 -0.667603
26987 -0.656738
26988 -0.681152
26989 -0.700562
26990 -0.704956
26991 -0.718018
26992 -0.717529
26993 -0.718872
26994 -0.719849
26995 -0.714111
26996 -0.705688
26997 -0.706421
26998 -0.708008
26999 -0.716309
27000 -0.713501
27001 -0.714600
27002 -0.723022
27003 -0.745361
27004 -0.740356
27005 -0.747314
27006 -0.766479
27007 -0.738892
27008 -0.726318
27009 -0.730713
27010 -0.731689
27011 -0.732910
27012 -0.729004
27013 -0.736572
27014 -0.728271
27015 -0.715942
27016 -0.710815
27017 -0.703247
27018 -0.706665
27019 -0.719604
27020 -0.720703
27021 -0.719971
27022 -0.724976
27023 -0.714844
27024 -0.724731
27025 -0.726196
27026 -0.731567
27027 -0.722656
27028 -0.731812
27029 -0.730957
27030 -0.720947
27031 -0.720703
27032 -0.713501
27033 -0.717285
27034 -0.714844
27035 -0.723267
27036 -0.729126
27037 -0.730957
27038 -0.711548
27039 -0.694336
27040 -0.718628
27041 -0.719971
27042 -0.722656
27043 -0.727905
27044 -0.718262
27045 -0.706055
27046 -0.709595
27047 -0.709473
27048 -0.695190
27049 -0.688477
27050 -0.690552
27051 -0.695557
27052 -0.700562
27053 -0.686035
27054 -0.688110
27055 -0.691772
27056 -0.700439
27057 -0.704712
27058 -0.717529
27059 -0.729370
27060 -0.728149
27061 -0.730347
27062 -0.722412
27063 -0.706787
27064 -0.703125
27065 -0.718384
27066 -0.712524
27067 -0.703247
27068 -0.698120
27069 -0.682251
27070 -0.672974
27071 -0.683960
27072 -0.687988
27073 -0.676270
27074 -0.684692
27075 -0.702148
27076 -0.715698
27077 -0.706787
27078 -0.702881
27079 -0.705078
27080 -0.705933
27081 -0.675049
27082 -0.679443
27083 -0.690918
27084 -0.689209
27085 -0.674805
27086 -0.693848
27087 -0.700317
27088 -0.696777
27089 -0.701172
27090 -0.701050
27091 -0.700562
27092 -0.692139
27093 -0.686157
27094 -0.665283
27095 -0.672119
27096 -0.668457
27097 -0.680542
27098 -0.675537
27099 -0.678711
27100 -0.693726
27101 -0.693848
27102 -0.695679
27103 -0.667236
27104 -0.676025
27105 -0.651245
27106 -0.638916
27107 -0.655640
27108 -0.655640
27109 -0.644653
27110 -0.653687
27111 -0.654785
27112 -0.670654
27113 -0.672241
27114 -0.670654
27115 -0.694336
27116 -0.682251
27117 -0.700684
27118 -0.694092
27119 -0.691284
27120 -0.688232
27121 -0.704102
27122 -0.707642
27123 -0.723633
27124 -0.719360
27125 -0.720947
27126 -0.716064
27127 -0.704712
27128 -0.697998
27129 -0.679932
27130 -0.690186
27131 -0.687378
27132 -0.680786
27133 -0.665771
27134 -0.668945
27135 -0.676147
27136 -0.669067
27137 -0.668945
27138 -0.667603
27139 -0.677979
27140 -0.662720
27141 -0.679565
27142 -0.694946
27143 -0.711060
27144 -0.698486
27145 -0.725830
27146 -0.725708
27147 -0.720337
27148 -0.728027
27149 -0.714233
27150 -0.723633
27151 -0.735474
27152 -0.718872
27153 -0.716919
27154 -0.696045
27155 -0.702881
27156 -0.700684
27157 -0.717407
27158 -0.711060
27159 -0.703735
27160 -0.677002
27161 -0.687866
27162 -0.695801
27163 -0.697021
27164 -0.712036
27165 -0.714111
27166 -0.711426
27167 -0.699463
27168 -0.701050
27169 -0.685547
27170 -0.698242
27171 -0.699341
27172 -0.708984
27173 -0.707153
27174 -0.700073
27175 -0.715576
27176 -0.730591
27177 -0.735596
27178 -0.737549
27179 -0.725708
27180 -0.735229
27181 -0.721069
27182 -0.714844
27183 -0.734985
27184 -0.731934
27185 -0.740479
27186 -0.760132
27187 -0.771362
27188 -0.767822
27189 -0.772949
27190 -0.783203
27191 -0.778198
27192 -0.775146
27193 -0.766846
27194 -0.760010
27195 -0.751465
27196 -0.752563
27197 -0.742310
27198 -0.722656
27199 -0.744141
27200 -0.749512
27201 -0.751709
27202 -0.768066
27203 -0.756958
27204 -0.752563
27205 -0.751587
27206 -0.769897
27207 -0.761719
27208 -0.775391
27209 -0.772827
27210 -0.753418
27211 -0.749878
27212 -0.760498
27213 -0.740723
27214 -0.748657
27215 -0.716187
27216 -0.705688
27217 -0.720825
27218 -0.728027
27219 -0.708252
27220 -0.690308
27221 -0.706299
27222 -0.712158
27223 -0.690918
27224 -0.699707
27225 -0.695679
27226 -0.678101
27227 -0.660767
27228 -0.659058
27229 -0.671021
27230 -0.673584
27231 -0.667114
27232 -0.662964
27233 -0.658569
27234 -0.653931
27235 -0.670654
27236 -0.696167
27237 -0.690674
27238 -0.688721
27239 -0.687744
27240 -0.688965
27241 -0.700073
27242 -0.694824
27243 -0.714600
27244 -0.719116
27245 -0.715698
27246 -0.722778
27247 -0.711426
27248 -0.708496
27249 -0.708008
27250 -0.702637
27251 -0.711304
27252 -0.693848
27253 -0.705200
27254 -0.700928
27255 -0.708740
27256 -0.707031
27257 -0.709839
27258 -0.707642
27259 -0.727295
27260 -0.716553
27261 -0.705933
27262 -0.700806
27263 -0.713501
27264 -0.696411
27265 -0.697998
27266 -0.709961
27267 -0.714844
27268 -0.731079
27269 -0.722656
27270 -0.724121
27271 -0.735962
27272 -0.742554
27273 -0.763916
27274 -0.761353
27275 -0.751831
27276 -0.744629
27277 -0.738403
27278 -0.747925
27279 -0.741577
27280 -0.731689
27281 -0.745605
27282 -0.748047
27283 -0.739502
27284 -0.727905
27285 -0.732300
27286 -0.739258
27287 -0.723511
27288 -0.735474
27289 -0.725586
27290 -0.721924
27291 -0.729858
27292 -0.749756
27293 -0.747437
27294 -0.748291
27295 -0.747192
27296 -0.745728
27297 -0.744141
27298 -0.744995
27299 -0.752319
27300 -0.727905
27301 -0.713257
27302 -0.704712
27303 -0.700073
27304 -0.703003
27305 -0.701294
27306 -0.709351
27307 -0.705078
27308 -0.696289
27309 -0.706299
27310 -0.708618
27311 -0.691040
27312 -0.682251
27313 -0.671509
27314 -0.679321
27315 -0.683716
27316 -0.671143
27317 -0.649292
27318 -0.629272
27319 -0.629395
27320 -0.643921
27321 -0.665039
27322 -0.656128
27323 -0.630249
27324 -0.632080
27325 -0.646851
27326 -0.644165
27327 -0.644653
27328 -0.646118
27329 -0.630371
27330 -0.614746
27331 -0.599854
27332 -0.630615
27333 -0.634033
27334 -0.631714
27335 -0.624878
27336 -0.615234
27337 -0.626709
27338 -0.622437
27339 -0.634644
27340 -0.645874
27341 -0.658569
27342 -0.649658
27343 -0.641846
27344 -0.655273
27345 -0.677612
27346 -0.665405
27347 -0.669434
27348 -0.660278
27349 -0.664307
27350 -0.661255
27351 -0.661743
27352 -0.680908
27353 -0.675537
27354 -0.657227
27355 -0.646606
27356 -0.634766
27357 -0.636719
27358 -0.649658
27359 -0.641479
27360 -0.654297
27361 -0.657959
27362 -0.661133
27363 -0.674438
27364 -0.675537
27365 -0.683838
27366 -0.697632
27367 -0.680542
27368 -0.670654
27369 -0.660156
27370 -0.657227
27371 -0.666504
27372 -0.663330
27373 -0.659058
27374 -0.665527
27375 -0.665039
27376 -0.676270
27377 -0.656494
27378 -0.662720
27379 -0.644531
27380 -0.650024
27381 -0.647339
27382 -0.664917
27383 -0.642578
27384 -0.654663
27385 -0.674561
27386 -0.690552
27387 -0.701904
27388 -0.709229
27389 -0.714233
27390 -0.715576
27391 -0.711670
27392 -0.710571
27393 -0.707031
27394 -0.696899
27395 -0.691406
27396 -0.704590
27397 -0.706543
27398 -0.695068
27399 -0.705566
27400 -0.703857
27401 -0.719727
27402 -0.703735
27403 -0.727295
27404 -0.727173
27405 -0.730103
27406 -0.743286
27407 -0.761841
27408 -0.760010
27409 -0.745361
27410 -0.742432
27411 -0.730835
27412 -0.727539
27413 -0.724976
27414 -0.733276
27415 -0.715698
27416 -0.735107
27417 -0.733765
27418 -0.739258
27419 -0.721436
27420 -0.709473
27421 -0.727905
27422 -0.727783
27423 -0.721191
27424 -0.711914
27425 -0.734375
27426 -0.727661
27427 -0.715210
27428 -0.717163
27429 -0.727295
27430 -0.736450
27431 -0.736694
27432 -0.711060
27433 -0.714111
27434 -0.721436
27435 -0.718140
27436 -0.706299
27437 -0.712769
27438 -0.714233
27439 -0.703003
27440 -0.708618
27441 -0.716797
27442 -0.726563
27443 -0.739624
27444 -0.743286
27445 -0.753296
27446 -0.742920
27447 -0.727661
27448 -0.749390
27449 -0.734131
27450 -0.715576
27451 -0.700684
27452 -0.715210
27453 -0.703125
27454 -0.690308
27455 -0.691284
27456 -0.675781
27457 -0.687744
27458 -0.682007
27459 -0.689941
27460 -0.698364
27461 -0.721313
27462 -0.717285
27463 -0.730469
27464 -0.725342
27465 -0.728516
27466 -0.710449
27467 -0.720337
27468 -0.717529
27469 -0.700684
27470 -0.696045
27471 -0.697632
27472 -0.719116
27473 -0.728516
27474 -0.734863
27475 -0.739136
27476 -0.739258
27477 -0.753296
27478 -0.763062
27479 -0.748779
27480 -0.747314
27481 -0.739624
27482 -0.760254
27483 -0.755371
27484 -0.743652
27485 -0.712402
27486 -0.699585
27487 -0.678223
27488 -0.667603
27489 -0.649292
27490 -0.664795
27491 -0.651611
27492 -0.631470
27493 -0.617065
27494 -0.602051
27495 -0.595459
27496 -0.600708
27497 -0.597046
27498 -0.620117
27499 -0.626099
27500 -0.631836
27501 -0.633667
27502 -0.634155
27503 -0.656250
27504 -0.655640
27505 -0.660034
27506 -0.664917
27507 -0.652832
27508 -0.665161
27509 -0.669312
27510 -0.653198
27511 -0.669189
27512 -0.671997
27513 -0.682983
27514 -0.673462
27515 -0.680664
27516 -0.676758
27517 -0.692383
27518 -0.680908
27519 -0.700073
27520 -0.702271
27521 -0.690186
27522 -0.683228
27523 -0.686035
27524 -0.687622
27525 -0.685669
27526 -0.689331
27527 -0.701660
27528 -0.730469
27529 -0.737549
27530 -0.733154
27531 -0.717163
27532 -0.711060
27533 -0.711182
27534 -0.721558
27535 -0.742188
27536 -0.730469
27537 -0.740112
27538 -0.731079
27539 -0.726318
27540 -0.725952
27541 -0.741455
27542 -0.725098
27543 -0.714600
27544 -0.719116
27545 -0.710327
27546 -0.708252
27547 -0.725708
27548 -0.711426
27549 -0.724731
27550 -0.713501
27551 -0.718750
27552 -0.721680
27553 -0.736206
27554 -0.739258
27555 -0.743896
27556 -0.765869
27557 -0.762817
27558 -0.742310
27559 -0.757935
27560 -0.747192
27561 -0.716309
27562 -0.714722
27563 -0.712646
27564 -0.728271
27565 -0.727417
27566 -0.729980
27567 -0.727783
27568 -0.723877
27569 -0.735840
27570 -0.736328
27571 -0.734131
27572 -0.732910
27573 -0.740723
27574 -0.760254
27575 -0.762817
27576 -0.749268
27577 -0.749756
27578 -0.745117
27579 -0.745972
27580 -0.763184
27581 -0.758423
27582 -0.754395
27583 -0.748047
27584 -0.752686
27585 -0.745117
27586 -0.742310
27587 -0.737061
27588 -0.744507
27589 -0.750610
27590 -0.726563
27591 -0.736328
27592 -0.745239
27593 -0.733643
27594 -0.739136
27595 -0.734619
27596 -0.725952
27597 -0.742310
27598 -0.756226
27599 -0.739380
27600 -0.728027
27601 -0.744629
27602 -0.735229
27603 -0.731079
27604 -0.715454
27605 -0.711914
27606 -0.730469
27607 -0.732056
27608 -0.750732
27609 -0.752686
27610 -0.738647
27611 -0.740601
27612 -0.742188
27613 -0.733765
27614 -0.724487
27615 -0.732178
27616 -0.735718
27617 -0.731689
27618 -0.732544
27619 -0.728149
27620 -0.722168
27621 -0.724854
27622 -0.730591
27623 -0.738525
27624 -0.734741
27625 -0.731445
27626 -0.724121
27627 -0.733643
27628 -0.750977
27629 -0.754150
27630 -0.762207
27631 -0.763428
27632 -0.767700
27633 -0.761475
27634 -0.769043
27635 -0.769653
27636 -0.755615
27637 -0.755615
27638 -0.737671
27639 -0.753906
27640 -0.767212
27641 -0.746216
27642 -0.751587
27643 -0.755005
27644 -0.763672
27645 -0.761841
27646 -0.765869
27647 -0.758667
27648 -0.739868
27649 -0.743408
27650 -0.739136
27651 -0.731567
27652 -0.717163
27653 -0.718628
27654 -0.710938
27655 -0.722168
27656 -0.730103
27657 -0.720703
27658 -0.691040
27659 -0.682129
27660 -0.675659
27661 -0.680908
27662 -0.681030
27663 -0.695435
27664 -0.677002
27665 -0.672241
27666 -0.665283
27667 -0.669678
27668 -0.658203
27669 -0.659912
27670 -0.669922
27671 -0.670532
27672 -0.686157
27673 -0.686157
27674 -0.698853
27675 -0.689087
27676 -0.679199
27677 -0.668579
27678 -0.695557
27679 -0.698853
27680 -0.691284
27681 -0.673096
27682 -0.674927
27683 -0.668091
27684 -0.673218
27685 -0.676514
27686 -0.672974
27687 -0.664429
27688 -0.651733
27689 -0.638794
27690 -0.603394
27691 -0.619507
27692 -0.648193
27693 -0.641724
27694 -0.644897
27695 -0.646973
27696 -0.642456
27697 -0.651733
27698 -0.654419
27699 -0.665039
27700 -0.660522
27701 -0.646606
27702 -0.649048
27703 -0.638672
27704 -0.620361
27705 -0.632080
27706 -0.621216
27707 -0.625977
27708 -0.628906
27709 -0.613770
27710 -0.615356
27711 -0.610352
27712 -0.623901
27713 -0.622681
27714 -0.631470
27715 -0.631226
27716 -0.627930
27717 -0.610107
27718 -0.612671
27719 -0.629517
27720 -0.625488
27721 -0.630005
27722 -0.635498
27723 -0.631470
27724 -0.633057
27725 -0.636719
27726 -0.634766
27727 -0.639526
27728 -0.646973
27729 -0.622437
27730 -0.621704
27731 -0.639526
27732 -0.646484
27733 -0.649292
27734 -0.628784
27735 -0.626465
27736 -0.627808
27737 -0.627930
27738 -0.634766
27739 -0.656128
27740 -0.652954
27741 -0.664307
27742 -0.650879
27743 -0.659058
27744 -0.664185
27745 -0.663086
27746 -0.665649
27747 -0.680054
27748 -0.676514
27749 -0.670898
27750 -0.642090
27751 -0.629028
27752 -0.635132
27753 -0.643066
27754 -0.636841
27755 -0.639038
27756 -0.639526
27757 -0.640991
27758 -0.651978
27759 -0.639893
27760 -0.635986
27761 -0.624146
27762 -0.606812
27763 -0.604370
27764 -0.607056
27765 -0.606812
27766 -0.610718
27767 -0.602905
27768 -0.617676
27769 -0.604248
27770 -0.596924
27771 -0.617798
27772 -0.638794
27773 -0.648315
27774 -0.668823
27775 -0.671997
27776 -0.668823
27777 -0.666504
27778 -0.653320
27779 -0.661865
27780 -0.647827
27781 -0.651733
27782 -0.657715
27783 -0.667114
27784 -0.658691
27785 -0.682861
27786 -0.684692
27787 -0.683228
27788 -0.665894
27789 -0.670898
27790 -0.678711
27791 -0.663208
27792 -0.668579
27793 -0.664307
27794 -0.651367
27795 -0.650879
27796 -0.642822
27797 -0.656738
27798 -0.665771
27799 -0.662476
27800 -0.664673
27801 -0.667847
27802 -0.659790
27803 -0.635010
27804 -0.632202
27805 -0.625122
27806 -0.617432
27807 -0.608765
27808 -0.605347
27809 -0.601807
27810 -0.608398
27811 -0.609009
27812 -0.631714
27813 -0.622070
27814 -0.638428
27815 -0.640869
27816 -0.661499
27817 -0.673584
27818 -0.679932
27819 -0.685547
27820 -0.679810
27821 -0.660278
27822 -0.672119
27823 -0.689819
27824 -0.684814
27825 -0.696655
27826 -0.704712
27827 -0.708618
27828 -0.712891
27829 -0.721924
27830 -0.718262
27831 -0.714844
27832 -0.731567
27833 -0.736328
27834 -0.732910
27835 -0.735107
27836 -0.736328
27837 -0.722046
27838 -0.722168
27839 -0.719604
27840 -0.716187
27841 -0.714966
27842 -0.699707
27843 -0.693115
27844 -0.693237
27845 -0.696655
27846 -0.691772
27847 -0.686279
27848 -0.685425
27849 -0.684204
27850 -0.660889
27851 -0.672607
27852 -0.684204
27853 -0.702881
27854 -0.707275
27855 -0.729736
27856 -0.730957
27857 -0.716187
27858 -0.717407
27859 -0.731567
27860 -0.708862
27861 -0.701538
27862 -0.681519
27863 -0.687988
27864 -0.702271
27865 -0.700073
27866 -0.693481
27867 -0.698364
27868 -0.705933
27869 -0.689575
27870 -0.682251
27871 -0.689331
27872 -0.674927
27873 -0.661377
27874 -0.651367
27875 -0.650024
27876 -0.651978
27877 -0.667847
27878 -0.666016
27879 -0.658936
27880 -0.649048
27881 -0.628662
27882 -0.636108
27883 -0.661133
27884 -0.657471
27885 -0.655029
27886 -0.650269
27887 -0.661011
27888 -0.669067
27889 -0.680664
27890 -0.692871
27891 -0.689453
27892 -0.686890
27893 -0.694092
27894 -0.674072
27895 -0.684326
27896 -0.673706
27897 -0.686035
27898 -0.689575
27899 -0.689819
27900 -0.664673
27901 -0.666992
27902 -0.682983
27903 -0.682861
27904 -0.690186
27905 -0.715454
27906 -0.717285
27907 -0.716553
27908 -0.717407
27909 -0.716064
27910 -0.718628
27911 -0.717163
27912 -0.712646
27913 -0.697021
27914 -0.685059
27915 -0.697388
27916 -0.689819
27917 -0.669922
27918 -0.665649
27919 -0.671387
27920 -0.660156
27921 -0.637085
27922 -0.641968
27923 -0.630737
27924 -0.630249
27925 -0.606812
27926 -0.597534
27927 -0.599365
27928 -0.604248
27929 -0.606323
27930 -0.622681
27931 -0.624756
27932 -0.619995
27933 -0.595093
27934 -0.605347
27935 -0.617188
27936 -0.620483
27937 -0.603638
27938 -0.575439
27939 -0.570801
27940 -0.564697
27941 -0.554077
27942 -0.582397
27943 -0.565552
27944 -0.551392
27945 -0.549072
27946 -0.551392
27947 -0.547607
27948 -0.546997
27949 -0.546387
27950 -0.545410
27951 -0.554443
27952 -0.542725
27953 -0.543701
27954 -0.554688
27955 -0.562378
27956 -0.537109
27957 -0.539185
27958 -0.548828
27959 -0.556396
27960 -0.564575
27961 -0.554810
27962 -0.563843
27963 -0.553711
27964 -0.568481
27965 -0.580078
27966 -0.577393
27967 -0.586304
27968 -0.598145
27969 -0.595337
27970 -0.599731
27971 -0.617798
27972 -0.622559
27973 -0.619019
27974 -0.632080
27975 -0.617798
27976 -0.624023
27977 -0.624023
27978 -0.620850
27979 -0.597900
27980 -0.597046
27981 -0.583008
27982 -0.593872
27983 -0.576660
27984 -0.566528
27985 -0.570068
27986 -0.574341
27987 -0.582520
27988 -0.598267
27989 -0.600098
27990 -0.613647
27991 -0.600952
27992 -0.601196
27993 -0.592163
27994 -0.589600
27995 -0.577637
27996 -0.580566
27997 -0.572510
27998 -0.574951
27999 -0.586670
28000 -0.592407
28001 -0.572998
28002 -0.591431
28003 -0.575928
28004 -0.571045
28005 -0.561890
28006 -0.575317
28007 -0.547607
28008 -0.555908
28009 -0.563721
28010 -0.588867
28011 -0.587891
28012 -0.582275
28013 -0.585938
28014 -0.580933
28015 -0.566162
28016 -0.569824
28017 -0.553223
28018 -0.540283
28019 -0.531250
28020 -0.525757
28021 -0.508545
28022 -0.493774
28023 -0.508545
28024 -0.510376
28025 -0.505005
28026 -0.530151
28027 -0.531250
28028 -0.551514
28029 -0.541870
28030 -0.545776
28031 -0.542114
28032 -0.539673
28033 -0.531982
28034 -0.510864
28035 -0.522095
28036 -0.532715
28037 -0.524292
28038 -0.528320
28039 -0.537598
28040 -0.550415
28041 -0.545898
28042 -0.553101
28043 -0.546265
28044 -0.551758
28045 -0.552734
28046 -0.566284
28047 -0.554688
28048 -0.551392
28049 -0.554321
28050 -0.559937
28051 -0.550415
28052 -0.588379
28053 -0.571045
28054 -0.576172
28055 -0.588989
28056 -0.592041
28057 -0.579834
28058 -0.576782
28059 -0.584839
28060 -0.572754
28061 -0.548218
28062 -0.557007
28063 -0.550415
28064 -0.563232
28065 -0.572510
28066 -0.594238
28067 -0.601685
28068 -0.608887
28069 -0.616577
28070 -0.634888
28071 -0.635254
28072 -0.647827
28073 -0.665283
28074 -0.663574
28075 -0.648560
28076 -0.652222
28077 -0.657715
28078 -0.659668
28079 -0.652710
28080 -0.654785
28081 -0.665039
28082 -0.675293
28083 -0.684692
28084 -0.692871
28085 -0.674072
28086 -0.683716
28087 -0.689575
28088 -0.680908
28089 -0.688721
28090 -0.675049
28091 -0.655396
28092 -0.662109
28093 -0.667969
28094 -0.680908
28095 -0.668579
28096 -0.687012
28097 -0.669678
28098 -0.688354
28099 -0.696167
28100 -0.703369
28101 -0.719849
28102 -0.694824
28103 -0.690308
28104 -0.702515
28105 -0.711304
28106 -0.702271
28107 -0.680908
28108 -0.660767
28109 -0.659424
28110 -0.665649
28111 -0.670410
28112 -0.662720
28113 -0.658081
28114 -0.666382
28115 -0.668823
28116 -0.690186
28117 -0.717041
28118 -0.696289
28119 -0.686157
28120 -0.682983
28121 -0.676880
28122 -0.687744
28123 -0.686279
28124 -0.692505
28125 -0.677490
28126 -0.667236
28127 -0.671753
28128 -0.677856
28129 -0.660645
28130 -0.674927
28131 -0.671753
28132 -0.670288
28133 -0.668823
28134 -0.677002
28135 -0.677612
28136 -0.690796
28137 -0.712280
28138 -0.697510
28139 -0.708618
28140 -0.710205
28141 -0.691772
28142 -0.707031
28143 -0.712158
28144 -0.711914
28145 -0.708374
28146 -0.708618
28147 -0.689331
28148 -0.691284
28149 -0.704834
28150 -0.687744
28151 -0.692017
28152 -0.684814
28153 -0.697388
28154 -0.727173
28155 -0.736328
28156 -0.717285
28157 -0.730469
28158 -0.716309
28159 -0.727539
28160 -0.729126
28161 -0.728638
28162 -0.699463
28163 -0.677124
28164 -0.670898
28165 -0.677002
28166 -0.690186
28167 -0.696533
28168 -0.692749
28169 -0.700928
28170 -0.708862
28171 -0.699829
28172 -0.698853
28173 -0.705811
28174 -0.718384
28175 -0.733521
28176 -0.735229
28177 -0.726807
28178 -0.722900
28179 -0.718994
28180 -0.698853
28181 -0.697754
28182 -0.685547
28183 -0.706421
28184 -0.713623
28185 -0.723999
28186 -0.702637
28187 -0.698364
28188 -0.691040
28189 -0.688477
28190 -0.687866
28191 -0.708130
28192 -0.692749
28193 -0.692993
28194 -0.690063
28195 -0.703735
28196 -0.695801
28197 -0.702393
28198 -0.728149
28199 -0.720337
28200 -0.723999
28201 -0.715088
28202 -0.709106
28203 -0.707397
28204 -0.721436
28205 -0.719604
28206 -0.710693
28207 -0.716431
28208 -0.698364
28209 -0.708252
28210 -0.689453
28211 -0.679199
28212 -0.697266
28213 -0.678711
28214 -0.665894
28215 -0.645386
28216 -0.668335
28217 -0.667603
28218 -0.664551
28219 -0.691040
28220 -0.691650
28221 -0.690186
28222 -0.665771
28223 -0.661621
28224 -0.662720
28225 -0.665161
28226 -0.662842
28227 -0.667969
28228 -0.667969
28229 -0.647339
28230 -0.666382
28231 -0.667358
28232 -0.663574
28233 -0.668213
28234 -0.670776
28235 -0.659546
28236 -0.648315
28237 -0.674805
28238 -0.664063
28239 -0.657837
28240 -0.659302
28241 -0.666870
28242 -0.699829
28243 -0.692139
28244 -0.694336
28245 -0.705933
28246 -0.696533
28247 -0.692749
28248 -0.711670
28249 -0.723755
28250 -0.723633
28251 -0.713013
28252 -0.717896
28253 -0.710449
28254 -0.713257
28255 -0.718262
28256 -0.719971
28257 -0.703369
28258 -0.690063
28259 -0.693359
28260 -0.724731
28261 -0.712891
28262 -0.712524
28263 -0.713257
28264 -0.706787
28265 -0.720093
28266 -0.717529
28267 -0.724121
28268 -0.716431
28269 -0.719604
28270 -0.685181
28271 -0.700928
28272 -0.697021
28273 -0.698486
28274 -0.689209
28275 -0.682251
28276 -0.698730
28277 -0.694824
28278 -0.691895
28279 -0.698364
28280 -0.688843
28281 -0.685913
28282 -0.683838
28283 -0.671143
28284 -0.677490
28285 -0.687256
28286 -0.698242
28287 -0.692261
28288 -0.683716
28289 -0.681519
28290 -0.669312
28291 -0.660645
28292 -0.683472
28293 -0.674316
28294 -0.674438
28295 -0.684326
28296 -0.673218
28297 -0.676025
28298 -0.675781
28299 -0.681152
28300 -0.675903
28301 -0.688477
28302 -0.676392
28303 -0.688843
28304 -0.698120
28305 -0.691406
28306 -0.674561
28307 -0.665771
28308 -0.664673
28309 -0.655640
28310 -0.664795
28311 -0.664185
28312 -0.673340
28313 -0.692627
28314 -0.688354
28315 -0.680298
28316 -0.667480
28317 -0.666626
28318 -0.678711
28319 -0.674316
28320 -0.679565
28321 -0.660522
28322 -0.635376
28323 -0.639038
28324 -0.624023
28325 -0.620117
28326 -0.641113
28327 -0.652344
28328 -0.632324
28329 -0.643921
28330 -0.629883
28331 -0.639404
28332 -0.648438
28333 -0.623291
28334 -0.641479
28335 -0.627075
28336 -0.628540
28337 -0.622437
28338 -0.620117
28339 -0.629028
28340 -0.642944
28341 -0.635742
28342 -0.653931
28343 -0.639893
28344 -0.635010
28345 -0.648560
28346 -0.669922
28347 -0.673340
28348 -0.647217
28349 -0.641846
28350 -0.644287
28351 -0.646362
28352 -0.636230
28353 -0.643799
28354 -0.638672
28355 -0.637573
28356 -0.654785
28357 -0.658447
28358 -0.674316
28359 -0.659302
28360 -0.675659
28361 -0.691040
28362 -0.713501
28363 -0.691772
28364 -0.694702
28365 -0.705811
28366 -0.713623
28367 -0.716064
28368 -0.736206
28369 -0.728149
28370 -0.738647
28371 -0.720947
28372 -0.725342
28373 -0.732422
28374 -0.725708
28375 -0.710327
28376 -0.721558
28377 -0.720215
28378 -0.731079
28379 -0.740845
28380 -0.724365
28381 -0.712769
28382 -0.729004
28383 -0.723389
28384 -0.713623
28385 -0.729858
28386 -0.725464
28387 -0.718262
28388 -0.719727
28389 -0.729736
28390 -0.736328
28391 -0.742065
28392 -0.746582
28393 -0.740479
28394 -0.737305
28395 -0.742676
28396 -0.726685
28397 -0.722290
28398 -0.717529
28399 -0.715088
28400 -0.689087
28401 -0.694214
28402 -0.680664
28403 -0.688599
28404 -0.691284
28405 -0.678467
28406 -0.675537
28407 -0.685059
28408 -0.682983
28409 -0.677368
28410 -0.690430
28411 -0.672485
28412 -0.676392
28413 -0.661865
28414 -0.651123
28415 -0.658325
28416 -0.655762
28417 -0.667725
28418 -0.654419
28419 -0.661865
28420 -0.671753
28421 -0.676270
28422 -0.676025
28423 -0.660889
28424 -0.671875
28425 -0.673828
28426 -0.670044
28427 -0.670410
28428 -0.672241
28429 -0.697876
28430 -0.678833
28431 -0.677612
28432 -0.675415
28433 -0.676147
28434 -0.662964
28435 -0.652344
28436 -0.645508
28437 -0.655396
28438 -0.667114
28439 -0.694824
28440 -0.699951
28441 -0.698608
28442 -0.683716
28443 -0.670898
28444 -0.666504
28445 -0.668945
28446 -0.666138
28447 -0.666504
28448 -0.661743
28449 -0.681763
28450 -0.695923
28451 -0.709839
28452 -0.714233
28453 -0.708740
28454 -0.700073
28455 -0.701294
28456 -0.706909
28457 -0.708252
28458 -0.682373
28459 -0.689087
28460 -0.706177
28461 -0.722778
28462 -0.737305
28463 -0.724487
28464 -0.746460
28465 -0.745728
28466 -0.756470
28467 -0.743286
28468 -0.745850
28469 -0.733154
28470 -0.728638
28471 -0.721558
28472 -0.711304
28473 -0.720581
28474 -0.713135
28475 -0.731323
28476 -0.731079
28477 -0.739990
28478 -0.713013
28479 -0.720093
28480 -0.713623
28481 -0.723755
28482 -0.713989
28483 -0.702881
28484 -0.698120
28485 -0.698608
28486 -0.691040
28487 -0.690063
28488 -0.686157
28489 -0.693970
28490 -0.696655
28491 -0.703247
28492 -0.687012
28493 -0.686279
28494 -0.690308
28495 -0.708740
28496 -0.704224
28497 -0.715698
28498 -0.702393
28499 -0.701904
28500 -0.692383
28501 -0.697632
28502 -0.690063
28503 -0.682739
28504 -0.681885
28505 -0.673828
28506 -0.675903
28507 -0.686768
28508 -0.695068
28509 -0.700317
28510 -0.693970
28511 -0.693970
28512 -0.676514
28513 -0.693359
28514 -0.714722
28515 -0.701294
28516 -0.725952
28517 -0.710449
28518 -0.712280
28519 -0.721802
28520 -0.729126
28521 -0.740479
28522 -0.742798
28523 -0.721069
28524 -0.733643
28525 -0.733521
28526 -0.731689
28527 -0.739258
28528 -0.740356
28529 -0.726563
28530 -0.718872
28531 -0.732300
28532 -0.756714
28533 -0.713379
28534 -0.698608
28535 -0.691650
28536 -0.687012
28537 -0.694824
28538 -0.694946
28539 -0.692993
28540 -0.703125
28541 -0.701538
28542 -0.703369
28543 -0.696411
28544 -0.695923
28545 -0.699097
28546 -0.706055
28547 -0.701172
28548 -0.695923
28549 -0.708252
28550 -0.691162
28551 -0.677124
28552 -0.676392
28553 -0.690308
28554 -0.692993
28555 -0.692871
28556 -0.679077
28557 -0.677734
28558 -0.677490
28559 -0.690674
28560 -0.692627
28561 -0.684937
28562 -0.676270
28563 -0.699585
28564 -0.706177
28565 -0.707764
28566 -0.709229
28567 -0.707886
28568 -0.698486
28569 -0.691650
28570 -0.713989
28571 -0.696655
28572 -0.705811
28573 -0.695313
28574 -0.683960
28575 -0.665161
28576 -0.667725
28577 -0.673584
28578 -0.653442
28579 -0.665161
28580 -0.655762
28581 -0.656006
28582 -0.681274
28583 -0.681885
28584 -0.682007
28585 -0.677002
28586 -0.682251
28587 -0.689575
28588 -0.680176
28589 -0.670776
28590 -0.658447
28591 -0.651123
28592 -0.675903
28593 -0.691406
28594 -0.700562
28595 -0.709351
28596 -0.710693
28597 -0.702271
28598 -0.700928
28599 -0.720337
28600 -0.709839
28601 -0.689453
28602 -0.691162
28603 -0.666992
28604 -0.665161
28605 -0.659424
28606 -0.664673
28607 -0.669922
28608 -0.677612
28609 -0.678711
28610 -0.675171
28611 -0.669922
28612 -0.680420
28613 -0.668701
28614 -0.678711
28615 -0.675293
28616 -0.661865
28617 -0.651001
28618 -0.642822
28619 -0.654175
28620 -0.672119
28621 -0.658081
28622 -0.643188
28623 -0.662598
28624 -0.680298
28625 -0.673340
28626 -0.673340
28627 -0.655151
28628 -0.661987
28629 -0.679443
28630 -0.675415
28631 -0.658691
28632 -0.668945
28633 -0.656982
28634 -0.672729
28635 -0.678467
28636 -0.683716
28637 -0.685913
28638 -0.686157
28639 -0.687012
28640 -0.682373
28641 -0.694824
28642 -0.721802
28643 -0.717651
28644 -0.703857
28645 -0.709473
28646 -0.713867
28647 -0.711060
28648 -0.711914
28649 -0.693604
28650 -0.689941
28651 -0.702637
28652 -0.702515
28653 -0.689209
28654 -0.705200
28655 -0.694214
28656 -0.709839
28657 -0.701050
28658 -0.713257
28659 -0.718140
28660 -0.727173
28661 -0.731934
28662 -0.721680
28663 -0.723755
28664 -0.734131
28665 -0.741333
28666 -0.743896
28667 -0.717529
28668 -0.708862
28669 -0.718018
28670 -0.716187
28671 -0.718506
28672 -0.713379
28673 -0.728271
28674 -0.734253
28675 -0.702393
28676 -0.713867
28677 -0.714722
28678 -0.706299
28679 -0.698853
28680 -0.699463
28681 -0.708740
28682 -0.722534
28683 -0.741089
28684 -0.742310
28685 -0.756104
28686 -0.758911
28687 -0.746826
28688 -0.735962
28689 -0.727295
28690 -0.725342
28691 -0.712158
28692 -0.735596
28693 -0.721924
28694 -0.721924
28695 -0.731812
28696 -0.748657
28697 -0.737915
28698 -0.738403
28699 -0.748169
28700 -0.770996
28701 -0.748413
28702 -0.754395
28703 -0.745728
28704 -0.751709
28705 -0.743652
28706 -0.726685
28707 -0.721924
28708 -0.724365
28709 -0.704712
28710 -0.703491
28711 -0.705811
28712 -0.708984
28713 -0.714233
28714 -0.716187
28715 -0.694946
28716 -0.701538
28717 -0.705566
28718 -0.719971
28719 -0.729492
28720 -0.715698
28721 -0.706055
28722 -0.707275
28723 -0.708984
28724 -0.715454
28725 -0.733887
28726 -0.718506
28727 -0.718140
28728 -0.716797
28729 -0.722168
28730 -0.721436
28731 -0.732422
28732 -0.733765
28733 -0.726929
28734 -0.725586
28735 -0.701660
28736 -0.703735
28737 -0.710693
28738 -0.696899
28739 -0.694824
28740 -0.693359
28741 -0.697266
28742 -0.698730
28743 -0.700684
28744 -0.700317
28745 -0.701904
28746 -0.716064
28747 -0.726196
28748 -0.740845
28749 -0.744385
28750 -0.746948
28751 -0.751587
28752 -0.755493
28753 -0.742554
28754 -0.734985
28755 -0.735596
28756 -0.734009
28757 -0.732910
28758 -0.729248
28759 -0.713013
28760 -0.708984
28761 -0.702026
28762 -0.701050
28763 -0.688843
28764 -0.691040
28765 -0.689697
28766 -0.680542
28767 -0.687988
28768 -0.687378
28769 -0.684448
28770 -0.689697
28771 -0.691040
28772 -0.703369
28773 -0.702148
28774 -0.715454
28775 -0.714966
28776 -0.704590
28777 -0.724487
28778 -0.723755
28779 -0.709839
28780 -0.703613
28781 -0.684570
28782 -0.694336
28783 -0.699463
28784 -0.689819
28785 -0.699585
28786 -0.702759
28787 -0.699219
28788 -0.706421
28789 -0.706909
28790 -0.709351
28791 -0.717163
28792 -0.697144
28793 -0.694824
28794 -0.701904
28795 -0.707886
28796 -0.705322
28797 -0.696045
28798 -0.687988
28799 -0.684204
28800 -0.697021
28801 -0.683472
28802 -0.646973
28803 -0.653198
28804 -0.682251
28805 -0.683716
28806 -0.674805
28807 -0.659058
28808 -0.661011
28809 -0.664551
28810 -0.675659
28811 -0.669189
28812 -0.688110
28813 -0.690430
28814 -0.714233
28815 -0.718628
28816 -0.705933
28817 -0.702148
28818 -0.708008
28819 -0.706055
28820 -0.714355
28821 -0.695313
28822 -0.685059
28823 -0.680908
28824 -0.682495
28825 -0.666260
28826 -0.659546
28827 -0.678711
28828 -0.687256
28829 -0.686279
28830 -0.693481
28831 -0.688110
28832 -0.672729
28833 -0.672363
28834 -0.684326
28835 -0.699219
28836 -0.713135
28837 -0.693359
28838 -0.685181
28839 -0.693726
28840 -0.684082
28841 -0.686401
28842 -0.685547
28843 -0.691895
28844 -0.685303
28845 -0.699829
28846 -0.695557
28847 -0.717896
28848 -0.696655
28849 -0.694824
28850 -0.683594
28851 -0.717529
28852 -0.728271
28853 -0.722534
28854 -0.733398
28855 -0.705933
28856 -0.715576
28857 -0.699707
28858 -0.712524
28859 -0.697510
28860 -0.707520
28861 -0.722168
28862 -0.714233
28863 -0.713989
28864 -0.697754
28865 -0.697510
28866 -0.697632
28867 -0.691406
28868 -0.687622
28869 -0.694336
28870 -0.692139
28871 -0.714844
28872 -0.717651
28873 -0.700195
28874 -0.671997
28875 -0.662354
28876 -0.671021
28877 -0.671143
28878 -0.674561
28879 -0.702271
28880 -0.690918
28881 -0.681519
28882 -0.664063
28883 -0.668457
28884 -0.665527
28885 -0.644653
28886 -0.658325
28887 -0.676636
28888 -0.666382
28889 -0.671875
28890 -0.685181
28891 -0.688599
28892 -0.697510
28893 -0.687012
28894 -0.713867
28895 -0.721680
28896 -0.714966
28897 -0.707642
28898 -0.719116
28899 -0.724731
28900 -0.727661
28901 -0.729980
28902 -0.732422
28903 -0.734863
28904 -0.734497
28905 -0.709717
28906 -0.706909
28907 -0.713379
28908 -0.740356
28909 -0.741699
28910 -0.734619
28911 -0.730225
28912 -0.723267
28913 -0.703613
28914 -0.701904
28915 -0.694824
28916 -0.685913
28917 -0.698242
28918 -0.699585
28919 -0.701782
28920 -0.708618
28921 -0.692627
28922 -0.699463
28923 -0.699829
28924 -0.703125
28925 -0.695801
28926 -0.700562
28927 -0.725586
28928 -0.714355
28929 -0.703979
28930 -0.685791
28931 -0.695801
28932 -0.694092
28933 -0.710327
28934 -0.713257
28935 -0.702881
28936 -0.701416
28937 -0.698853
28938 -0.703857
28939 -0.712646
28940 -0.719971
28941 -0.713989
28942 -0.722534
28943 -0.719116
28944 -0.717407
28945 -0.722290
28946 -0.704346
28947 -0.707397
28948 -0.715210
28949 -0.735962
28950 -0.753906
28951 -0.754883
28952 -0.746948
28953 -0.744141
28954 -0.732056
28955 -0.738037
28956 -0.730103
28957 -0.738159
28958 -0.725342
28959 -0.728882
28960 -0.746948
28961 -0.733765
28962 -0.703247
28963 -0.711182
28964 -0.729614
28965 -0.707642
28966 -0.718506
28967 -0.723267
28968 -0.737305
28969 -0.740356
28970 -0.715210
28971 -0.703857
28972 -0.711548
28973 -0.719360
28974 -0.698608
28975 -0.706177
28976 -0.716553
28977 -0.710083
28978 -0.685669
28979 -0.683838
28980 -0.710693
28981 -0.712524
28982 -0.713867
28983 -0.691772
28984 -0.687622
28985 -0.701416
28986 -0.723999
28987 -0.722168
28988 -0.706055
28989 -0.715820
28990 -0.700928
28991 -0.685547
28992 -0.693848
28993 -0.682739
28994 -0.676025
28995 -0.668945
28996 -0.693359
28997 -0.690552
28998 -0.689453
28999 -0.701904
29000 -0.704468
29001 -0.692749
29002 -0.686035
29003 -0.692261
29004 -0.704712
29005 -0.695068
29006 -0.679810
29007 -0.675049
29008 -0.670288
29009 -0.680664
29010 -0.671631
29011 -0.678467
29012 -0.701904
29013 -0.701904
29014 -0.694580
29015 -0.688965
29016 -0.696655
29017 -0.697144
29018 -0.706787
29019 -0.700073
29020 -0.702393
29021 -0.711914
29022 -0.717896
29023 -0.707275
29024 -0.702271
29025 -0.701294
29026 -0.704834
29027 -0.693481
29028 -0.697998
29029 -0.698608
29030 -0.705811
29031 -0.708496
29032 -0.705200
29033 -0.704712
29034 -0.696045
29035 -0.680054
29036 -0.678223
29037 -0.671631
29038 -0.683350
29039 -0.675415
29040 -0.675781
29041 -0.675781
29042 -0.682251
29043 -0.687622
29044 -0.682373
29045 -0.677124
29046 -0.687256
29047 -0.689087
29048 -0.695557
29049 -0.702271
29050 -0.705566
29051 -0.719971
29052 -0.715576
29053 -0.731689
29054 -0.723511
29055 -0.725830
29056 -0.718628
29057 -0.709229
29058 -0.702881
29059 -0.695190
29060 -0.677612
29061 -0.673706
29062 -0.667603
29063 -0.672729
29064 -0.676758
29065 -0.671143
29066 -0.682495
29067 -0.694702
29068 -0.661987
29069 -0.653442
29070 -0.659668
29071 -0.670166
29072 -0.658569
29073 -0.654663
29074 -0.650635
29075 -0.662476
29076 -0.657471
29077 -0.663574
29078 -0.656738
29079 -0.680054
29080 -0.695435
29081 -0.687134
29082 -0.680298
29083 -0.699829
29084 -0.709717
29085 -0.711304
29086 -0.696655
29087 -0.686279
29088 -0.700928
29089 -0.706177
29090 -0.725342
29091 -0.731934
29092 -0.730225
29093 -0.733276
29094 -0.719727
29095 -0.715698
29096 -0.714478
29097 -0.720581
29098 -0.726685
29099 -0.716431
29100 -0.712280
29101 -0.703003
29102 -0.693726
29103 -0.700806
29104 -0.706421
29105 -0.713013
29106 -0.715210
29107 -0.706055
29108 -0.695801
29109 -0.688721
29110 -0.708008
29111 -0.705078
29112 -0.678345
29113 -0.678345
29114 -0.682251
29115 -0.697021
29116 -0.691162
29117 -0.691650
29118 -0.688843
29119 -0.713013
29120 -0.702026
29121 -0.715698
29122 -0.718506
29123 -0.727051
29124 -0.742798
29125 -0.738281
29126 -0.714600
29127 -0.708984
29128 -0.696289
29129 -0.699097
29130 -0.689087
29131 -0.680420
29132 -0.685669
29133 -0.680664
29134 -0.688843
29135 -0.701660
29136 -0.677246
29137 -0.685303
29138 -0.679077
29139 -0.666992
29140 -0.665649
29141 -0.666992
29142 -0.657227
29143 -0.630493
29144 -0.630493
29145 -0.638428
29146 -0.658813
29147 -0.673584
29148 -0.684326
29149 -0.695801
29150 -0.701416
29151 -0.698486
29152 -0.700439
29153 -0.698730
29154 -0.690674
29155 -0.687622
29156 -0.689087
29157 -0.684448
29158 -0.705688
29159 -0.700684
29160 -0.703003
29161 -0.686035
29162 -0.697144
29163 -0.703247
29164 -0.716309
29165 -0.709961
29166 -0.703857
29167 -0.706787
29168 -0.696777
29169 -0.691528
29170 -0.676270
29171 -0.685791
29172 -0.696289
29173 -0.696899
29174 -0.678589
29175 -0.673462
29176 -0.668579
29177 -0.662842
29178 -0.663696
29179 -0.666992
29180 -0.673462
29181 -0.679932
29182 -0.664673
29183 -0.677368
29184 -0.688965
29185 -0.698730
29186 -0.698120
29187 -0.699585
29188 -0.694580
29189 -0.692261
29190 -0.679932
29191 -0.671753
29192 -0.664063
29193 -0.649902
29194 -0.655151
29195 -0.641235
29196 -0.632446
29197 -0.632446
29198 -0.654785
29199 -0.664307
29200 -0.653442
29201 -0.675903
29202 -0.647339
29203 -0.660156
29204 -0.643311
29205 -0.645386
29206 -0.640625
29207 -0.617310
29208 -0.614258
29209 -0.629761
29210 -0.629272
29211 -0.638916
29212 -0.653442
29213 -0.655640
29214 -0.632690
29215 -0.630737
29216 -0.615967
29217 -0.604980
29218 -0.625000
29219 -0.635254
29220 -0.647339
29221 -0.662598
29222 -0.655518
29223 -0.651733
29224 -0.639526
29225 -0.646484
29226 -0.642334
29227 -0.659424
29228 -0.652588
29229 -0.645996
29230 -0.657104
29231 -0.653687
29232 -0.666016
29233 -0.668213
29234 -0.651611
29235 -0.664185
29236 -0.666992
29237 -0.672852
29238 -0.678589
29239 -0.671509
29240 -0.664917
29241 -0.641968
29242 -0.643677
29243 -0.656372
29244 -0.653198
29245 -0.665771
29246 -0.671021
29247 -0.659668
29248 -0.674683
29249 -0.651123
29250 -0.647339
29251 -0.650757
29252 -0.651245
29253 -0.645386
29254 -0.653442
29255 -0.647827
29256 -0.649292
29257 -0.647949
29258 -0.640503
29259 -0.651001
29260 -0.654785
29261 -0.645752
29262 -0.645020
29263 -0.639771
29264 -0.643311
29265 -0.639282
29266 -0.639526
29267 -0.635864
29268 -0.644653
29269 -0.647339
29270 -0.641479
29271 -0.626709
29272 -0.645874
29273 -0.653931
29274 -0.651367
29275 -0.627197
29276 -0.607422
29277 -0.613647
29278 -0.609741
29279 -0.603638
29280 -0.606934
29281 -0.597412
29282 -0.596191
29283 -0.595459
29284 -0.585327
29285 -0.606201
29286 -0.611572
29287 -0.617798
29288 -0.631714
29289 -0.629395
29290 -0.619507
29291 -0.612183
29292 -0.599365
29293 -0.602905
29294 -0.621826
29295 -0.626831
29296 -0.630615
29297 -0.616333
29298 -0.619751
29299 -0.626709
29300 -0.614014
29301 -0.607544
29302 -0.601440
29303 -0.611450
29304 -0.618530
29305 -0.616943
29306 -0.607666
29307 -0.630737
29308 -0.617188
29309 -0.621094
29310 -0.624146
29311 -0.625366
29312 -0.626465
29313 -0.630859
29314 -0.623169
29315 -0.633789
29316 -0.627930
29317 -0.618164
29318 -0.610596
29319 -0.627319
29320 -0.628174
29321 -0.623291
29322 -0.617188
29323 -0.620361
29324 -0.631104
29325 -0.624023
29326 -0.623657
29327 -0.621704
29328 -0.644653
29329 -0.652100
29330 -0.623901
29331 -0.621216
29332 -0.614502
29333 -0.601929
29334 -0.587646
29335 -0.591187
29336 -0.599121
29337 -0.594604
29338 -0.599121
29339 -0.585693
29340 -0.580322
29341 -0.592651
29342 -0.603516
29343 -0.615234
29344 -0.602539
29345 -0.599854
29346 -0.605103
29347 -0.611450
29348 -0.613281
29349 -0.616699
29350 -0.621094
29351 -0.617920
29352 -0.607788
29353 -0.621826
29354 -0.618896
29355 -0.601318
29356 -0.603882
29357 -0.621338
29358 -0.616821
29359 -0.618896
29360 -0.624756
29361 -0.618530
29362 -0.632446
29363 -0.638184
29364 -0.652832
29365 -0.651978
29366 -0.652954
29367 -0.657227
29368 -0.669800
29369 -0.682495
29370 -0.686646
29371 -0.677856
29372 -0.668335
29373 -0.669800
29374 -0.669067
29375 -0.666138
29376 -0.686401
29377 -0.675659
29378 -0.702026
29379 -0.695923
29380 -0.677368
29381 -0.648804
29382 -0.670410
29383 -0.692383
29384 -0.695923
29385 -0.692627
29386 -0.674194
29387 -0.689087
29388 -0.703613
29389 -0.701782
29390 -0.685425
29391 -0.690552
29392 -0.691040
29393 -0.693848
29394 -0.709595
29395 -0.697144
29396 -0.704834
29397 -0.706787
29398 -0.687744
29399 -0.683594
29400 -0.684692
29401 -0.686890
29402 -0.685181
29403 -0.691895
29404 -0.684692
29405 -0.687256
29406 -0.678711
29407 -0.669067
29408 -0.665405
29409 -0.666992
29410 -0.677246
29411 -0.688599
29412 -0.683838
29413 -0.687500
29414 -0.676025
29415 -0.666870
29416 -0.667114
29417 -0.676636
29418 -0.681274
29419 -0.658813
29420 -0.671753
29421 -0.656372
29422 -0.666992
29423 -0.676514
29424 -0.671875
29425 -0.663818
29426 -0.654419
29427 -0.653931
29428 -0.653809
29429 -0.657227
29430 -0.679932
29431 -0.685425
29432 -0.681274
29433 -0.674316
29434 -0.678345
29435 -0.699463
29436 -0.685913
29437 -0.688721
29438 -0.695313
29439 -0.703857
29440 -0.692139
29441 -0.706665
29442 -0.708252
29443 -0.701294
29444 -0.701416
29445 -0.692871
29446 -0.676880
29447 -0.664795
29448 -0.662354
29449 -0.652344
29450 -0.653320
29451 -0.651855
29452 -0.653076
29453 -0.639526
29454 -0.642700
29455 -0.625122
29456 -0.636841
29457 -0.646484
29458 -0.653076
29459 -0.663086
29460 -0.663696
29461 -0.682739
29462 -0.660889
29463 -0.675171
29464 -0.674927
29465 -0.671143
29466 -0.680420
29467 -0.678467
29468 -0.674072
29469 -0.677124
29470 -0.677734
29471 -0.683716
29472 -0.680054
29473 -0.689087
29474 -0.680420
29475 -0.685547
29476 -0.657227
29477 -0.665649
29478 -0.641724
29479 -0.651123
29480 -0.640991
29481 -0.640381
29482 -0.657837
29483 -0.645020
29484 -0.649170
29485 -0.656982
29486 -0.667725
29487 -0.670654
29488 -0.675415
29489 -0.671509
29490 -0.658813
29491 -0.657959
29492 -0.661011
29493 -0.665161
29494 -0.691772
29495 -0.686523
29496 -0.692871
29497 -0.695313
29498 -0.673828
29499 -0.683960
29500 -0.681641
29501 -0.675903
29502 -0.686646
29503 -0.678101
29504 -0.678955
29505 -0.666138
29506 -0.665405
29507 -0.658325
29508 -0.656128
29509 -0.659912
29510 -0.672974
29511 -0.657837
29512 -0.666748
29513 -0.665039
29514 -0.673950
29515 -0.688232
29516 -0.685425
29517 -0.685181
29518 -0.700317
29519 -0.690796
29520 -0.701050
29521 -0.711426
29522 -0.725220
29523 -0.728760
29524 -0.715942
29525 -0.712402
29526 -0.712769
29527 -0.739624
29528 -0.749756
29529 -0.731079
29530 -0.738770
29531 -0.729126
29532 -0.731201
29533 -0.721558
29534 -0.715088
29535 -0.724976
29536 -0.734863
29537 -0.736938
29538 -0.732544
29539 -0.732056
29540 -0.745483
29541 -0.746460
29542 -0.751587
29543 -0.766724
29544 -0.749023
29545 -0.750488
29546 -0.742432
29547 -0.730225
29548 -0.729736
29549 -0.724121
29550 -0.716431
29551 -0.720703
29552 -0.717651
29553 -0.706421
29554 -0.704102
29555 -0.691040
29556 -0.692993
29557 -0.680054
29558 -0.677979
29559 -0.679810
29560 -0.700684
29561 -0.701172
29562 -0.696777
29563 -0.680908
29564 -0.670532
29565 -0.654663
29566 -0.655273
29567 -0.656372
29568 -0.661743
29569 -0.657715
29570 -0.648682
29571 -0.652222
29572 -0.666260
29573 -0.671509
29574 -0.689087
29575 -0.679810
29576 -0.680176
29577 -0.684692
29578 -0.682983
29579 -0.700562
29580 -0.710449
29581 -0.687500
29582 -0.699341
29583 -0.700562
29584 -0.707520
29585 -0.704468
29586 -0.709717
29587 -0.704468
29588 -0.682251
29589 -0.663086
29590 -0.682129
29591 -0.668945
29592 -0.679688
29593 -0.673584
29594 -0.651855
29595 -0.679199
29596 -0.670532
29597 -0.675659
29598 -0.678589
29599 -0.698364
29600 -0.702881
29601 -0.692139
29602 -0.696777
29603 -0.693970
29604 -0.708252
29605 -0.714966
29606 -0.712524
29607 -0.720459
29608 -0.698608
29609 -0.691040
29610 -0.709229
29611 -0.717163
29612 -0.705811
29613 -0.707642
29614 -0.708618
29615 -0.696045
29616 -0.685791
29617 -0.698486
29618 -0.686523
29619 -0.686646
29620 -0.681641
29621 -0.680176
29622 -0.698853
29623 -0.712036
29624 -0.713257
29625 -0.700195
29626 -0.715210
29627 -0.715576
29628 -0.708740
29629 -0.701538
29630 -0.696411
29631 -0.696411
29632 -0.717407
29633 -0.702148
29634 -0.705444
29635 -0.707031
29636 -0.702515
29637 -0.697266
29638 -0.666870
29639 -0.661011
29640 -0.672119
29641 -0.670654
29642 -0.681519
29643 -0.687012
29644 -0.679443
29645 -0.674927
29646 -0.664063
29647 -0.682373
29648 -0.683594
29649 -0.693848
29650 -0.682739
29651 -0.676636
29652 -0.689453
29653 -0.687988
29654 -0.673584
29655 -0.670776
29656 -0.637207
29657 -0.643188
29658 -0.652466
29659 -0.626465
29660 -0.635620
29661 -0.649536
29662 -0.646118
29663 -0.643066
29664 -0.644287
29665 -0.640625
29666 -0.632813
29667 -0.640625
29668 -0.623779
29669 -0.626953
29670 -0.625732
29671 -0.635986
29672 -0.625000
29673 -0.622681
29674 -0.625244
29675 -0.630005
29676 -0.621948
29677 -0.643921
29678 -0.659424
29679 -0.640381
29680 -0.643188
29681 -0.651978
29682 -0.637695
29683 -0.657837
29684 -0.659790
29685 -0.672974
29686 -0.671021
29687 -0.672241
29688 -0.666992
29689 -0.661987
29690 -0.681519
29691 -0.676147
29692 -0.650757
29693 -0.628296
29694 -0.653687
29695 -0.654175
29696 -0.664185
29697 -0.648438
29698 -0.650391
29699 -0.647827
29700 -0.653198
29701 -0.647339
29702 -0.652954
29703 -0.657471
29704 -0.644775
29705 -0.670776
29706 -0.655151
29707 -0.652222
29708 -0.658447
29709 -0.648315
29710 -0.641357
29711 -0.639038
29712 -0.635498
29713 -0.620850
29714 -0.629395
29715 -0.627808
29716 -0.617065
29717 -0.621948
29718 -0.637695
29719 -0.635010
29720 -0.647461
29721 -0.646606
29722 -0.644775
29723 -0.625244
29724 -0.631226
29725 -0.645142
29726 -0.663208
29727 -0.658447
29728 -0.654297
29729 -0.652588
29730 -0.661621
29731 -0.653442
29732 -0.653076
29733 -0.658081
29734 -0.654175
29735 -0.653198
29736 -0.668945
29737 -0.665039
29738 -0.681152
29739 -0.663940
29740 -0.656982
29741 -0.654907
29742 -0.637085
29743 -0.643311
29744 -0.660278
29745 -0.672485
29746 -0.678589
29747 -0.677002
29748 -0.672974
29749 -0.668213
29750 -0.670410
29751 -0.664673
29752 -0.681152
29753 -0.672485
29754 -0.651611
29755 -0.648682
29756 -0.649292
29757 -0.653076
29758 -0.661133
29759 -0.670532
29760 -0.660767
29761 -0.672119
29762 -0.686523
29763 -0.680786
29764 -0.683594
29765 -0.681763
29766 -0.672485
29767 -0.691772
29768 -0.694702
29769 -0.679199
29770 -0.685791
29771 -0.690796
29772 -0.689941
29773 -0.684448
29774 -0.679077
29775 -0.696655
29776 -0.711426
29777 -0.708984
29778 -0.720947
29779 -0.724487
29780 -0.741089
29781 -0.736206
29782 -0.733887
29783 -0.736816
29784 -0.719238
29785 -0.709961
29786 -0.708740
29787 -0.695801
29788 -0.702881
29789 -0.703247
29790 -0.703613
29791 -0.703369
29792 -0.683228
29793 -0.681641
29794 -0.693481
29795 -0.705078
29796 -0.704102
29797 -0.683228
29798 -0.687134
29799 -0.695557
29800 -0.713379
29801 -0.711060
29802 -0.702026
29803 -0.716187
29804 -0.725098
29805 -0.713989
29806 -0.705444
29807 -0.702271
29808 -0.683228
29809 -0.690674
29810 -0.683472
29811 -0.692871
29812 -0.702148
29813 -0.708496
29814 -0.689331
29815 -0.697632
29816 -0.700073
29817 -0.708130
29818 -0.705200
29819 -0.700684
29820 -0.684082
29821 -0.684814
29822 -0.679321
29823 -0.681519
29824 -0.678589
29825 -0.683350
29826 -0.663818
29827 -0.677856
29828 -0.671143
29829 -0.668457
29830 -0.667725
29831 -0.674683
29832 -0.683350
29833 -0.672974
29834 -0.664551
29835 -0.673096
29836 -0.677979
29837 -0.693237
29838 -0.685791
29839 -0.697021
29840 -0.699097
29841 -0.703003
29842 -0.691040
29843 -0.715698
29844 -0.713867
29845 -0.701416
29846 -0.717041
29847 -0.714478
29848 -0.731201
29849 -0.736328
29850 -0.733521
29851 -0.727539
29852 -0.713013
29853 -0.711670
29854 -0.684692
29855 -0.706055
29856 -0.703857
29857 -0.704590
29858 -0.711182
29859 -0.717773
29860 -0.727173
29861 -0.743042
29862 -0.737427
29863 -0.743652
29864 -0.741089
29865 -0.722412
29866 -0.708984
29867 -0.730103
29868 -0.734131
29869 -0.738892
29870 -0.750122
29871 -0.744385
29872 -0.728149
29873 -0.734619
29874 -0.742676
29875 -0.746338
29876 -0.732056
29877 -0.743896
29878 -0.739868
29879 -0.733521
29880 -0.712158
29881 -0.730591
29882 -0.710327
29883 -0.738892
29884 -0.740356
29885 -0.742188
29886 -0.751953
29887 -0.746582
29888 -0.759644
29889 -0.752930
29890 -0.740967
29891 -0.746582
29892 -0.766235
29893 -0.754639
29894 -0.738281
29895 -0.739746
29896 -0.740845
29897 -0.754761
29898 -0.751343
29899 -0.756958
29900 -0.749634
29901 -0.769775
29902 -0.748535
29903 -0.741699
29904 -0.740234
29905 -0.757935
29906 -0.755981
29907 -0.761963
29908 -0.768555
29909 -0.768433
29910 -0.764282
29911 -0.746582
29912 -0.740356
29913 -0.743774
29914 -0.751465
29915 -0.756348
29916 -0.743774
29917 -0.748047
29918 -0.774536
29919 -0.760254
29920 -0.773682
29921 -0.768188
29922 -0.753296
29923 -0.755493
29924 -0.749268
29925 -0.737793
29926 -0.734985
29927 -0.736206
29928 -0.727783
29929 -0.725464
29930 -0.753418
29931 -0.738770
29932 -0.719971
29933 -0.720215
29934 -0.714111
29935 -0.732788
29936 -0.721069
29937 -0.700806
29938 -0.695557
29939 -0.684814
29940 -0.691528
29941 -0.703247
29942 -0.693115
29943 -0.688354
29944 -0.701904
29945 -0.714111
29946 -0.713867
29947 -0.727783
29948 -0.712769
29949 -0.716187
29950 -0.709351
29951 -0.709595
29952 -0.716431
29953 -0.719116
29954 -0.706299
29955 -0.718872
29956 -0.698120
29957 -0.696533
29958 -0.693726
29959 -0.692871
29960 -0.709717
29961 -0.713379
29962 -0.712646
29963 -0.717529
29964 -0.718994
29965 -0.712036
29966 -0.713013
29967 -0.722534
29968 -0.714478
29969 -0.698853
29970 -0.687988
29971 -0.703125
29972 -0.716919
29973 -0.710938
29974 -0.709473
29975 -0.701660
29976 -0.693970
29977 -0.687866
29978 -0.689087
29979 -0.690918
29980 -0.677734
29981 -0.678955
29982 -0.689331
29983 -0.701538
29984 -0.690552
29985 -0.682007
29986 -0.668579
29987 -0.650391
29988 -0.656616
29989 -0.648804
29990 -0.645508
29991 -0.667358
29992 -0.673096
29993 -0.674438
29994 -0.674316
29995 -0.670044
29996 -0.685913
29997 -0.685059
29998 -0.688843
29999 -0.671509
